0,2019/11/19 16:51:10.400,58.79982,0.138302,307.1912,1,0
1,2019/11/19 16:51:10.449,58.81936,-0.07753163,307.1978,1,0
2,2019/11/19 16:51:10.509,58.85533,-0.3024601,307.1465,1,0
3,2019/11/19 16:51:10.559,58.86839,-0.4924683,307.075,1,0
4,2019/11/19 16:51:10.610,58.82056,-0.5782684,307.0493,1,0
5,2019/11/19 16:51:10.657,58.79478,-0.6111603,307.0808,1,0
6,2019/11/19 16:51:10.696,58.7918,-0.6266901,307.1784,1,0
7,2019/11/19 16:51:10.737,58.82427,-0.6236866,307.2067,1,0
8,2019/11/19 16:51:10.795,58.97877,-0.6944374,307.6691,1,0
9,2019/11/19 16:51:10.850,59.01204,-0.6849876,307.7201,1,0
10,2019/11/19 16:51:10.904,59.10347,-0.6250793,307.717,1,0
11,2019/11/19 16:51:10.948,60.58646,0.6825299,310.5307,1,0
12,2019/11/19 16:51:10.988,67.48781,8.449693,315.9459,1,0
13,2019/11/19 16:51:11.33,72.40227,12.8716,320.7415,1,0
14,2019/11/19 16:51:11.83,83.67365,20.17219,332.1055,1,0
15,2019/11/19 16:51:11.130,87.61232,21.80857,336.5129,1,0
16,2019/11/19 16:51:11.170,91.53835,22.81364,341.0354,1,0
17,2019/11/19 16:51:11.215,100.5326,26.87439,349.1767,1,0
18,2019/11/19 16:51:11.255,103.8767,29.1498,350.6805,1,0
19,2019/11/19 16:51:11.312,108.5402,31.48942,353.9742,1,0
20,2019/11/19 16:51:11.363,110.6556,33.62477,353.981,1,0
21,2019/11/19 16:51:11.413,116.7126,39.09616,355.3471,1,0
22,2019/11/19 16:51:11.481,126.4705,41.42463,359.6324,1,0
23,2019/11/19 16:51:11.554,133.7867,42.7868,365.1347,1,0
24,2019/11/19 16:51:11.609,147.8071,48.37396,373.3326,1,0
25,2019/11/19 16:51:11.667,156.7688,54.93198,378.074,1,0
26,2019/11/19 16:51:11.741,158.2788,58.06517,377.8225,1,0
27,2019/11/19 16:51:11.821,157.0478,57.64278,377.4517,1,0
28,2019/11/19 16:51:11.880,152.2961,53.86641,374.8715,1,0
29,2019/11/19 16:51:11.951,147.7643,51.44775,371.2615,1,0
30,2019/11/19 16:51:12.21,137.6196,47.83339,365.4149,1,0
31,2019/11/19 16:51:12.73,117.2141,40.15263,357.6217,1,0
32,2019/11/19 16:51:12.143,85.23076,18.62727,344.0982,1,0
33,2019/11/19 16:51:12.197,71.65196,5.514772,341.0061,1,0
34,2019/11/19 16:51:12.267,70.85368,3.84498,344.1564,1,0
35,2019/11/19 16:51:12.325,70.86934,2.459645,344.6361,1,0
36,2019/11/19 16:51:12.377,70.87245,0.6459962,344.4771,1,0
37,2019/11/19 16:51:12.428,73.7495,3.252777,346.0295,1,0
38,2019/11/19 16:51:12.523,86.54469,20.0243,348.0606,1,0
39,2019/11/19 16:51:12.580,109.693,48.69933,345.2356,1,0
40,2019/11/19 16:51:12.631,131.2743,74.17343,342.5441,1,0
41,2019/11/19 16:51:12.700,143.2038,89.74294,336.8358,1,0
42,2019/11/19 16:51:12.752,145.0185,94.29128,334.5065,1,0
43,2019/11/19 16:51:12.812,136.6963,88.58438,334.0404,1,0
44,2019/11/19 16:51:12.873,132.4006,86.29495,333.3705,1,0
45,2019/11/19 16:51:12.942,119.335,40.59372,347.3393,1,0
46,2019/11/19 16:51:12.994,70.67383,0.6447424,334.5788,1,0
47,2019/11/19 16:51:13.48,72.83577,4.89365,337.5453,1,0
48,2019/11/19 16:51:13.104,76.17776,12.98164,338.5444,1,0
49,2019/11/19 16:51:13.182,91.40704,42.60905,339.9109,1,0
50,2019/11/19 16:51:13.241,113.7809,76.79163,337.6606,1,0
51,2019/11/19 16:51:13.295,134.7948,102.0886,334.532,1,0
52,2019/11/19 16:51:13.355,141.7833,110.443,331.5497,1,0
53,2019/11/19 16:51:13.427,130.318,98.91473,333.0003,1,0
54,2019/11/19 16:51:13.485,124.5929,92.78152,333.5427,1,0
55,2019/11/19 16:51:13.548,129.4014,48.06141,378.6519,1,0
56,2019/11/19 16:51:13.641,129.4014,48.06141,378.6519,1,0
57,2019/11/19 16:51:13.722,71.83961,4.90194,339.8372,1,0
58,2019/11/19 16:51:13.782,73.15512,15.46318,337.0233,1,0
59,2019/11/19 16:51:13.851,73.15512,15.46318,337.0233,1,0
60,2019/11/19 16:51:13.910,73.15512,15.46318,337.0233,1,0
61,2019/11/19 16:51:13.961,73.15512,15.46318,337.0233,1,0
62,2019/11/19 16:51:14.23,140.9144,104.6298,328.5683,1,0
63,2019/11/19 16:51:14.90,140.9144,104.6298,328.5683,1,0
64,2019/11/19 16:51:14.146,140.9144,104.6298,328.5683,1,0
65,2019/11/19 16:51:14.197,140.9144,104.6298,328.5683,1,0
66,2019/11/19 16:51:14.262,75.6494,17.3334,339.0561,1,0
67,2019/11/19 16:51:14.326,70.05878,6.718203,338.2451,1,0
68,2019/11/19 16:51:14.402,70.74402,13.32303,338.4272,1,0
69,2019/11/19 16:51:14.462,82.1713,36.21245,338.9677,1,0
70,2019/11/19 16:51:14.524,100.9168,66.38647,335.0119,1,0
71,2019/11/19 16:51:14.593,100.9168,66.38647,335.0119,1,0
72,2019/11/19 16:51:14.665,100.9168,66.38647,335.0119,1,0
73,2019/11/19 16:51:14.728,100.9168,66.38647,335.0119,1,0
74,2019/11/19 16:51:14.781,100.9168,66.38647,335.0119,1,0
75,2019/11/19 16:51:14.873,73.5256,23.26817,332.5124,1,0
76,2019/11/19 16:51:14.962,74.83545,24.51729,332.493,1,0
77,2019/11/19 16:51:14.990,75.507,24.26126,333.2001,1,0
78,2019/11/19 16:51:15.19,74.18994,16.23158,333.593,1,0
79,2019/11/19 16:51:15.43,75.19926,15.14526,335.4871,1,0
80,2019/11/19 16:51:15.80,75.55,13.85865,336.8748,1,0
81,2019/11/19 16:51:15.122,75.659,13.19827,337.4965,1,0
82,2019/11/19 16:51:15.169,75.7819,13.25404,337.4474,1,0
83,2019/11/19 16:51:15.228,75.57442,13.15735,337.1758,1,0
84,2019/11/19 16:51:15.292,75.2859,13.02358,336.9575,1,0
85,2019/11/19 16:51:15.365,75.30785,13.01459,336.8646,1,0
86,2019/11/19 16:51:15.423,75.19717,12.77738,336.8212,1,0
87,2019/11/19 16:51:15.488,75.22852,12.71799,336.7145,1,0
88,2019/11/19 16:51:15.556,75.03984,12.64385,336.3582,1,0
89,2019/11/19 16:51:15.634,74.94096,12.32855,336.5436,1,0
90,2019/11/19 16:51:15.694,74.77771,12.35249,336.2128,1,0
91,2019/11/19 16:51:15.758,74.3487,12.19535,335.5916,1,0
92,2019/11/19 16:51:15.831,74.4848,12.22254,336.062,1,0
93,2019/11/19 16:51:15.892,74.44605,12.24357,336.1138,1,0
94,2019/11/19 16:51:15.952,74.29839,12.24117,336.1056,1,0
95,2019/11/19 16:51:16.11,74.39862,12.35751,336.1015,1,0
96,2019/11/19 16:51:16.88,74.42114,12.83293,335.6803,1,0
97,2019/11/19 16:51:16.149,78.29747,21.25002,335.5126,1,0
98,2019/11/19 16:51:16.218,80.13569,31.43145,330.9565,1,0
99,2019/11/19 16:51:16.293,79.93703,35.9103,328.3499,1,0
100,2019/11/19 16:51:16.355,82.11788,46.42792,326.9984,1,0
101,2019/11/19 16:51:16.413,85.85176,60.10217,327.2203,1,0
102,2019/11/19 16:51:16.475,87.3174,66.79103,326.3107,1,0
103,2019/11/19 16:51:16.560,88.48529,71.18007,325.721,1,0
104,2019/11/19 16:51:16.651,89.00639,72.59667,325.4824,1,0
105,2019/11/19 16:51:16.712,89.10974,72.18522,325.4418,1,0
106,2019/11/19 16:51:16.787,89.10908,71.55835,325.2012,1,0
107,2019/11/19 16:51:16.848,89.23079,71.52979,325.4041,1,0
108,2019/11/19 16:51:16.908,89.3834,71.73311,325.5305,1,0
109,2019/11/19 16:51:16.975,89.35758,71.84472,325.6688,1,0
110,2019/11/19 16:51:17.51,89.21632,71.73285,325.5537,1,0
111,2019/11/19 16:51:17.127,89.09644,71.06681,325.3218,1,0
112,2019/11/19 16:51:17.189,88.4361,68.88092,325.5542,1,0
113,2019/11/19 16:51:17.267,81.32902,47.49368,327.1198,1,0
114,2019/11/19 16:51:17.327,76.83308,31.88913,328.475,1,0
115,2019/11/19 16:51:17.392,75.1019,22.5479,329.5352,1,0
116,2019/11/19 16:51:17.472,75.5929,21.7277,329.8777,1,0
117,2019/11/19 16:51:17.549,75.15507,22.31393,330.2626,1,0
118,2019/11/19 16:51:17.627,74.65305,23.01341,329.5555,1,0
119,2019/11/19 16:51:17.700,74.57969,22.99981,329.5852,1,0
120,2019/11/19 16:51:17.759,74.75608,22.75828,329.3417,1,0
121,2019/11/19 16:51:17.825,74.87285,22.4736,329.5194,1,0
122,2019/11/19 16:51:17.884,74.78391,22.36254,329.4151,1,0
123,2019/11/19 16:51:17.958,74.38746,22.94773,329.1349,1,0
124,2019/11/19 16:51:18.21,73.91609,24.03339,328.8304,1,0
125,2019/11/19 16:51:18.84,73.24409,27.4599,328.4724,1,0
126,2019/11/19 16:51:18.148,74.28943,37.58951,328.8257,1,0
127,2019/11/19 16:51:18.228,76.1839,50.00076,330.0789,1,0
128,2019/11/19 16:51:18.308,77.54444,59.69137,330.3673,1,0
129,2019/11/19 16:51:18.371,77.04838,63.90338,329.2687,1,0
130,2019/11/19 16:51:18.448,76.0157,64.6086,327.3088,1,0
131,2019/11/19 16:51:18.519,75.82888,64.06153,326.8518,1,0
132,2019/11/19 16:51:18.592,75.58439,62.68395,326.3442,1,0
133,2019/11/19 16:51:18.671,75.9047,62.1419,327.205,1,0
134,2019/11/19 16:51:18.734,76.20961,62.82756,328.4455,1,0
135,2019/11/19 16:51:18.794,76.24029,64.19642,328.008,1,0
136,2019/11/19 16:51:18.871,75.92558,63.35052,326.9413,1,0
137,2019/11/19 16:51:18.932,75.23288,60.41534,327.3216,1,0
138,2019/11/19 16:51:18.994,73.02525,49.46799,327.3761,1,0
139,2019/11/19 16:51:19.61,69.78868,31.70584,325.1356,1,0
140,2019/11/19 16:51:19.146,68.4308,22.5545,324.9265,1,0
141,2019/11/19 16:51:19.222,72.69299,25.67912,329.6455,1,0
142,2019/11/19 16:51:19.296,69.50037,22.92982,326.4493,1,0
143,2019/11/19 16:51:19.373,70.6216,22.0125,328.669,1,0
144,2019/11/19 16:51:19.433,71.83936,22.20196,329.1903,1,0
145,2019/11/19 16:51:19.495,72.60953,21.91092,329.7101,1,0
146,2019/11/19 16:51:19.555,72.79823,21.52225,330.5385,1,0
147,2019/11/19 16:51:19.632,72.40044,21.3455,329.6761,1,0
148,2019/11/19 16:51:19.695,72.36383,21.22012,329.146,1,0
149,2019/11/19 16:51:19.763,72.75879,20.85385,328.7519,1,0
150,2019/11/19 16:51:19.838,73.3578,21.93869,329.1379,1,0
151,2019/11/19 16:51:19.910,73.14584,26.53431,329.9294,1,0
152,2019/11/19 16:51:19.993,69.47351,29.8127,327.6743,1,0
153,2019/11/19 16:51:20.75,73.63493,48.39068,327.5912,1,0
154,2019/11/19 16:51:20.140,76.84557,60.81269,330.583,1,0
155,2019/11/19 16:51:20.208,78.51038,74.12518,331.91,1,0
156,2019/11/19 16:51:20.292,78.06031,78.07866,331.6201,1,0
157,2019/11/19 16:51:20.364,77.31367,78.26289,331.0648,1,0
158,2019/11/19 16:51:20.430,76.86423,76.38068,330.7639,1,0
159,2019/11/19 16:51:20.505,77.27319,75.37621,331.319,1,0
160,2019/11/19 16:51:20.570,77.82359,75.93484,332.1692,1,0
161,2019/11/19 16:51:20.635,77.96864,76.0725,332.358,1,0
162,2019/11/19 16:51:20.727,77.07868,74.69226,331.497,1,0
163,2019/11/19 16:51:20.794,76.00443,72.47285,330.8039,1,0
164,2019/11/19 16:51:20.865,75.09541,69.57193,330.2647,1,0
165,2019/11/19 16:51:20.944,73.0581,60.51027,330.6607,1,0
166,2019/11/19 16:51:21.8,71.28798,52.35672,330.5378,1,0
167,2019/11/19 16:51:21.71,69.90984,45.13907,329.7049,1,0
168,2019/11/19 16:51:21.154,69.49515,42.02278,329.2688,1,0
169,2019/11/19 16:51:21.233,69.92991,43.98923,330.198,1,0
170,2019/11/19 16:51:21.304,70.16872,48.84805,331.4346,1,0
171,2019/11/19 16:51:21.380,70.89313,57.83349,331.7891,1,0
172,2019/11/19 16:51:21.442,70.7852,61.05382,331.0217,1,0
173,2019/11/19 16:51:21.504,70.44211,62.03271,329.7819,1,0
174,2019/11/19 16:51:21.572,70.40814,62.10927,328.9057,1,0
175,2019/11/19 16:51:21.657,70.44687,62.00763,328.4714,1,0
176,2019/11/19 16:51:21.742,70.3156,62.09398,328.3929,1,0
177,2019/11/19 16:51:21.803,70.31156,62.70044,328.4546,1,0
178,2019/11/19 16:51:21.876,70.34302,63.75769,328.5104,1,0
179,2019/11/19 16:51:21.943,70.29472,63.51213,328.3359,1,0
180,2019/11/19 16:51:22.4,70.11421,59.96423,328.3286,1,0
181,2019/11/19 16:51:22.68,68.62885,49.95995,327.6173,1,0
182,2019/11/19 16:51:22.151,66.17101,35.96892,325.9474,1,0
183,2019/11/19 16:51:22.221,63.96099,22.88368,324.9972,1,0
184,2019/11/19 16:51:22.295,66.77668,25.49221,325.7661,1,0
185,2019/11/19 16:51:22.384,64.45003,22.60909,323.2261,1,0
186,2019/11/19 16:51:22.538,65.35977,23.09261,323.6622,1,0
187,2019/11/19 16:51:22.585,65.6478,23.23951,324.4853,1,0
188,2019/11/19 16:51:22.623,65.19855,23.04554,324.1868,1,0
189,2019/11/19 16:51:22.684,65.09908,23.28194,324.253,1,0
190,2019/11/19 16:51:22.756,65.02423,23.14232,324.2806,1,0
191,2019/11/19 16:51:22.833,65.08607,23.11221,324.1049,1,0
192,2019/11/19 16:51:22.896,65.01638,23.30831,323.8787,1,0
193,2019/11/19 16:51:22.971,64.89617,23.69793,324.0011,1,0
194,2019/11/19 16:51:23.48,63.92259,27.29277,326.2036,1,0
195,2019/11/19 16:51:23.109,66.10448,38.39497,329.1221,1,0
196,2019/11/19 16:51:23.174,69.01993,52.33513,334.252,1,0
197,2019/11/19 16:51:23.259,70.08914,65.34203,338.8925,1,0
198,2019/11/19 16:51:23.323,70.81716,77.53954,342.5863,1,0
199,2019/11/19 16:51:23.394,72.34026,91.07098,346.0499,1,0
200,2019/11/19 16:51:23.498,72.73128,95.53938,345.8661,1,0
201,2019/11/19 16:51:23.583,72.66061,96.84156,344.5841,1,0
202,2019/11/19 16:51:23.661,72.69579,96.36425,343.9227,1,0
203,2019/11/19 16:51:23.745,72.74568,95.68664,342.9243,1,0
204,2019/11/19 16:51:23.812,72.77161,96.66674,342.5061,1,0
205,2019/11/19 16:51:23.875,72.75059,97.71765,342.3415,1,0
206,2019/11/19 16:51:23.953,72.74791,98.84248,342.2863,1,0
207,2019/11/19 16:51:24.22,72.43394,98.34349,341.1973,1,0
208,2019/11/19 16:51:24.88,71.14777,91.67429,337.9607,1,0
209,2019/11/19 16:51:24.172,65.05787,59.42448,330.4981,1,0
210,2019/11/19 16:51:24.244,62.37772,35.92877,326.2425,1,0
211,2019/11/19 16:51:24.312,61.01561,16.95733,325.3993,1,0
212,2019/11/19 16:51:24.396,63.14233,19.8056,325.2115,1,0
213,2019/11/19 16:51:24.469,59.03416,17.10093,324.507,1,0
214,2019/11/19 16:51:24.541,59.04354,17.90291,323.681,1,0
215,2019/11/19 16:51:24.621,59.39441,17.86875,324.2526,1,0
216,2019/11/19 16:51:24.689,59.72722,17.69904,324.66,1,0
217,2019/11/19 16:51:24.756,60.00192,17.55674,325.5946,1,0
218,2019/11/19 16:51:24.845,59.49873,17.35737,326.0748,1,0
219,2019/11/19 16:51:24.911,59.64751,17.72161,326.2397,1,0
220,2019/11/19 16:51:24.974,60.01156,18.47069,326.9787,1,0
221,2019/11/19 16:51:25.54,58.16315,22.1127,330.6322,1,0
222,2019/11/19 16:51:25.117,59.2874,36.2494,332.4279,1,0
223,2019/11/19 16:51:25.180,60.65403,54.96703,335.8984,1,0
224,2019/11/19 16:51:25.282,59.84452,71.36983,338.6599,1,0
225,2019/11/19 16:51:25.352,59.40314,83.3026,340.2147,1,0
226,2019/11/19 16:51:25.428,58.84638,89.46627,341.8333,1,0
227,2019/11/19 16:51:25.510,59.19068,90.44357,341.4396,1,0
228,2019/11/19 16:51:25.574,58.87705,85.9315,340.9167,1,0
229,2019/11/19 16:51:25.638,58.81177,82.64825,341.641,1,0
230,2019/11/19 16:51:25.722,60.18712,84.71995,342.4793,1,0
231,2019/11/19 16:51:25.790,61.20047,88.28329,342.3008,1,0
232,2019/11/19 16:51:25.853,61.82968,90.93359,341.8369,1,0
233,2019/11/19 16:51:25.931,60.82266,87.08316,339.6932,1,0
234,2019/11/19 16:51:25.994,57.51496,67.92953,334.1824,1,0
235,2019/11/19 16:51:26.59,49.46631,27.44342,324.9026,1,0
236,2019/11/19 16:51:26.156,58.21363,17.81391,364.404,1,0
237,2019/11/19 16:51:26.235,47.14813,15.71518,335.5471,1,0
238,2019/11/19 16:51:26.317,44.04901,13.02861,335.4548,1,0
239,2019/11/19 16:51:26.393,43.98108,10.16819,336.8108,1,0
240,2019/11/19 16:51:26.456,44.79896,11.14839,335.3454,1,0
241,2019/11/19 16:51:26.523,45.2279,11.40329,335.6936,1,0
242,2019/11/19 16:51:26.597,45.50132,11.54186,335.9985,1,0
243,2019/11/19 16:51:26.659,45.72685,11.58828,336.4119,1,0
244,2019/11/19 16:51:26.722,45.68107,11.68206,336.054,1,0
245,2019/11/19 16:51:26.800,45.73495,11.86652,336.0519,1,0
246,2019/11/19 16:51:26.865,45.69333,11.8136,336.0575,1,0
247,2019/11/19 16:51:26.930,45.58512,11.6745,335.8863,1,0
248,2019/11/19 16:51:27.25,45.31017,12.23832,335.8027,1,0
249,2019/11/19 16:51:27.94,44.52711,23.52345,336.6494,1,0
250,2019/11/19 16:51:27.166,99.03345,-46.923,293.8626,1,0
251,2019/11/19 16:51:27.252,48.75224,89.84843,342.8227,1,0
252,2019/11/19 16:51:27.320,41.13901,84.59249,339.5217,1,0
253,2019/11/19 16:51:27.382,41.45412,81.54012,337.987,1,0
254,2019/11/19 16:51:27.465,42.47514,78.22946,340.4387,1,0
255,2019/11/19 16:51:27.539,41.97334,75.73973,340.3222,1,0
256,2019/11/19 16:51:27.611,42.32811,76.37404,340.3514,1,0
257,2019/11/19 16:51:27.692,42.06348,77.7023,340.6198,1,0
258,2019/11/19 16:51:27.757,41.7375,78.03706,340.0271,1,0
259,2019/11/19 16:51:27.824,42.06627,78.41991,339.5619,1,0
260,2019/11/19 16:51:27.907,41.96112,77.79823,339.9154,1,0
261,2019/11/19 16:51:27.972,41.65315,77.09354,339.8903,1,0
262,2019/11/19 16:51:28.48,41.18502,76.79,339.2722,1,0
263,2019/11/19 16:51:28.126,40.49409,76.84474,338.3402,1,0
264,2019/11/19 16:51:28.188,40.38575,76.683,338.4061,1,0
265,2019/11/19 16:51:28.252,40.87664,75.17879,338.3321,1,0
266,2019/11/19 16:51:28.333,42.42741,67.37464,337.7578,1,0
267,2019/11/19 16:51:28.397,44.46196,47.82979,332.3502,1,0
268,2019/11/19 16:51:28.462,46.02409,22.51414,328.2503,1,0
269,2019/11/19 16:51:28.539,55.09978,21.10025,334.9476,1,0
270,2019/11/19 16:51:28.614,51.28413,15.89092,333.383,1,0
271,2019/11/19 16:51:28.695,51.53699,18.45589,330.4123,1,0
272,2019/11/19 16:51:28.796,51.50435,17.48641,331.5678,1,0
273,2019/11/19 16:51:28.861,52.10787,17.37351,331.7585,1,0
274,2019/11/19 16:51:28.921,52.91526,16.89693,331.6183,1,0
275,2019/11/19 16:51:28.999,55.69682,15.27335,338.5563,1,0
276,2019/11/19 16:51:29.61,56.71407,13.44656,342.4989,1,0
277,2019/11/19 16:51:29.133,56.52607,13.85965,341.8431,1,0
278,2019/11/19 16:51:29.208,55.2835,15.60821,337.3286,1,0
279,2019/11/19 16:51:29.271,55.0827,15.65682,336.6888,1,0
280,2019/11/19 16:51:29.332,55.50455,15.49947,337.0488,1,0
281,2019/11/19 16:51:29.413,55.88868,15.76642,336.8579,1,0
282,2019/11/19 16:51:29.483,56.34308,16.27817,336.7119,1,0
283,2019/11/19 16:51:29.545,56.60255,16.77852,336.1803,1,0
284,2019/11/19 16:51:29.624,56.69951,16.96987,335.8954,1,0
285,2019/11/19 16:51:29.690,56.78875,17.0854,336.0434,1,0
286,2019/11/19 16:51:29.752,56.79286,17.15459,335.9044,1,0
287,2019/11/19 16:51:29.840,56.83025,17.00872,335.8051,1,0
288,2019/11/19 16:51:29.918,56.99403,16.71827,336.1321,1,0
289,2019/11/19 16:51:29.981,56.82092,16.39088,336.0321,1,0
290,2019/11/19 16:51:30.55,56.70055,16.3116,335.8775,1,0
291,2019/11/19 16:51:30.123,56.67413,16.26005,335.7904,1,0
292,2019/11/19 16:51:30.201,56.60161,16.2488,335.608,1,0
293,2019/11/19 16:51:30.276,56.81031,16.4643,335.8669,1,0
294,2019/11/19 16:51:30.358,57.78693,17.77538,337.2453,1,0
0,2019/11/19 16:51:49.57,101.4474,16.53023,352.7645,1,0
1,2019/11/19 16:51:49.110,101.4226,16.51066,352.6914,1,0
2,2019/11/19 16:51:49.168,101.4599,16.22894,352.6534,1,0
3,2019/11/19 16:51:49.236,101.2005,15.87997,352.06,1,0
4,2019/11/19 16:51:49.311,100.8351,15.65152,351.7136,1,0
5,2019/11/19 16:51:49.372,99.68265,15.0832,351.2291,1,0
6,2019/11/19 16:51:49.429,99.36559,14.86064,351.0202,1,0
7,2019/11/19 16:51:49.490,99.06514,14.62999,351.0501,1,0
8,2019/11/19 16:51:49.559,99.35694,14.80466,350.9334,1,0
9,2019/11/19 16:51:49.616,99.67055,15.14591,350.8356,1,0
10,2019/11/19 16:51:49.677,100.2269,15.66853,351.0035,1,0
11,2019/11/19 16:51:49.734,101.7107,16.82175,351.4892,1,0
12,2019/11/19 16:51:49.833,104.5079,19.11417,351.7493,1,0
13,2019/11/19 16:51:49.897,108.3587,23.38324,351.5716,1,0
14,2019/11/19 16:51:49.955,118.0963,27.21774,356.0046,1,0
15,2019/11/19 16:51:50.23,138.8943,27.1793,371.6971,1,0
16,2019/11/19 16:51:50.84,169.6672,26.59884,388.0226,1,0
17,2019/11/19 16:51:50.148,224.9302,33.71827,444.2984,1,0
18,2019/11/19 16:51:50.208,224.9302,33.71827,444.2984,1,0
19,2019/11/19 16:51:50.294,224.9302,33.71827,444.2984,1,0
20,2019/11/19 16:51:50.349,224.9302,33.71827,444.2984,1,0
21,2019/11/19 16:51:50.407,224.9302,33.71827,444.2984,1,0
22,2019/11/19 16:51:50.460,224.9302,33.71827,444.2984,1,0
23,2019/11/19 16:51:50.522,224.9302,33.71827,444.2984,1,0
24,2019/11/19 16:51:50.579,224.9302,33.71827,444.2984,1,0
25,2019/11/19 16:51:50.634,224.9302,33.71827,444.2984,1,0
26,2019/11/19 16:51:50.690,224.9302,33.71827,444.2984,1,0
27,2019/11/19 16:51:50.758,224.9302,33.71827,444.2984,1,0
28,2019/11/19 16:51:50.816,224.9302,33.71827,444.2984,1,0
29,2019/11/19 16:51:50.874,224.9302,33.71827,444.2984,1,0
30,2019/11/19 16:51:50.928,224.9302,33.71827,444.2984,1,0
31,2019/11/19 16:51:50.991,224.9302,33.71827,444.2984,1,0
32,2019/11/19 16:51:51.44,224.9302,33.71827,444.2984,1,0
33,2019/11/19 16:51:51.100,224.9302,33.71827,444.2984,1,0
34,2019/11/19 16:51:51.181,224.9302,33.71827,444.2984,1,0
35,2019/11/19 16:51:51.244,224.9302,33.71827,444.2984,1,0
36,2019/11/19 16:51:51.299,224.9302,33.71827,444.2984,1,0
37,2019/11/19 16:51:51.354,224.9302,33.71827,444.2984,1,0
38,2019/11/19 16:51:51.408,224.9302,33.71827,444.2984,1,0
39,2019/11/19 16:51:51.481,93.08907,13.88793,368.476,1,0
40,2019/11/19 16:51:51.543,87.22575,5.340461,371.2499,1,0
41,2019/11/19 16:51:51.604,91.57064,4.18352,371.3053,1,0
42,2019/11/19 16:51:51.663,90.20549,3.756778,367.0858,1,0
43,2019/11/19 16:51:51.744,90.30369,4.383488,365.1082,1,0
44,2019/11/19 16:51:51.808,90.07076,2.357645,368.0842,1,0
45,2019/11/19 16:51:51.866,89.13351,2.518509,365.1185,1,0
46,2019/11/19 16:51:51.940,88.91645,1.638576,365.2405,1,0
47,2019/11/19 16:51:51.997,88.85503,1.568892,364.8112,1,0
48,2019/11/19 16:51:52.61,88.84915,1.591271,364.7317,1,0
49,2019/11/19 16:51:52.131,88.98818,1.654291,364.6524,1,0
50,2019/11/19 16:51:52.211,88.99368,1.722165,364.4616,1,0
51,2019/11/19 16:51:52.277,88.90979,1.676739,364.5368,1,0
52,2019/11/19 16:51:52.350,88.99709,1.799906,364.3713,1,0
53,2019/11/19 16:51:52.426,89.23662,2.398828,364.1915,1,0
54,2019/11/19 16:51:52.494,95.2977,11.38105,362.99,1,0
55,2019/11/19 16:51:52.598,116.1509,35.20938,364.3192,1,0
56,2019/11/19 16:51:52.732,132.8279,49.18938,366.4226,1,0
57,2019/11/19 16:51:52.775,149.1083,59.88,369.2398,1,0
58,2019/11/19 16:51:52.818,149.1083,59.88,369.2398,1,0
59,2019/11/19 16:51:52.879,149.1083,59.88,369.2398,1,0
60,2019/11/19 16:51:52.945,149.1083,59.88,369.2398,1,0
61,2019/11/19 16:51:53.5,149.1083,59.88,369.2398,1,0
62,2019/11/19 16:51:53.69,149.1083,59.88,369.2398,1,0
63,2019/11/19 16:51:53.143,149.1083,59.88,369.2398,1,0
64,2019/11/19 16:51:53.203,149.1083,59.88,369.2398,1,0
65,2019/11/19 16:51:53.265,149.1083,59.88,369.2398,1,0
66,2019/11/19 16:51:53.332,149.1083,59.88,369.2398,1,0
67,2019/11/19 16:51:53.418,83.22208,-1.609784,340.0726,1,0
68,2019/11/19 16:51:53.487,80.81738,-4.044283,340.5525,1,0
69,2019/11/19 16:51:53.552,79.19371,-6.617221,343.3938,1,0
70,2019/11/19 16:51:53.627,79.40656,-6.612731,343.5248,1,0
71,2019/11/19 16:51:53.695,79.44867,-6.689163,343.6483,1,0
72,2019/11/19 16:51:53.765,79.4502,-6.747113,343.7129,1,0
73,2019/11/19 16:51:53.848,79.42628,-6.753762,343.6493,1,0
74,2019/11/19 16:51:53.913,79.33006,-6.811938,343.7524,1,0
75,2019/11/19 16:51:53.977,79.29578,-6.816506,343.7195,1,0
76,2019/11/19 16:51:54.58,79.31596,-6.830318,343.7014,1,0
77,2019/11/19 16:51:54.124,79.33347,-6.832211,343.6599,1,0
78,2019/11/19 16:51:54.211,79.32835,-6.850069,343.6078,1,0
79,2019/11/19 16:51:54.289,79.354,-6.846069,343.5867,1,0
80,2019/11/19 16:51:54.354,79.37098,-6.839769,343.5422,1,0
81,2019/11/19 16:51:54.420,79.31908,-6.856991,343.5394,1,0
82,2019/11/19 16:51:54.499,79.28689,-6.860887,343.5158,1,0
83,2019/11/19 16:51:54.564,79.27397,-6.867828,343.5159,1,0
84,2019/11/19 16:51:54.637,79.28038,-6.87394,343.5394,1,0
85,2019/11/19 16:51:54.716,79.29144,-6.876849,343.5515,1,0
86,2019/11/19 16:51:54.789,79.30708,-6.86085,343.5019,1,0
87,2019/11/19 16:51:54.852,79.30528,-6.853789,343.4807,1,0
88,2019/11/19 16:51:54.935,79.30589,-6.852056,343.4522,1,0
89,2019/11/19 16:51:55.0,79.3019,-6.831248,343.399,1,0
90,2019/11/19 16:51:55.65,79.29907,-6.845125,343.3986,1,0
91,2019/11/19 16:51:55.144,79.29544,-6.824085,343.3625,1,0
92,2019/11/19 16:51:55.211,79.29559,-6.822926,343.3206,1,0
93,2019/11/19 16:51:55.280,79.2967,-6.831101,343.3333,1,0
94,2019/11/19 16:51:55.360,79.29006,-6.826933,343.314,1,0
95,2019/11/19 16:51:55.430,79.30263,-6.836561,343.3387,1,0
96,2019/11/19 16:51:55.497,79.30205,-6.839099,343.3422,1,0
97,2019/11/19 16:51:55.574,79.30743,-6.831022,343.3234,1,0
98,2019/11/19 16:51:55.645,79.28307,-6.812676,343.2832,1,0
99,2019/11/19 16:51:55.711,79.37151,-6.124079,342.7983,1,0
100,2019/11/19 16:51:55.818,81.14501,-4.079781,345.2014,1,0
101,2019/11/19 16:51:55.886,80.82308,-1.496638,346.9239,1,0
102,2019/11/19 16:51:55.951,83.55671,17.57576,350.1237,1,0
103,2019/11/19 16:51:56.34,86.4372,52.45744,353.7409,1,0
104,2019/11/19 16:51:56.100,87.22064,74.84187,354.8389,1,0
105,2019/11/19 16:51:56.186,87.34219,84.99809,356.1815,1,0
106,2019/11/19 16:51:56.294,87.46236,104.2312,356.7637,1,0
107,2019/11/19 16:51:56.380,87.22522,108.07,357.173,1,0
108,2019/11/19 16:51:56.446,86.67445,107.0171,354.7847,1,0
109,2019/11/19 16:51:56.522,85.99158,103.7117,353.3023,1,0
110,2019/11/19 16:51:56.590,85.5629,102.3708,353.4609,1,0
111,2019/11/19 16:51:56.656,85.27474,102.1583,353.3653,1,0
112,2019/11/19 16:51:56.737,85.58636,95.74754,354.4105,1,0
113,2019/11/19 16:51:56.805,83.35055,69.93758,355.2814,1,0
114,2019/11/19 16:51:56.877,76.61343,26.98965,345.239,1,0
115,2019/11/19 16:51:56.966,77.24427,-8.76964,351.7353,1,0
116,2019/11/19 16:51:57.44,77.15275,-6.500898,338.2,1,0
117,2019/11/19 16:51:57.127,76.41419,-8.070568,344.4139,1,0
118,2019/11/19 16:51:57.207,76.19931,-7.491241,342.3231,1,0
119,2019/11/19 16:51:57.272,76.24479,-7.305204,341.6744,1,0
120,2019/11/19 16:51:57.343,76.23536,-7.338448,341.6617,1,0
121,2019/11/19 16:51:57.425,76.04355,-7.119678,341.1938,1,0
122,2019/11/19 16:51:57.512,74.78058,-5.882671,341.7705,1,0
123,2019/11/19 16:51:57.578,77.59291,21.53699,351.9419,1,0
124,2019/11/19 16:51:57.666,291.0382,23.42041,1717.187,1,0
125,2019/11/19 16:51:57.732,87.86088,108.4717,358.2679,1,0
126,2019/11/19 16:51:57.817,87.86088,108.4717,358.2679,1,0
127,2019/11/19 16:51:57.911,87.86088,108.4717,358.2679,1,0
128,2019/11/19 16:51:57.982,87.86088,108.4717,358.2679,1,0
129,2019/11/19 16:51:58.44,87.86088,108.4717,358.2679,1,0
130,2019/11/19 16:51:58.131,115.4158,153.2574,366.6903,1,0
131,2019/11/19 16:51:58.208,115.4158,153.2574,366.6903,1,0
132,2019/11/19 16:51:58.270,115.4158,153.2574,366.6903,1,0
133,2019/11/19 16:51:58.347,115.4158,153.2574,366.6903,1,0
134,2019/11/19 16:51:58.415,115.4158,153.2574,366.6903,1,0
135,2019/11/19 16:51:58.476,115.4158,153.2574,366.6903,1,0
136,2019/11/19 16:51:58.561,73.50565,-6.886032,341.1656,1,0
137,2019/11/19 16:51:58.628,73.74384,-6.468001,339.3381,1,0
138,2019/11/19 16:51:58.700,73.9403,-6.5124,339.3987,1,0
139,2019/11/19 16:51:58.793,73.90573,-6.435076,339.1054,1,0
140,2019/11/19 16:51:58.866,73.88578,-6.531876,339.3414,1,0
141,2019/11/19 16:51:58.936,73.91377,-6.498455,339.3081,1,0
142,2019/11/19 16:51:59.17,73.91517,-6.505074,339.2704,1,0
143,2019/11/19 16:51:59.86,73.81027,-6.521371,339.3652,1,0
144,2019/11/19 16:51:59.174,72.11379,-5.443411,340.3858,1,0
145,2019/11/19 16:51:59.255,72.77244,19.92657,352.1031,1,0
146,2019/11/19 16:51:59.322,88.49878,80.00935,357.9115,1,0
147,2019/11/19 16:51:59.391,101.0598,135.1192,377.6531,1,0
148,2019/11/19 16:51:59.481,96.07497,136.4195,376.7983,1,0
149,2019/11/19 16:51:59.557,92.62273,131.8695,369.5104,1,0
150,2019/11/19 16:51:59.621,93.84821,127.8221,370.1098,1,0
151,2019/11/19 16:51:59.701,92.86494,121.8628,367.7614,1,0
152,2019/11/19 16:51:59.782,91.1657,116.0058,366.5693,1,0
153,2019/11/19 16:51:59.854,88.82551,104.0351,364.7398,1,0
154,2019/11/19 16:51:59.956,87.26467,95.10234,363.3209,1,0
155,2019/11/19 16:52:00.35,67.66962,-8.608091,349.6141,1,0
156,2019/11/19 16:52:00.109,70.85873,-6.829514,343.8998,1,0
157,2019/11/19 16:52:00.202,70.54559,-7.985224,348.4536,1,0
158,2019/11/19 16:52:00.274,71.08098,-6.972875,344.47,1,0
159,2019/11/19 16:52:00.347,70.92738,-7.066795,344.5954,1,0
160,2019/11/19 16:52:00.429,70.68203,-6.931278,343.8819,1,0
161,2019/11/19 16:52:00.498,70.6934,-6.813468,343.4467,1,0
162,2019/11/19 16:52:00.564,70.75233,-6.843613,343.5513,1,0
163,2019/11/19 16:52:00.644,70.76048,-6.88159,343.7154,1,0
164,2019/11/19 16:52:00.709,70.75476,-6.829004,343.5271,1,0
165,2019/11/19 16:52:00.776,70.76899,-6.835363,343.5385,1,0
166,2019/11/19 16:52:00.873,70.70914,-6.793532,343.2908,1,0
167,2019/11/19 16:52:00.944,70.71005,-6.794588,343.3278,1,0
168,2019/11/19 16:52:01.14,70.63458,-6.816915,343.2651,1,0
169,2019/11/19 16:52:01.92,70.66238,-6.684953,342.8648,1,0
170,2019/11/19 16:52:01.157,70.7048,-6.520818,342.5226,1,0
171,2019/11/19 16:52:01.222,68.88992,-5.940161,342.4821,1,0
172,2019/11/19 16:52:01.300,65.90116,1.834509,348.4116,1,0
173,2019/11/19 16:52:01.365,66.08725,20.08884,355.7015,1,0
174,2019/11/19 16:52:01.430,65.90753,57.09732,360.4702,1,0
175,2019/11/19 16:52:01.512,66.47469,77.426,360.3938,1,0
176,2019/11/19 16:52:01.582,66.73206,83.08183,359.7312,1,0
177,2019/11/19 16:52:01.648,68.30154,76.1762,357.9059,1,0
178,2019/11/19 16:52:01.729,68.34291,46.374,357.3031,1,0
179,2019/11/19 16:52:01.803,68.23778,6.835782,354.9943,1,0
180,2019/11/19 16:52:01.875,74.60191,-7.118277,359.4938,1,0
181,2019/11/19 16:52:01.963,70.68683,-7.67239,353.6764,1,0
182,2019/11/19 16:52:02.45,70.72653,-7.225793,353.0099,1,0
183,2019/11/19 16:52:02.127,70.76939,-4.372092,349.4364,1,0
184,2019/11/19 16:52:02.210,65.6852,4.549414,323.2347,1,0
185,2019/11/19 16:52:02.278,60.34836,12.75367,299.9151,1,0
186,2019/11/19 16:52:02.345,48.92402,23.09757,260.2628,1,0
187,2019/11/19 16:52:02.425,40.78173,27.94981,230.7119,1,0
188,2019/11/19 16:52:02.522,33.25972,30.88998,204.3295,1,0
189,2019/11/19 16:52:02.588,28.12558,35.38178,183.6313,1,0
190,2019/11/19 16:52:02.665,23.27965,41.44081,169.6401,1,0
191,2019/11/19 16:52:02.730,19.0374,40.38527,153.2141,1,0
192,2019/11/19 16:52:02.797,17.09883,37.9721,149.4797,1,0
193,2019/11/19 16:52:02.875,16.94549,35.39246,152.8818,1,0
194,2019/11/19 16:52:02.941,19.84064,34.15727,162.165,1,0
195,2019/11/19 16:52:03.15,24.62982,31.58586,178.9228,1,0
196,2019/11/19 16:52:03.97,32.95993,30.26944,202.5506,1,0
197,2019/11/19 16:52:03.161,41.331,24.70353,235.1739,1,0
198,2019/11/19 16:52:03.225,56.99683,18.2045,284.8085,1,0
199,2019/11/19 16:52:03.305,67.02609,13.7824,314.1678,1,0
200,2019/11/19 16:52:03.373,75.13496,10.47154,336.7273,1,0
201,2019/11/19 16:52:03.438,78.62518,9.664848,344.6384,1,0
202,2019/11/19 16:52:03.522,74.57495,10.91247,332.7902,1,0
203,2019/11/19 16:52:03.596,64.92442,12.55834,309.2527,1,0
204,2019/11/19 16:52:03.661,52.32944,15.72041,276.0275,1,0
205,2019/11/19 16:52:03.740,36.38935,23.18812,219.407,1,0
206,2019/11/19 16:52:03.805,30.05844,29.34091,186.0392,1,0
207,2019/11/19 16:52:03.870,25.78692,31.78645,166.6507,1,0
208,2019/11/19 16:52:03.947,24.46989,31.11687,163.6379,1,0
209,2019/11/19 16:52:04.18,26.90191,27.56772,179.8191,1,0
210,2019/11/19 16:52:04.113,33.1366,20.55614,209.2818,1,0
211,2019/11/19 16:52:04.197,33.1366,20.55614,209.2818,1,0
212,2019/11/19 16:52:04.262,61.00122,6.75301,292.7874,1,0
213,2019/11/19 16:52:04.328,71.41794,3.197375,319.8033,1,0
214,2019/11/19 16:52:04.407,80.16722,-0.1438877,342.3815,1,0
215,2019/11/19 16:52:04.475,79.16772,-0.8497808,342.9825,1,0
216,2019/11/19 16:52:04.549,74.93807,-0.5091102,336.8074,1,0
217,2019/11/19 16:52:04.630,69.98682,0.2201543,327.5856,1,0
218,2019/11/19 16:52:04.694,69.34087,-0.9800507,327.1371,1,0
219,2019/11/19 16:52:04.758,69.18558,-2.11404,325.2945,1,0
220,2019/11/19 16:52:04.835,70.4372,-1.24437,325.4656,1,0
221,2019/11/19 16:52:04.899,71.05436,-0.4267843,326.1162,1,0
222,2019/11/19 16:52:04.961,71.01856,0.4773902,326.5666,1,0
223,2019/11/19 16:52:05.55,70.92326,5.265107,329.412,1,0
224,2019/11/19 16:52:05.128,70.85634,17.76963,331.2668,1,0
225,2019/11/19 16:52:05.196,71.10994,37.5733,334.2787,1,0
226,2019/11/19 16:52:05.276,72.33591,69.26051,340.5717,1,0
227,2019/11/19 16:52:05.342,74.44989,87.33286,342.1755,1,0
228,2019/11/19 16:52:05.407,75.66512,93.98483,342.4105,1,0
229,2019/11/19 16:52:05.487,73.15553,79.98456,340.6127,1,0
230,2019/11/19 16:52:05.574,71.76601,71.17693,340.2195,1,0
231,2019/11/19 16:52:05.652,70.69202,57.18863,337.8666,1,0
232,2019/11/19 16:52:05.749,69.56995,41.79987,335.7988,1,0
233,2019/11/19 16:52:05.817,68.5619,31.87511,333.6486,1,0
234,2019/11/19 16:52:05.892,67.80024,27.15863,331.4716,1,0
235,2019/11/19 16:52:05.979,66.9388,21.05833,329.0745,1,0
236,2019/11/19 16:52:06.54,66.91888,16.85645,328.6016,1,0
237,2019/11/19 16:52:06.123,67.55872,10.03735,327.7088,1,0
238,2019/11/19 16:52:06.205,72.41566,-4.091372,325.917,1,0
239,2019/11/19 16:52:06.272,73.91208,-3.457327,322.7997,1,0
240,2019/11/19 16:52:06.341,73.97573,-3.659027,323.5942,1,0
241,2019/11/19 16:52:06.420,74.24462,-3.853245,324.3956,1,0
242,2019/11/19 16:52:06.494,74.28227,-3.890329,324.5753,1,0
243,2019/11/19 16:52:06.561,74.26049,-3.892453,324.6024,1,0
244,2019/11/19 16:52:06.642,73.50165,-3.673685,324.3079,1,0
245,2019/11/19 16:52:06.716,69.91628,-2.564227,326.3291,1,0
246,2019/11/19 16:52:06.781,71.12843,10.4269,328.8871,1,0
247,2019/11/19 16:52:06.862,71.59464,39.27076,332.5893,1,0
248,2019/11/19 16:52:06.925,71.30708,59.72487,334.053,1,0
249,2019/11/19 16:52:06.990,70.34785,76.92715,336.2953,1,0
250,2019/11/19 16:52:07.79,69.20222,87.51752,337.2142,1,0
251,2019/11/19 16:52:07.174,67.76192,92.08038,337.3891,1,0
252,2019/11/19 16:52:07.249,67.13386,94.26981,336.073,1,0
253,2019/11/19 16:52:07.329,67.58466,92.15599,335.9728,1,0
254,2019/11/19 16:52:07.414,67.44421,85.60255,334.8941,1,0
255,2019/11/19 16:52:07.484,67.1644,70.85703,334.213,1,0
256,2019/11/19 16:52:07.571,66.84002,51.64525,332.7479,1,0
257,2019/11/19 16:52:07.636,65.6539,35.49601,330.9981,1,0
258,2019/11/19 16:52:07.705,64.69992,22.13187,327.6042,1,0
259,2019/11/19 16:52:07.786,63.31218,9.785409,326.352,1,0
260,2019/11/19 16:52:07.860,61.51372,-2.209427,323.2006,1,0
261,2019/11/19 16:52:07.942,64.87319,-3.26577,322.8942,1,0
262,2019/11/19 16:52:08.20,65.91481,-3.407812,323.6097,1,0
263,2019/11/19 16:52:08.92,66.21005,-3.160686,322.7941,1,0
264,2019/11/19 16:52:08.168,64.31387,-3.399319,323.9978,1,0
265,2019/11/19 16:52:08.253,63.35117,2.865124,326.2537,1,0
266,2019/11/19 16:52:08.320,63.99153,15.57269,330.134,1,0
267,2019/11/19 16:52:08.390,63.88032,38.66822,336.5207,1,0
268,2019/11/19 16:52:08.471,63.52047,53.83843,339.5049,1,0
269,2019/11/19 16:52:08.545,63.54308,67.23552,343.1558,1,0
270,2019/11/19 16:52:08.618,63.50397,82.77892,345.2009,1,0
271,2019/11/19 16:52:08.707,63.14729,88.35087,346.0157,1,0
272,2019/11/19 16:52:08.784,63.14154,90.24211,346.2986,1,0
273,2019/11/19 16:52:08.860,63.28432,88.51788,347.0795,1,0
274,2019/11/19 16:52:08.936,63.67612,78.91404,347.6941,1,0
275,2019/11/19 16:52:09.8,62.80119,66.17186,346.6299,1,0
276,2019/11/19 16:52:09.104,61.22839,43.32989,340.2231,1,0
277,2019/11/19 16:52:09.203,60.95506,26.69084,340.025,1,0
278,2019/11/19 16:52:09.281,60.46794,8.176228,337.5158,1,0
279,2019/11/19 16:52:09.347,59.58697,-1.387569,335.404,1,0
280,2019/11/19 16:52:09.427,62.1236,-4.820642,334.7641,1,0
281,2019/11/19 16:52:09.493,62.37194,-4.971398,335.5028,1,0
282,2019/11/19 16:52:09.563,61.83988,-4.846471,335.9234,1,0
283,2019/11/19 16:52:09.646,62.37179,-0.4660496,340.0741,1,0
284,2019/11/19 16:52:09.715,65.28328,18.63935,350.7981,1,0
285,2019/11/19 16:52:09.785,68.5048,36.23265,360.679,1,0
286,2019/11/19 16:52:09.867,71.10547,57.06981,367.2748,1,0
287,2019/11/19 16:52:09.937,74.98236,86.77462,375.904,1,0
288,2019/11/19 16:52:10.5,75.84983,94.2394,378.2422,1,0
289,2019/11/19 16:52:10.89,78.11441,108.6624,385.9078,1,0
290,2019/11/19 16:52:10.174,79.67579,112.7542,389.3948,1,0
291,2019/11/19 16:52:10.257,81.49063,113.3832,392.843,1,0
292,2019/11/19 16:52:10.335,83.21095,108.5687,393.5378,1,0
293,2019/11/19 16:52:10.405,83.669,99.45197,393.1594,1,0
294,2019/11/19 16:52:10.474,83.17871,84.51157,392.5437,1,0
295,2019/11/19 16:52:10.555,84.01184,55.85559,389.8831,1,0
296,2019/11/19 16:52:10.620,83.61022,34.80539,388.4564,1,0
297,2019/11/19 16:52:10.690,84.70901,15.8676,388.7597,1,0
298,2019/11/19 16:52:10.803,85.65289,-2.902916,384.0169,1,0
299,2019/11/19 16:52:10.883,87.07753,-4.388457,384.8814,1,0
300,2019/11/19 16:52:10.950,86.72306,-3.998259,385.4285,1,0
301,2019/11/19 16:52:11.34,86.15353,-3.411976,386.0805,1,0
302,2019/11/19 16:52:11.105,85.60915,0.6459471,386.6874,1,0
303,2019/11/19 16:52:11.176,85.96648,22.17468,390.2283,1,0
304,2019/11/19 16:52:11.260,86.847,42.64985,396.6278,1,0
305,2019/11/19 16:52:11.327,87.53837,63.83373,403.3686,1,0
306,2019/11/19 16:52:11.396,88.46721,82.61733,411.5477,1,0
307,2019/11/19 16:52:11.476,90.91578,105.5689,418.7177,1,0
308,2019/11/19 16:52:11.549,92.18891,113.9252,421.9081,1,0
309,2019/11/19 16:52:11.630,93.55299,117.1642,424.8397,1,0
310,2019/11/19 16:52:11.718,95.03719,115.6021,427.9565,1,0
311,2019/11/19 16:52:11.787,96.25913,101.9108,431.4457,1,0
312,2019/11/19 16:52:11.851,97.07682,85.52931,432.3712,1,0
313,2019/11/19 16:52:11.937,97.63845,55.32047,434.1997,1,0
314,2019/11/19 16:52:12.7,98.46568,38.59616,435.4492,1,0
315,2019/11/19 16:52:12.85,100.3533,27.52251,439.2557,1,0
316,2019/11/19 16:52:12.183,102.3977,21.97603,442.0282,1,0
317,2019/11/19 16:52:12.261,105.1466,19.79639,446.0878,1,0
318,2019/11/19 16:52:12.332,106.4658,20.15475,448.0684,1,0
319,2019/11/19 16:52:12.414,108.8463,25.95476,454.7975,1,0
320,2019/11/19 16:52:12.508,112.2378,36.96094,464.6577,1,0
321,2019/11/19 16:52:12.577,116.6147,50.32901,477.2426,1,0
322,2019/11/19 16:52:12.659,122.8261,63.06171,495.0195,1,0
323,2019/11/19 16:52:12.729,126.3647,61.97095,505.308,1,0
324,2019/11/19 16:52:12.797,130.1137,53.3394,514.0344,1,0
325,2019/11/19 16:52:12.880,136.5181,33.28428,522.4705,1,0
326,2019/11/19 16:52:12.944,142.0974,21.56298,527.6694,1,0
327,2019/11/19 16:52:13.8,144.7467,9.482676,531.8799,1,0
328,2019/11/19 16:52:13.87,146.5606,-1.520071,533.3959,1,0
329,2019/11/19 16:52:13.152,146.993,-2.939001,533.9482,1,0
330,2019/11/19 16:52:13.220,146.7269,-3.165042,534.1508,1,0
331,2019/11/19 16:52:13.314,146.1584,5.326639,535.7341,1,0
332,2019/11/19 16:52:13.378,145.4021,14.36385,537.0379,1,0
333,2019/11/19 16:52:13.445,143.7963,23.60766,537.735,1,0
334,2019/11/19 16:52:13.522,141.7211,37.12971,538.0835,1,0
335,2019/11/19 16:52:13.589,141.0196,40.9558,538.1198,1,0
336,2019/11/19 16:52:13.655,139.7298,48.88135,537.822,1,0
337,2019/11/19 16:52:13.736,139.2836,60.85114,538.6791,1,0
338,2019/11/19 16:52:13.802,139.8366,68.38152,539.57,1,0
339,2019/11/19 16:52:13.868,140.0253,74.63403,539.9672,1,0
340,2019/11/19 16:52:13.946,140.8629,82.80453,542.2781,1,0
341,2019/11/19 16:52:14.23,141.2966,85.67766,542.7945,1,0
342,2019/11/19 16:52:14.117,141.6196,90.9603,542.8185,1,0
343,2019/11/19 16:52:14.195,142.1741,97.51802,542.9248,1,0
344,2019/11/19 16:52:14.270,142.9157,101.7271,543.7234,1,0
345,2019/11/19 16:52:14.339,143.9481,103.4016,544.6548,1,0
346,2019/11/19 16:52:14.418,144.9804,103.3891,545.8591,1,0
347,2019/11/19 16:52:14.486,145.4515,101.6668,545.9687,1,0
348,2019/11/19 16:52:14.556,146.2413,98.34175,546.5975,1,0
349,2019/11/19 16:52:14.632,146.356,89.07969,545.4629,1,0
350,2019/11/19 16:52:14.704,145.8259,80.10308,544.6174,1,0
351,2019/11/19 16:52:14.774,145.7303,71.01937,543.7145,1,0
352,2019/11/19 16:52:14.887,145.7603,57.54983,542.6467,1,0
353,2019/11/19 16:52:14.953,145.987,53.34501,542.5477,1,0
354,2019/11/19 16:52:14.985,146.2895,40.67295,541.6155,1,0
355,2019/11/19 16:52:15.17,147.0183,25.19141,539.3595,1,0
356,2019/11/19 16:52:15.35,147.0183,25.19141,539.3595,1,0
357,2019/11/19 16:52:15.71,147.4705,21.7224,539.3802,1,0
358,2019/11/19 16:52:15.133,147.7118,18.20886,539.3104,1,0
359,2019/11/19 16:52:15.197,147.956,14.99662,538.9156,1,0
360,2019/11/19 16:52:15.292,148.4298,12.04946,538.8613,1,0
361,2019/11/19 16:52:15.360,149.5038,3.649758,538.002,1,0
362,2019/11/19 16:52:15.425,149.9866,0.9935874,538.1942,1,0
363,2019/11/19 16:52:15.505,150.773,-5.985015,537.4117,1,0
364,2019/11/19 16:52:15.580,151.536,-9.871778,537.7635,1,0
365,2019/11/19 16:52:15.667,151.9279,-13.32729,537.8976,1,0
366,2019/11/19 16:52:15.748,152.6114,-17.31893,538.0667,1,0
367,2019/11/19 16:52:15.818,153.1888,-19.78232,538.6138,1,0
368,2019/11/19 16:52:15.890,154.2271,-20.15767,539.3972,1,0
369,2019/11/19 16:52:15.971,154.5839,-19.93661,540.0326,1,0
370,2019/11/19 16:52:16.34,154.3562,-17.35477,541.516,1,0
371,2019/11/19 16:52:16.102,154.1933,-9.70285,543.671,1,0
372,2019/11/19 16:52:16.182,152.804,6.955978,546.5792,1,0
373,2019/11/19 16:52:16.250,151.9174,20.60363,548.2639,1,0
374,2019/11/19 16:52:16.328,151.4445,27.68745,549.054,1,0
375,2019/11/19 16:52:16.414,149.8208,47.72527,550.4424,1,0
376,2019/11/19 16:52:16.479,148.8097,59.03028,551.0245,1,0
377,2019/11/19 16:52:16.551,147.8501,71.00426,550.7705,1,0
378,2019/11/19 16:52:16.635,147.3929,74.58676,550.3772,1,0
379,2019/11/19 16:52:16.710,146.6023,75.45098,549.6655,1,0
380,2019/11/19 16:52:16.785,145.8198,74.60013,549.0602,1,0
381,2019/11/19 16:52:16.871,145.3943,72.76585,549.064,1,0
382,2019/11/19 16:52:16.941,145.2185,71.77326,549.1573,1,0
383,2019/11/19 16:52:17.5,145.2073,71.34075,549.3806,1,0
384,2019/11/19 16:52:17.86,145.8248,70.74471,549.5476,1,0
385,2019/11/19 16:52:17.160,147.2813,64.62757,549.9313,1,0
386,2019/11/19 16:52:17.234,147.616,49.98127,546.8459,1,0
387,2019/11/19 16:52:17.357,149.4228,31.06842,546.4792,1,0
388,2019/11/19 16:52:17.433,151.1686,3.596461,540.918,1,0
389,2019/11/19 16:52:17.511,153.0682,-11.66194,537.3625,1,0
390,2019/11/19 16:52:17.589,149.7789,-10.49196,519.9742,1,0
391,2019/11/19 16:52:17.656,145.6181,-3.606574,499.4072,1,0
392,2019/11/19 16:52:17.722,142.5668,3.487507,480.7011,1,0
393,2019/11/19 16:52:17.799,139.6405,10.80854,461.1148,1,0
394,2019/11/19 16:52:17.886,125.1327,21.26512,419.8026,1,0
395,2019/11/19 16:52:17.954,116.5273,27.58243,397.9821,1,0
396,2019/11/19 16:52:18.32,106.3325,30.47252,376.7129,1,0
397,2019/11/19 16:52:18.99,94.1702,31.95956,349.3,1,0
398,2019/11/19 16:52:18.164,82.74865,33.71966,319.96,1,0
399,2019/11/19 16:52:18.244,68.66408,35.14171,280.9294,1,0
400,2019/11/19 16:52:18.309,60.02427,34.56185,257.8317,1,0
401,2019/11/19 16:52:18.384,54.05755,34.86388,238.9193,1,0
402,2019/11/19 16:52:18.470,49.67355,33.02893,225.814,1,0
403,2019/11/19 16:52:18.538,46.99235,29.11286,221.3858,1,0
404,2019/11/19 16:52:18.602,46.44844,26.28661,222.1319,1,0
405,2019/11/19 16:52:18.682,46.99642,26.66309,222.6366,1,0
406,2019/11/19 16:52:18.752,47.44337,27.07201,223.9958,1,0
407,2019/11/19 16:52:18.817,47.68166,31.0071,225.3025,1,0
408,2019/11/19 16:52:18.898,48.11777,46.83041,228.8075,1,0
409,2019/11/19 16:52:18.991,48.48712,53.68035,230.245,1,0
410,2019/11/19 16:52:19.57,48.64567,66.09203,233.6107,1,0
411,2019/11/19 16:52:19.135,49.1669,86.51283,241.0669,1,0
412,2019/11/19 16:52:19.200,49.31593,92.36477,243.1257,1,0
413,2019/11/19 16:52:19.267,49.35349,96.29681,243.5693,1,0
414,2019/11/19 16:52:19.358,49.32708,98.72247,243.5651,1,0
415,2019/11/19 16:52:19.437,49.31737,99.80048,242.7713,1,0
416,2019/11/19 16:52:19.503,48.99267,98.29346,241.3555,1,0
417,2019/11/19 16:52:19.581,48.13341,90.05774,240.9822,1,0
418,2019/11/19 16:52:19.650,47.83249,81.56029,240.4063,1,0
419,2019/11/19 16:52:19.718,47.65163,72.57295,238.5649,1,0
420,2019/11/19 16:52:19.799,47.64819,61.00821,237.2719,1,0
421,2019/11/19 16:52:19.867,47.58186,57.47221,236.3371,1,0
422,2019/11/19 16:52:19.940,47.41699,50.02621,235.0478,1,0
423,2019/11/19 16:52:20.20,47.34933,39.55642,234.3766,1,0
424,2019/11/19 16:52:20.95,47.35273,34.09247,233.45,1,0
425,2019/11/19 16:52:20.168,47.08184,28.20968,231.8527,1,0
426,2019/11/19 16:52:20.249,46.9626,25.82663,231.2153,1,0
427,2019/11/19 16:52:20.318,46.8456,24.3171,231.3002,1,0
428,2019/11/19 16:52:20.385,46.67104,23.01276,230.4847,1,0
429,2019/11/19 16:52:20.471,46.52273,20.23857,229.1815,1,0
430,2019/11/19 16:52:20.533,46.5396,18.18556,229.0463,1,0
431,2019/11/19 16:52:20.629,46.74907,17.12696,229.3318,1,0
432,2019/11/19 16:52:20.711,46.79646,17.03504,229.4615,1,0
433,2019/11/19 16:52:20.783,46.51236,16.85266,227.9732,1,0
434,2019/11/19 16:52:20.852,46.35531,16.53148,227.1789,1,0
435,2019/11/19 16:52:20.938,46.67081,17.4676,228.4093,1,0
436,2019/11/19 16:52:21.3,47.09913,22.27994,229.7239,1,0
437,2019/11/19 16:52:21.67,48.09765,31.10405,233.358,1,0
438,2019/11/19 16:52:21.144,49.83586,47.6027,236.0121,1,0
439,2019/11/19 16:52:21.216,50.22565,53.32078,237.0103,1,0
440,2019/11/19 16:52:21.285,51.11959,64.72572,238.9391,1,0
441,2019/11/19 16:52:21.372,51.59679,75.24369,241.1313,1,0
442,2019/11/19 16:52:21.436,51.38815,79.17323,241.5599,1,0
443,2019/11/19 16:52:21.506,51.33729,80.88541,242.0847,1,0
444,2019/11/19 16:52:21.589,51.13311,78.48984,241.2106,1,0
445,2019/11/19 16:52:21.662,50.96573,76.21113,240.9,1,0
446,2019/11/19 16:52:21.736,50.67208,70.70673,239.4853,1,0
447,2019/11/19 16:52:21.817,50.59298,62.39359,236.6526,1,0
448,2019/11/19 16:52:21.881,50.76179,56.91496,234.7449,1,0
449,2019/11/19 16:52:21.950,51.00143,50.06815,232.5881,1,0
450,2019/11/19 16:52:22.41,51.25496,36.57585,227.9492,1,0
451,2019/11/19 16:52:22.122,51.61116,27.70802,226.405,1,0
452,2019/11/19 16:52:22.200,51.93586,21.15671,225.0972,1,0
453,2019/11/19 16:52:22.299,52.07048,15.37544,224.8264,1,0
454,2019/11/19 16:52:22.371,53.19854,16.19987,227.3998,1,0
455,2019/11/19 16:52:22.439,59.10604,21.81639,242.3721,1,0
456,2019/11/19 16:52:22.538,65.12202,19.55132,270.3824,1,0
457,2019/11/19 16:52:22.609,73.9318,16.79988,303.9098,1,0
458,2019/11/19 16:52:22.683,91.29065,16.61513,355.784,1,0
459,2019/11/19 16:52:22.864,110.0843,14.30338,415.0341,1,0
460,2019/11/19 16:52:22.933,122.1153,15.03093,443.266,1,0
461,2019/11/19 16:52:23.15,145.8646,16.50468,508.9644,1,0
462,2019/11/19 16:52:23.80,156.0554,11.54813,535.5549,1,0
463,2019/11/19 16:52:23.150,162.2366,1.340584,557.8873,1,0
464,2019/11/19 16:52:23.231,173.5931,-12.0779,590.4897,1,0
465,2019/11/19 16:52:23.296,182.5299,-16.89563,609.3672,1,0
466,2019/11/19 16:52:23.362,189.694,-20.673,621.5273,1,0
467,2019/11/19 16:52:23.447,193.2871,-24.15928,626.3466,1,0
468,2019/11/19 16:52:23.520,195.2731,-25.33393,627.7651,1,0
469,2019/11/19 16:52:23.588,196.3989,-25.75957,628.858,1,0
470,2019/11/19 16:52:23.664,196.1185,-26.2162,626.444,1,0
471,2019/11/19 16:52:23.728,195.3999,-25.523,626.9324,1,0
472,2019/11/19 16:52:23.792,195.6863,-19.89264,630.1616,1,0
473,2019/11/19 16:52:23.872,196.2374,-9.14643,633.3668,1,0
474,2019/11/19 16:52:23.935,195.7552,2.671145,634.6667,1,0
475,2019/11/19 16:52:24.20,195.7184,14.97851,635.8986,1,0
476,2019/11/19 16:52:24.99,196.7762,31.34884,638.3318,1,0
477,2019/11/19 16:52:24.167,197.2675,39.64618,638.7166,1,0
478,2019/11/19 16:52:24.230,198.0036,45.37182,639.8114,1,0
479,2019/11/19 16:52:24.308,199.0919,50.18024,640.8083,1,0
480,2019/11/19 16:52:24.371,199.6474,53.47492,641.6543,1,0
481,2019/11/19 16:52:24.446,200.3133,54.70523,642.1762,1,0
482,2019/11/19 16:52:24.527,201.0056,52.87589,642.5456,1,0
483,2019/11/19 16:52:24.593,201.253,48.05066,642.7172,1,0
484,2019/11/19 16:52:24.657,201.5035,40.169,642.6286,1,0
485,2019/11/19 16:52:24.738,201.7624,24.79333,641.6882,1,0
486,2019/11/19 16:52:24.802,201.4225,19.3467,640.4541,1,0
487,2019/11/19 16:52:24.869,201.4921,9.712996,638.5118,1,0
488,2019/11/19 16:52:24.947,201.7099,-4.096281,636.0577,1,0
489,2019/11/19 16:52:25.17,201.4275,-11.66174,633.8912,1,0
490,2019/11/19 16:52:25.83,201.4044,-18.20456,632.5411,1,0
491,2019/11/19 16:52:25.162,201.5331,-24.01519,630.8051,1,0
492,2019/11/19 16:52:25.227,201.5124,-30.0472,628.8765,1,0
493,2019/11/19 16:52:25.288,202.1518,-36.35348,627.7885,1,0
494,2019/11/19 16:52:25.367,203.6919,-46.74028,626.1931,1,0
495,2019/11/19 16:52:25.432,204.421,-54.64029,624.1204,1,0
496,2019/11/19 16:52:25.502,204.9129,-63.09926,621.8824,1,0
497,2019/11/19 16:52:25.600,206.0434,-71.25723,620.6902,1,0
498,2019/11/19 16:52:25.641,207.2883,-78.85413,619.4241,1,0
499,2019/11/19 16:52:25.685,209.0429,-87.89424,618.2759,1,0
500,2019/11/19 16:52:25.760,210.5641,-90.45188,619.7369,1,0
501,2019/11/19 16:52:25.854,214.5103,-94.03446,625.9593,1,0
502,2019/11/19 16:52:25.925,212.2223,-95.72639,618.1524,1,0
503,2019/11/19 16:52:25.993,214.9723,-97.65224,620.3717,1,0
504,2019/11/19 16:52:26.83,213.0443,-97.41035,616.7204,1,0
505,2019/11/19 16:52:26.151,213.4831,-97.15479,617.4509,1,0
506,2019/11/19 16:52:26.218,213.7876,-96.6797,618.0466,1,0
507,2019/11/19 16:52:26.300,213.6169,-96.36061,617.7828,1,0
508,2019/11/19 16:52:26.372,213.5508,-95.83579,617.7145,1,0
509,2019/11/19 16:52:26.437,212.8909,-95.65776,616.6999,1,0
510,2019/11/19 16:52:26.525,212.6596,-95.59629,616.8823,1,0
511,2019/11/19 16:52:26.593,212.5499,-95.38742,617.5892,1,0
512,2019/11/19 16:52:26.669,212.2947,-94.79292,618.0512,1,0
513,2019/11/19 16:52:26.749,214.1519,-89.70998,608.9313,1,0
514,2019/11/19 16:52:26.816,213.8039,-93.43869,623.4323,1,0
515,2019/11/19 16:52:26.881,210.8781,-92.92382,615.9863,1,0
516,2019/11/19 16:52:26.968,211.6629,-93.2188,617.6956,1,0
517,2019/11/19 16:52:27.40,211.1496,-93.02453,616.1337,1,0
518,2019/11/19 16:52:27.116,211.0807,-93.08892,616.1277,1,0
519,2019/11/19 16:52:27.226,211.2087,-92.96199,617.485,1,0
520,2019/11/19 16:52:27.295,213.2702,-92.89877,623.4874,1,0
521,2019/11/19 16:52:27.366,213.057,-92.26433,624.7974,1,0
522,2019/11/19 16:52:27.448,212.6736,-91.38275,624.3331,1,0
523,2019/11/19 16:52:27.521,209.5396,-90.7232,617.7006,1,0
524,2019/11/19 16:52:27.597,209.1607,-89.5631,616.8532,1,0
525,2019/11/19 16:52:27.676,208.7602,-88.02403,616.2814,1,0
526,2019/11/19 16:52:27.742,207.9164,-86.83296,614.2539,1,0
527,2019/11/19 16:52:27.809,208.2119,-86.32964,614.6843,1,0
528,2019/11/19 16:52:27.885,208.6845,-86.06525,614.9269,1,0
529,2019/11/19 16:52:27.950,209.215,-86.05299,616.0117,1,0
530,2019/11/19 16:52:28.14,209.0367,-85.75039,615.5306,1,0
531,2019/11/19 16:52:28.106,208.4491,-86.05252,615.1792,1,0
532,2019/11/19 16:52:28.172,207.7001,-86.38161,614.8549,1,0
533,2019/11/19 16:52:28.238,207.035,-85.4127,614.8253,1,0
534,2019/11/19 16:52:28.317,206.5707,-84.13953,614.8071,1,0
535,2019/11/19 16:52:28.382,205.8304,-83.92492,613.3752,1,0
536,2019/11/19 16:52:28.446,206.4738,-84.62715,614.0176,1,0
537,2019/11/19 16:52:28.533,206.6693,-85.27077,612.6964,1,0
538,2019/11/19 16:52:28.606,207.5389,-85.99313,613.9765,1,0
539,2019/11/19 16:52:28.674,207.9055,-86.66665,614.3004,1,0
540,2019/11/19 16:52:28.754,207.4025,-86.84328,613.7586,1,0
541,2019/11/19 16:52:28.842,207.0242,-86.76639,613.363,1,0
542,2019/11/19 16:52:28.909,206.4342,-86.46003,612.5458,1,0
543,2019/11/19 16:52:28.989,206.2707,-87.6944,612.3719,1,0
544,2019/11/19 16:52:29.53,207.3768,-88.08092,615.1617,1,0
545,2019/11/19 16:52:29.124,206.7565,-87.71422,613.6258,1,0
546,2019/11/19 16:52:29.205,206.7231,-87.94705,613.8361,1,0
547,2019/11/19 16:52:29.269,206.4152,-88.31973,613.3002,1,0
548,2019/11/19 16:52:29.338,206.3156,-89.41998,613.4017,1,0
549,2019/11/19 16:52:29.418,207.2926,-89.71043,616.9089,1,0
550,2019/11/19 16:52:29.482,205.0887,-89.28711,612.4607,1,0
551,2019/11/19 16:52:29.555,204.8419,-89.91806,612.3122,1,0
552,2019/11/19 16:52:29.644,205.0325,-89.70416,612.9385,1,0
553,2019/11/19 16:52:29.720,207.2524,-90.21809,618.1158,1,0
554,2019/11/19 16:52:29.788,205.7809,-89.58344,613.7732,1,0
555,2019/11/19 16:52:29.868,206.6737,-89.7669,615.8599,1,0
556,2019/11/19 16:52:29.937,204.9501,-88.43904,612.0417,1,0
557,2019/11/19 16:52:30.6,205.2619,-87.47251,613.121,1,0
558,2019/11/19 16:52:30.86,204.5877,-86.0017,611.3479,1,0
559,2019/11/19 16:52:30.154,204.9884,-85.8873,612.1594,1,0
560,2019/11/19 16:52:30.223,205.6833,-85.64534,613.5178,1,0
561,2019/11/19 16:52:30.331,205.7977,-83.09063,614.5469,1,0
562,2019/11/19 16:52:30.426,204.7784,-81.04321,612.6768,1,0
563,2019/11/19 16:52:30.558,204.2914,-79.31812,612.5855,1,0
564,2019/11/19 16:52:30.652,204.2513,-78.4958,612.5573,1,0
565,2019/11/19 16:52:30.761,204.956,-78.57498,613.0096,1,0
566,2019/11/19 16:52:30.853,205.2308,-78.76369,612.9849,1,0
567,2019/11/19 16:52:30.961,205.6481,-79.11441,612.4643,1,0
568,2019/11/19 16:52:31.56,206.6505,-79.17452,611.7784,1,0
569,2019/11/19 16:52:31.166,208.6743,-76.87122,611.4611,1,0
570,2019/11/19 16:52:31.258,210.3778,-73.38153,610.6992,1,0
571,2019/11/19 16:52:31.365,211.0801,-69.66648,609.8383,1,0
572,2019/11/19 16:52:31.457,210.2361,-66.84428,609.6212,1,0
573,2019/11/19 16:52:31.555,208.2682,-62.47008,610.3456,1,0
574,2019/11/19 16:52:31.648,206.197,-52.9595,612.1653,1,0
575,2019/11/19 16:52:31.710,203.8711,-41.41609,614.0301,1,0
576,2019/11/19 16:52:31.775,201.5523,-26.83653,616.9835,1,0
577,2019/11/19 16:52:31.843,199.6519,-15.08644,618.8013,1,0
578,2019/11/19 16:52:31.907,198.8958,-1.897203,620.9114,1,0
579,2019/11/19 16:52:31.962,198.3906,4.446115,621.1018,1,0
580,2019/11/19 16:52:32.17,196.7211,20.38347,621.859,1,0
581,2019/11/19 16:52:32.86,196.6479,30.78901,623.4178,1,0
582,2019/11/19 16:52:32.150,196.5666,35.99872,624.2365,1,0
583,2019/11/19 16:52:32.209,195.5624,47.09727,623.9732,1,0
584,2019/11/19 16:52:32.268,194.8548,57.75217,623.3979,1,0
585,2019/11/19 16:52:32.355,193.9179,65.91492,622.2498,1,0
586,2019/11/19 16:52:32.414,193.0456,71.72926,621.2754,1,0
587,2019/11/19 16:52:32.484,192.2184,75.82386,620.1724,1,0
588,2019/11/19 16:52:32.573,192.2068,79.57892,620.5062,1,0
589,2019/11/19 16:52:32.649,192.7206,84.57376,620.8607,1,0
590,2019/11/19 16:52:32.719,192.7849,90.12039,621.1127,1,0
591,2019/11/19 16:52:32.800,193.1393,99.64323,620.7486,1,0
592,2019/11/19 16:52:32.864,193.2874,106.1675,620.5235,1,0
593,2019/11/19 16:52:32.930,193.5397,111.5491,620.2282,1,0
594,2019/11/19 16:52:33.13,193.6082,116.0202,619.3877,1,0
595,2019/11/19 16:52:33.94,193.7991,117.4701,619.4862,1,0
596,2019/11/19 16:52:33.175,193.8239,118.0294,619.9168,1,0
597,2019/11/19 16:52:33.288,193.5166,118.9825,619.4103,1,0
598,2019/11/19 16:52:33.387,192.5965,119.6723,618.7826,1,0
599,2019/11/19 16:52:33.529,192.2042,118.7766,618.5849,1,0
600,2019/11/19 16:52:33.644,191.895,117.5383,618.3161,1,0
601,2019/11/19 16:52:33.743,192.6903,108.3965,617.8857,1,0
602,2019/11/19 16:52:33.793,193.2536,95.01386,617.7254,1,0
603,2019/11/19 16:52:33.862,194.3541,79.20621,617.4742,1,0
604,2019/11/19 16:52:33.914,195.285,67.14355,617.48,1,0
605,2019/11/19 16:52:33.962,196.3996,53.41307,617.3786,1,0
606,2019/11/19 16:52:34.6,197.3906,39.02141,617.3969,1,0
607,2019/11/19 16:52:34.65,198.2533,32.22574,617.9903,1,0
608,2019/11/19 16:52:34.123,198.8332,25.62669,617.7429,1,0
609,2019/11/19 16:52:34.176,199.9981,13.28479,617.1361,1,0
610,2019/11/19 16:52:34.229,200.3033,0.7209237,615.579,1,0
611,2019/11/19 16:52:34.277,200.8087,-4.809282,615.353,1,0
612,2019/11/19 16:52:34.329,201.7122,-15.35169,615.111,1,0
613,2019/11/19 16:52:34.373,202.1451,-23.72739,613.9183,1,0
614,2019/11/19 16:52:34.413,202.1933,-27.6489,613.1354,1,0
615,2019/11/19 16:52:34.457,202.6574,-33.65702,612.4705,1,0
616,2019/11/19 16:52:34.495,202.8782,-36.24322,612.3643,1,0
617,2019/11/19 16:52:34.547,203.0624,-38.22338,612.1198,1,0
618,2019/11/19 16:52:34.589,203.5034,-39.79446,612.3009,1,0
619,2019/11/19 16:52:34.627,203.5843,-41.33949,612.2028,1,0
620,2019/11/19 16:52:34.672,203.7031,-42.94574,612.1119,1,0
621,2019/11/19 16:52:34.713,203.8972,-43.32599,612.2693,1,0
622,2019/11/19 16:52:34.765,203.8918,-43.25126,612.4385,1,0
623,2019/11/19 16:52:34.824,203.8506,-43.04583,612.5111,1,0
624,2019/11/19 16:52:34.879,203.8489,-42.77747,612.9269,1,0
625,2019/11/19 16:52:34.934,203.6804,-41.57122,612.7509,1,0
626,2019/11/19 16:52:35.4,203.8399,-41.00424,613.1826,1,0
627,2019/11/19 16:52:35.58,203.9914,-40.07001,613.3458,1,0
628,2019/11/19 16:52:35.112,204.1976,-39.08919,613.3555,1,0
629,2019/11/19 16:52:35.184,204.1372,-37.34509,612.7357,1,0
630,2019/11/19 16:52:35.254,202.9142,-34.70761,610.5328,1,0
631,2019/11/19 16:52:35.308,201.0467,-30.4229,607.2483,1,0
632,2019/11/19 16:52:35.364,198.7389,-21.70486,602.6664,1,0
633,2019/11/19 16:52:35.428,190.5468,-2.542258,581.7868,1,0
634,2019/11/19 16:52:35.530,182.6361,7.783892,563.9081,1,0
635,2019/11/19 16:52:35.588,158.6658,25.88815,514.8482,1,0
636,2019/11/19 16:52:35.651,119.518,38.12258,433.9214,1,0
637,2019/11/19 16:52:35.719,95.72963,38.87717,382.1499,1,0
638,2019/11/19 16:52:35.780,73.76929,38.64838,326.546,1,0
639,2019/11/19 16:52:35.838,55.7077,37.23916,275.0687,1,0
640,2019/11/19 16:52:35.895,47.85744,36.92393,250.8914,1,0
641,2019/11/19 16:52:35.961,36.20296,37.68987,210.6339,1,0
642,2019/11/19 16:52:36.15,28.58843,38.14097,180.878,1,0
643,2019/11/19 16:52:36.69,24.46671,38.68497,158.0582,1,0
644,2019/11/19 16:52:36.124,22.85197,37.1954,154.4258,1,0
645,2019/11/19 16:52:36.195,25.20701,35.36499,168.2999,1,0
646,2019/11/19 16:52:36.253,28.4509,34.6318,182.1094,1,0
647,2019/11/19 16:52:36.309,40.14519,34.1193,228.8023,1,0
648,2019/11/19 16:52:36.365,61.10449,31.67346,301.9184,1,0
649,2019/11/19 16:52:36.430,93.06059,31.08611,384.0658,1,0
650,2019/11/19 16:52:36.485,113.9952,29.13574,432.3005,1,0
651,2019/11/19 16:52:36.557,151.6201,25.04651,500.3117,1,0
652,2019/11/19 16:52:36.613,190.6938,24.72217,561.042,1,0
653,2019/11/19 16:52:36.677,220.4097,26.69174,598.666,1,0
654,2019/11/19 16:52:36.732,233.6017,28.72799,610.0525,1,0
655,2019/11/19 16:52:36.790,231.6494,28.18839,604.093,1,0
656,2019/11/19 16:52:36.853,214.6159,28.08455,574.87,1,0
657,2019/11/19 16:52:36.926,186.6037,31.05397,527.9658,1,0
658,2019/11/19 16:52:36.988,147.7818,30.43253,461.711,1,0
659,2019/11/19 16:52:37.52,112.6105,30.48304,392.5971,1,0
660,2019/11/19 16:52:37.120,84.33765,34.22423,326.6951,1,0
661,2019/11/19 16:52:37.205,63.05067,36.28361,271.0107,1,0
662,2019/11/19 16:52:37.271,49.87369,37.83202,233.642,1,0
663,2019/11/19 16:52:37.337,43.98206,38.00474,221.7449,1,0
664,2019/11/19 16:52:37.425,45.915,38.38035,234.1083,1,0
665,2019/11/19 16:52:37.492,55.79962,37.41694,268.8462,1,0
666,2019/11/19 16:52:37.559,85.47421,33.20314,348.6937,1,0
667,2019/11/19 16:52:37.638,113.218,25.57836,413.1655,1,0
668,2019/11/19 16:52:37.706,143.02,16.27484,474.1793,1,0
669,2019/11/19 16:52:37.773,177.8994,10.7991,541.9299,1,0
670,2019/11/19 16:52:37.850,209.9912,9.965781,590.7755,1,0
671,2019/11/19 16:52:37.913,246.1113,3.89731,646.3764,1,0
672,2019/11/19 16:52:37.975,258.1173,2.05265,661.0462,1,0
673,2019/11/19 16:52:38.74,251.4897,0.5094719,649.1738,1,0
674,2019/11/19 16:52:38.139,235.3709,1.008409,624.9725,1,0
675,2019/11/19 16:52:38.202,209.3279,4.925407,586.1664,1,0
676,2019/11/19 16:52:38.279,165.3082,20.28118,511.4975,1,0
677,2019/11/19 16:52:38.347,134.1913,30.06582,447.2853,1,0
678,2019/11/19 16:52:38.409,105.6221,32.77637,385.2194,1,0
679,2019/11/19 16:52:38.487,80.8521,35.1687,321.6122,1,0
680,2019/11/19 16:52:38.549,62.89668,36.22467,270.8541,1,0
681,2019/11/19 16:52:38.610,56.15416,35.8847,251.7949,1,0
682,2019/11/19 16:52:38.686,44.90085,33.44035,225.5878,1,0
683,2019/11/19 16:52:38.749,47.17842,33.88128,237.4951,1,0
684,2019/11/19 16:52:38.820,57.0009,33.20157,270.1999,1,0
685,2019/11/19 16:52:38.901,73.88642,31.43139,323.4723,1,0
686,2019/11/19 16:52:38.966,98.55801,30.10949,386.0704,1,0
687,2019/11/19 16:52:39.30,126.3568,24.14078,452.0728,1,0
688,2019/11/19 16:52:39.106,153.2004,16.55605,509.8724,1,0
689,2019/11/19 16:52:39.168,176.8737,7.223413,558.8828,1,0
690,2019/11/19 16:52:39.232,193.2636,1.983038,589.5173,1,0
691,2019/11/19 16:52:39.294,209.2557,-0.8860682,620.375,1,0
692,2019/11/19 16:52:39.371,211.5809,-0.1525144,626.1335,1,0
693,2019/11/19 16:52:39.432,208.1154,-0.6208655,622.0567,1,0
694,2019/11/19 16:52:39.494,205.6218,-0.7760692,617.9783,1,0
695,2019/11/19 16:52:39.590,197.1302,-1.176208,608.6781,1,0
696,2019/11/19 16:52:39.653,195.4155,0.3751925,606.1426,1,0
697,2019/11/19 16:52:39.728,189.0131,-6.151228,598.0906,1,0
698,2019/11/19 16:52:39.804,186.7403,-15.85182,595.813,1,0
699,2019/11/19 16:52:39.869,185.5423,-28.49551,592.4659,1,0
700,2019/11/19 16:52:39.931,185.0652,-32.60219,591.1686,1,0
701,2019/11/19 16:52:40.7,183.6384,-44.24188,587.3085,1,0
702,2019/11/19 16:52:40.69,182.6148,-50.58982,585.3344,1,0
703,2019/11/19 16:52:40.131,182.0574,-55.20523,583.9943,1,0
704,2019/11/19 16:52:40.194,181.1449,-59.26178,582.6056,1,0
705,2019/11/19 16:52:40.274,180.6266,-62.60312,581.3735,1,0
706,2019/11/19 16:52:40.337,180.3626,-64.4806,580.7431,1,0
707,2019/11/19 16:52:40.401,180.2917,-65.08129,580.5896,1,0
708,2019/11/19 16:52:40.477,181.1012,-65.74533,581.187,1,0
709,2019/11/19 16:52:40.542,181.1326,-66.07761,580.7437,1,0
710,2019/11/19 16:52:40.606,181.5125,-66.64774,581.4227,1,0
711,2019/11/19 16:52:40.682,181.8308,-67.19861,581.8805,1,0
712,2019/11/19 16:52:40.756,181.6381,-67.41789,581.6548,1,0
713,2019/11/19 16:52:40.828,181.3932,-68.02005,581.4457,1,0
714,2019/11/19 16:52:40.915,181.2987,-68.4426,581.3126,1,0
715,2019/11/19 16:52:40.989,181.7342,-68.82823,581.9891,1,0
716,2019/11/19 16:52:41.50,181.7598,-69.52278,581.9193,1,0
717,2019/11/19 16:52:41.148,181.3719,-69.84869,581.4932,1,0
718,2019/11/19 16:52:41.213,181.2958,-70.20718,581.3806,1,0
719,2019/11/19 16:52:41.277,181.3277,-70.66309,581.6781,1,0
720,2019/11/19 16:52:41.368,181.1139,-70.98035,581.4638,1,0
721,2019/11/19 16:52:41.440,181.1951,-71.53431,582.0564,1,0
722,2019/11/19 16:52:41.507,180.9697,-71.75066,581.8013,1,0
723,2019/11/19 16:52:41.585,180.91,-72.21806,581.9414,1,0
724,2019/11/19 16:52:41.648,180.9756,-72.61563,582.3106,1,0
725,2019/11/19 16:52:41.714,180.7407,-73.09839,581.7665,1,0
726,2019/11/19 16:52:41.791,180.7466,-73.48273,582.0353,1,0
727,2019/11/19 16:52:41.858,180.6451,-73.60925,582.0258,1,0
728,2019/11/19 16:52:41.923,180.727,-73.86602,582.191,1,0
729,2019/11/19 16:52:42.4,180.8122,-74.31476,582.361,1,0
730,2019/11/19 16:52:42.70,180.81,-74.63589,582.4345,1,0
731,2019/11/19 16:52:42.139,180.8532,-74.97657,582.7809,1,0
732,2019/11/19 16:52:42.222,181.0265,-75.31388,583.1794,1,0
733,2019/11/19 16:52:42.286,181.0043,-75.68551,583.0775,1,0
734,2019/11/19 16:52:42.353,181.2108,-76.27618,583.6293,1,0
735,2019/11/19 16:52:42.438,181.4374,-76.92092,584.0547,1,0
736,2019/11/19 16:52:42.509,181.6257,-77.21621,584.4755,1,0
737,2019/11/19 16:52:42.577,181.5434,-77.45232,584.3005,1,0
738,2019/11/19 16:52:42.657,181.4922,-77.87769,584.3337,1,0
739,2019/11/19 16:52:42.750,181.5883,-78.36668,584.6547,1,0
740,2019/11/19 16:52:42.821,181.3473,-78.6215,584.1016,1,0
741,2019/11/19 16:52:42.904,185.9584,-80.86066,596.1802,1,0
742,2019/11/19 16:52:42.969,185.6628,-80.87088,596.2354,1,0
743,2019/11/19 16:52:43.34,186.3291,-81.9507,597.6342,1,0
744,2019/11/19 16:52:43.117,181.1743,-79.70072,576.6841,1,0
745,2019/11/19 16:52:43.182,186.8423,-82.85402,597.022,1,0
746,2019/11/19 16:52:43.252,186.7106,-83.2863,596.7236,1,0
747,2019/11/19 16:52:43.334,185.9208,-83.75301,594.3238,1,0
748,2019/11/19 16:52:43.410,185.998,-83.84626,596.6953,1,0
749,2019/11/19 16:52:43.480,186.0939,-84.1914,596.3233,1,0
750,2019/11/19 16:52:43.560,186.131,-84.21559,596.1526,1,0
751,2019/11/19 16:52:43.624,187.3374,-84.99173,596.8698,1,0
752,2019/11/19 16:52:43.688,187.5798,-85.28062,596.7772,1,0
753,2019/11/19 16:52:43.771,186.4061,-84.81313,595.9954,1,0
754,2019/11/19 16:52:43.839,186.0143,-85.104,594.9617,1,0
755,2019/11/19 16:52:43.908,187.1053,-85.50513,597.4044,1,0
756,2019/11/19 16:52:44.0,187.4998,-85.90376,597.5858,1,0
757,2019/11/19 16:52:44.66,189.1803,-86.66414,599.5031,1,0
758,2019/11/19 16:52:44.132,188.5422,-86.7897,599.8108,1,0
759,2019/11/19 16:52:44.209,189.4763,-87.47649,599.9961,1,0
760,2019/11/19 16:52:44.274,189.4959,-87.81161,599.2101,1,0
761,2019/11/19 16:52:44.373,189.7449,-88.20971,599.4127,1,0
762,2019/11/19 16:52:44.460,189.6373,-88.34986,598.9849,1,0
763,2019/11/19 16:52:44.542,190.0647,-87.91908,601.926,1,0
764,2019/11/19 16:52:44.610,190.2106,-88.63957,599.8198,1,0
765,2019/11/19 16:52:44.696,190.5211,-88.64767,600.4271,1,0
766,2019/11/19 16:52:44.766,190.4196,-88.59689,600.052,1,0
767,2019/11/19 16:52:44.833,190.7888,-89.01517,600.3832,1,0
768,2019/11/19 16:52:44.920,189.9775,-88.66862,600.4587,1,0
769,2019/11/19 16:52:44.991,190.7551,-88.72175,602.6041,1,0
770,2019/11/19 16:52:45.66,191.3042,-88.8434,604.116,1,0
771,2019/11/19 16:52:45.149,191.8952,-88.87686,603.881,1,0
772,2019/11/19 16:52:45.236,192.3112,-89.26121,604.9443,1,0
773,2019/11/19 16:52:45.303,192.1595,-89.16035,605.9465,1,0
774,2019/11/19 16:52:45.388,192.3426,-89.10696,606.27,1,0
775,2019/11/19 16:52:45.458,192.3733,-89.23589,606.3284,1,0
776,2019/11/19 16:52:45.526,192.7346,-89.4597,606.937,1,0
777,2019/11/19 16:52:45.607,196.4526,-89.80515,614.5474,1,0
778,2019/11/19 16:52:45.675,196.366,-89.64657,614.653,1,0
779,2019/11/19 16:52:45.745,191.331,-90.66351,602.5242,1,0
780,2019/11/19 16:52:45.835,193.7476,-89.85673,606.8871,1,0
781,2019/11/19 16:52:45.901,193.3763,-90.00532,608.6703,1,0
782,2019/11/19 16:52:45.968,194.7261,-89.65655,610.6547,1,0
783,2019/11/19 16:52:46.70,194.6645,-89.42357,609.7224,1,0
784,2019/11/19 16:52:46.137,191.1717,-89.75663,604.2321,1,0
785,2019/11/19 16:52:46.214,188.9274,-89.59226,597.7407,1,0
786,2019/11/19 16:52:46.296,183.5547,-88.07509,584.268,1,0
787,2019/11/19 16:52:46.368,183.6284,-87.61594,585.0698,1,0
788,2019/11/19 16:52:46.445,182.3692,-85.42471,583.5143,1,0
789,2019/11/19 16:52:46.529,181.1081,-78.68298,585.022,1,0
790,2019/11/19 16:52:46.596,179.0465,-72.26767,584.5825,1,0
791,2019/11/19 16:52:46.662,177.6071,-66.08342,584.9431,1,0
792,2019/11/19 16:52:46.738,176.8029,-60.87188,585.3348,1,0
793,2019/11/19 16:52:46.812,177.2089,-56.33657,586.7751,1,0
794,2019/11/19 16:52:46.886,177.7957,-51.91074,587.8174,1,0
795,2019/11/19 16:52:46.963,178.7549,-46.05105,588.983,1,0
796,2019/11/19 16:52:47.28,179.0689,-42.45811,589.6578,1,0
797,2019/11/19 16:52:47.90,179.1809,-38.48092,589.8891,1,0
798,2019/11/19 16:52:47.175,179.2372,-35.27781,590.3546,1,0
799,2019/11/19 16:52:47.239,179.1561,-33.48957,590.4468,1,0
800,2019/11/19 16:52:47.304,179.0257,-32.92354,590.5798,1,0
801,2019/11/19 16:52:47.388,178.8207,-33.31331,590.2223,1,0
802,2019/11/19 16:52:47.451,178.4986,-33.80576,589.6472,1,0
803,2019/11/19 16:52:47.518,178.3882,-36.21505,589.2142,1,0
804,2019/11/19 16:52:47.600,178.2863,-41.51995,588.5543,1,0
805,2019/11/19 16:52:47.688,178.1789,-47.66277,587.7035,1,0
806,2019/11/19 16:52:47.751,177.9328,-52.73602,586.4578,1,0
807,2019/11/19 16:52:47.827,177.654,-58.60275,585.1077,1,0
808,2019/11/19 16:52:47.891,177.3764,-61.64551,584.0228,1,0
809,2019/11/19 16:52:47.956,177.8123,-64.58655,584.0964,1,0
810,2019/11/19 16:52:48.33,178.0884,-67.0302,583.4321,1,0
811,2019/11/19 16:52:48.95,179.1183,-69.3509,583.8737,1,0
812,2019/11/19 16:52:48.166,180.168,-71.86246,584.0583,1,0
813,2019/11/19 16:52:48.252,181.4451,-74.59339,584.0184,1,0
814,2019/11/19 16:52:48.324,182.3036,-76.51727,584.4943,1,0
815,2019/11/19 16:52:48.388,182.6981,-77.79948,584.489,1,0
816,2019/11/19 16:52:48.469,182.4959,-79.09631,583.496,1,0
817,2019/11/19 16:52:48.542,182.6313,-79.93922,583.7201,1,0
818,2019/11/19 16:52:48.610,182.5424,-80.00233,583.9114,1,0
819,2019/11/19 16:52:48.689,182.2993,-79.23963,583.8786,1,0
820,2019/11/19 16:52:48.757,182.1075,-78.41288,583.5616,1,0
821,2019/11/19 16:52:48.824,181.7678,-76.94495,583.1504,1,0
822,2019/11/19 16:52:48.905,181.1827,-74.42944,582.5533,1,0
823,2019/11/19 16:52:48.975,180.0712,-67.48211,582.7688,1,0
824,2019/11/19 16:52:49.40,178.3577,-60.45728,582.4083,1,0
825,2019/11/19 16:52:49.118,176.6096,-53.09485,581.9941,1,0
826,2019/11/19 16:52:49.186,175.1817,-46.16426,581.9577,1,0
827,2019/11/19 16:52:49.281,173.9344,-40.45931,581.0866,1,0
828,2019/11/19 16:52:49.377,173.322,-36.43879,580.1124,1,0
829,2019/11/19 16:52:49.440,173.7117,-31.80805,580.2025,1,0
830,2019/11/19 16:52:49.505,174.0625,-28.72875,579.7511,1,0
831,2019/11/19 16:52:49.587,174.205,-26.85411,578.5511,1,0
832,2019/11/19 16:52:49.649,174.9358,-25.86765,578.5779,1,0
833,2019/11/19 16:52:49.716,175.4862,-24.07873,577.9888,1,0
834,2019/11/19 16:52:49.793,175.0468,-21.91671,576.2463,1,0
835,2019/11/19 16:52:49.854,173.4369,-19.78255,574.533,1,0
836,2019/11/19 16:52:49.925,171.4872,-17.25337,572.7598,1,0
837,2019/11/19 16:52:50.5,168.2422,-14.86226,568.7198,1,0
838,2019/11/19 16:52:50.68,166.54,-14.95482,565.7361,1,0
839,2019/11/19 16:52:50.135,165.6311,-14.08646,564.2651,1,0
840,2019/11/19 16:52:50.215,165.4807,-9.330934,562.5339,1,0
841,2019/11/19 16:52:50.279,163.4299,-3.775856,554.7748,1,0
842,2019/11/19 16:52:50.342,160.358,0.2490353,544.9743,1,0
843,2019/11/19 16:52:50.422,157.0666,2.773246,536.4901,1,0
844,2019/11/19 16:52:50.483,153.5016,3.753125,532.9133,1,0
845,2019/11/19 16:52:50.549,151.6391,6.965985,530.4556,1,0
846,2019/11/19 16:52:50.634,143.7057,11.79953,515.856,1,0
847,2019/11/19 16:52:50.697,141.4233,12.97734,510.7487,1,0
848,2019/11/19 16:52:50.760,134.6819,12.28702,497.7504,1,0
849,2019/11/19 16:52:50.859,131.7682,14.83121,488.7455,1,0
850,2019/11/19 16:52:50.925,131.2776,19.1828,482.1545,1,0
851,2019/11/19 16:52:50.989,134.5005,28.00255,476.5293,1,0
852,2019/11/19 16:52:51.68,136.7658,33.27704,472.739,1,0
853,2019/11/19 16:52:51.132,139.6969,38.0741,472.0876,1,0
854,2019/11/19 16:52:51.192,143.2014,41.27734,474.7492,1,0
855,2019/11/19 16:52:51.273,144.9345,42.04197,474.1636,1,0
856,2019/11/19 16:52:51.333,145.0363,42.41601,468.9803,1,0
857,2019/11/19 16:52:51.394,146.49,43.89245,465.3173,1,0
858,2019/11/19 16:52:51.476,147.7876,43.98789,464.1945,1,0
859,2019/11/19 16:52:51.538,147.4726,43.48344,462.6701,1,0
860,2019/11/19 16:52:51.604,145.3609,42.66068,459.8896,1,0
861,2019/11/19 16:52:51.686,143.9697,43.23101,460.1699,1,0
862,2019/11/19 16:52:51.751,142.8409,42.86423,460.9671,1,0
863,2019/11/19 16:52:51.812,140.364,40.96339,459.9594,1,0
864,2019/11/19 16:52:51.891,136.4945,39.73881,458.1523,1,0
865,2019/11/19 16:52:51.961,132.3882,39.67273,454.1471,1,0
866,2019/11/19 16:52:52.30,130.5964,39.93616,451.946,1,0
867,2019/11/19 16:52:52.113,127.3466,42.33017,444.7345,1,0
868,2019/11/19 16:52:52.187,126.169,44.44688,439.5562,1,0
869,2019/11/19 16:52:52.251,127.0339,44.39941,438.9706,1,0
870,2019/11/19 16:52:52.330,128.5876,41.59234,439.0494,1,0
871,2019/11/19 16:52:52.412,129.2985,39.68921,438.2825,1,0
872,2019/11/19 16:52:52.478,128.6115,37.83744,435.5703,1,0
873,2019/11/19 16:52:52.562,128.2433,36.56898,431.8875,1,0
874,2019/11/19 16:52:52.628,128.7516,37.52702,430.1587,1,0
875,2019/11/19 16:52:52.690,128.4598,40.08937,423.7352,1,0
876,2019/11/19 16:52:52.768,125.2557,39.31371,413.9252,1,0
877,2019/11/19 16:52:52.863,119.6036,35.86877,402.3478,1,0
878,2019/11/19 16:52:52.946,111.6225,30.21077,387.4139,1,0
879,2019/11/19 16:52:52.984,101.3505,28.87464,360.4958,1,0
880,2019/11/19 16:52:53.15,94.59306,26.18209,344.928,1,0
881,2019/11/19 16:52:53.75,92.65609,23.97764,342.961,1,0
882,2019/11/19 16:52:53.142,89.60119,19.95214,339.6627,1,0
883,2019/11/19 16:52:53.208,88.56082,19.63795,336.5554,1,0
884,2019/11/19 16:52:53.284,89.64954,25.48718,330.6531,1,0
885,2019/11/19 16:52:53.347,90.4668,29.06647,326.4332,1,0
886,2019/11/19 16:52:53.415,92.10951,34.2292,317.1858,1,0
887,2019/11/19 16:52:53.492,89.70525,25.36918,315.7127,1,0
888,2019/11/19 16:52:53.553,84.83055,16.93086,324.5671,1,0
889,2019/11/19 16:52:53.615,77.32684,13.04394,333.9677,1,0
890,2019/11/19 16:52:53.694,68.95772,10.83634,334.712,1,0
891,2019/11/19 16:52:53.758,62.31738,2.225281,331.2411,1,0
892,2019/11/19 16:52:53.819,65.10374,-0.5113495,327.9085,1,0
893,2019/11/19 16:52:53.917,65.15436,-3.682227,321.5981,1,0
894,2019/11/19 16:52:53.990,68.5066,-2.669733,316.9171,1,0
895,2019/11/19 16:52:54.51,70.49957,-1.936468,312.3614,1,0
896,2019/11/19 16:52:54.131,70.82851,-2.16172,313.9408,1,0
897,2019/11/19 16:52:54.199,70.6067,-1.862557,312.0016,1,0
898,2019/11/19 16:52:54.260,70.91425,-1.599712,310.2102,1,0
899,2019/11/19 16:52:54.339,71.71983,-1.255996,307.3498,1,0
900,2019/11/19 16:52:54.421,73.03819,-1.200692,306.6844,1,0
901,2019/11/19 16:52:54.458,73.58751,-1.023181,304.5312,1,0
902,2019/11/19 16:52:54.492,74.69947,-1.126355,304.8018,1,0
903,2019/11/19 16:52:54.521,74.1908,-1.043002,303.671,1,0
904,2019/11/19 16:52:54.551,74.12869,-1.02627,303.3855,1,0
905,2019/11/19 16:52:54.605,74.61612,-1.085816,304.0923,1,0
906,2019/11/19 16:52:54.674,74.62852,-1.09714,304.0112,1,0
907,2019/11/19 16:52:54.757,74.62768,-1.155592,304.8096,1,0
908,2019/11/19 16:52:54.821,74.8036,-1.220902,305.2954,1,0
909,2019/11/19 16:52:54.884,74.83006,-1.159317,304.3685,1,0
910,2019/11/19 16:52:54.960,74.64656,-1.177577,304.0578,1,0
911,2019/11/19 16:52:55.21,74.71523,-1.234919,304.7731,1,0
912,2019/11/19 16:52:55.86,75.00092,-1.221599,304.6031,1,0
913,2019/11/19 16:52:55.173,74.94335,-1.239582,304.5401,1,0
914,2019/11/19 16:52:55.240,74.44335,-1.136564,303.5605,1,0
915,2019/11/19 16:52:55.330,74.47681,-1.053977,302.5876,1,0
916,2019/11/19 16:52:55.413,74.66768,-1.047386,302.0719,1,0
917,2019/11/19 16:52:55.482,74.70512,-1.06856,302.2997,1,0
918,2019/11/19 16:52:55.546,74.90094,-1.112741,302.642,1,0
919,2019/11/19 16:52:55.624,75.02449,-1.104017,302.5228,1,0
920,2019/11/19 16:52:55.696,75.1287,-1.098748,302.3932,1,0
921,2019/11/19 16:52:55.760,75.15152,-1.11012,302.4362,1,0
922,2019/11/19 16:52:55.840,75.08835,-1.136563,302.5455,1,0
923,2019/11/19 16:52:55.902,75.22895,-1.141094,302.7558,1,0
924,2019/11/19 16:52:55.967,75.32101,-1.159585,302.753,1,0
925,2019/11/19 16:52:56.47,75.29312,-1.13046,302.3433,1,0
926,2019/11/19 16:52:56.120,75.21304,-1.123577,302.1828,1,0
927,2019/11/19 16:52:56.191,75.18793,-1.144442,302.2658,1,0
928,2019/11/19 16:52:56.280,75.27087,-1.138439,302.4007,1,0
929,2019/11/19 16:52:56.342,75.35004,-1.173912,302.636,1,0
930,2019/11/19 16:52:56.411,75.36691,-1.170977,302.801,1,0
931,2019/11/19 16:52:56.495,75.39895,-1.194598,302.9637,1,0
932,2019/11/19 16:52:56.561,75.39503,-1.200726,302.9654,1,0
933,2019/11/19 16:52:56.626,75.35941,-1.184257,302.8029,1,0
934,2019/11/19 16:52:56.722,75.36934,-1.188783,302.7637,1,0
935,2019/11/19 16:52:56.786,75.3827,-1.181519,302.8203,1,0
936,2019/11/19 16:52:56.852,75.38019,-1.200924,302.8785,1,0
937,2019/11/19 16:52:56.953,75.38573,-1.196007,302.9178,1,0
938,2019/11/19 16:52:57.21,75.39249,-1.191706,302.8298,1,0
0,2019/11/19 16:57:56.668,88.95428,-0.33844,318.069,1,0
1,2019/11/19 16:57:56.721,88.95882,-0.2732965,318.0796,1,0
2,2019/11/19 16:57:56.780,89.01182,-0.3194595,318.2646,1,0
3,2019/11/19 16:57:56.858,89.05817,-0.6156682,318.3329,1,0
4,2019/11/19 16:57:56.920,89.1043,-0.7220982,318.4454,1,0
5,2019/11/19 16:57:56.977,89.12753,-0.7953463,318.5609,1,0
6,2019/11/19 16:57:57.52,89.12909,-0.8099175,318.4762,1,0
7,2019/11/19 16:57:57.121,89.15483,-0.8001607,318.4857,1,0
8,2019/11/19 16:57:57.177,89.15314,-0.784775,318.3999,1,0
9,2019/11/19 16:57:57.234,89.12737,-0.7713975,318.2111,1,0
10,2019/11/19 16:57:57.304,89.12595,-0.7579059,318.1627,1,0
11,2019/11/19 16:57:57.375,89.1103,-0.7595451,318.0312,1,0
12,2019/11/19 16:57:57.432,89.02986,-0.804987,317.7191,1,0
13,2019/11/19 16:57:57.500,89.06819,-0.8015419,317.8309,1,0
14,2019/11/19 16:57:57.565,89.12837,-0.7644513,317.9166,1,0
15,2019/11/19 16:57:57.651,89.14621,-0.7503411,317.8889,1,0
16,2019/11/19 16:57:57.711,89.17651,-0.7363465,317.9678,1,0
17,2019/11/19 16:57:57.772,89.23985,-0.7029326,318.0672,1,0
18,2019/11/19 16:57:57.839,89.27172,-0.6827501,317.9855,1,0
19,2019/11/19 16:57:57.897,89.30286,-0.7007197,318.0501,1,0
20,2019/11/19 16:57:57.958,89.30284,-0.694221,317.9731,1,0
21,2019/11/19 16:57:58.22,89.33115,-0.6553876,317.9313,1,0
22,2019/11/19 16:57:58.98,89.34074,-0.662002,317.9825,1,0
23,2019/11/19 16:57:58.161,89.35811,-0.6384855,317.9682,1,0
24,2019/11/19 16:57:58.228,89.37014,-0.6327002,317.9869,1,0
25,2019/11/19 16:57:58.307,89.3662,-0.6321929,317.9775,1,0
26,2019/11/19 16:57:58.373,89.37935,-0.612932,317.9576,1,0
27,2019/11/19 16:57:58.437,89.36327,-0.595107,317.8106,1,0
28,2019/11/19 16:57:58.540,89.367,-0.5523024,317.7562,1,0
29,2019/11/19 16:57:58.605,89.36217,-0.4955757,317.6314,1,0
30,2019/11/19 16:57:58.671,89.39587,-0.4966309,317.7199,1,0
31,2019/11/19 16:57:58.753,89.41032,-0.5023845,317.6849,1,0
32,2019/11/19 16:57:58.820,89.43626,-0.4625313,317.6597,1,0
33,2019/11/19 16:57:58.887,89.48195,-0.4551682,317.7581,1,0
34,2019/11/19 16:57:58.967,89.50107,-0.4524771,317.814,1,0
35,2019/11/19 16:57:59.37,89.49693,-0.4639139,317.815,1,0
36,2019/11/19 16:57:59.107,89.49518,-0.4737024,317.8382,1,0
37,2019/11/19 16:57:59.186,89.49012,-0.4741325,317.8043,1,0
38,2019/11/19 16:57:59.251,89.5046,-0.459808,317.8332,1,0
39,2019/11/19 16:57:59.323,89.52911,-0.4294627,317.8022,1,0
40,2019/11/19 16:57:59.400,89.52961,-0.4141587,317.7399,1,0
41,2019/11/19 16:57:59.464,89.56147,-0.3883009,317.7569,1,0
42,2019/11/19 16:57:59.527,89.57871,-0.4223304,317.761,1,0
43,2019/11/19 16:57:59.606,89.59561,-0.4451184,317.7311,1,0
44,2019/11/19 16:57:59.669,89.62257,-0.4464619,317.7234,1,0
45,2019/11/19 16:57:59.732,89.65369,-0.4324266,317.7244,1,0
46,2019/11/19 16:57:59.814,89.67853,-0.4263791,317.7753,1,0
47,2019/11/19 16:57:59.876,89.68771,-0.4202413,317.7832,1,0
48,2019/11/19 16:57:59.942,89.69013,-0.4093341,317.7567,1,0
49,2019/11/19 16:58:00.23,89.67893,-0.4005728,317.6656,1,0
50,2019/11/19 16:58:00.106,89.68675,-0.376711,317.598,1,0
51,2019/11/19 16:58:00.175,89.67136,-0.4457084,317.6051,1,0
52,2019/11/19 16:58:00.254,89.65255,-0.4504296,317.5931,1,0
53,2019/11/19 16:58:00.331,89.65721,-0.4349215,317.5911,1,0
54,2019/11/19 16:58:00.405,89.69214,-0.361732,317.5451,1,0
55,2019/11/19 16:58:00.485,89.75861,-0.3104024,317.5714,1,0
56,2019/11/19 16:58:00.547,89.82871,-0.2757564,317.6489,1,0
57,2019/11/19 16:58:00.620,89.8688,-0.238348,317.647,1,0
58,2019/11/19 16:58:00.716,89.90849,-0.2262728,317.688,1,0
