count,dateTime,degree,shoulderX,shoulderY,shoulderZ,waistX,waistY,waistZ
count,dateTime,degree,shoulderX,shoulderY,shoulderZ,waistX,waistY,waistZ
count,dateTime,degree,shoulderX,shoulderY,shoulderZ,waistX,waistY,waistZ
0,2019/10/29 22:14:36.993,0,1.12,0,0,0,0,0
1,2019/10/29 22:14:37.0,0,1.12,0,0,0,0,0
2,2019/10/29 22:14:37.16,0,1.12,0,0,0,0,0
3,2019/10/29 22:14:37.32,0,1.12,0,0,0,0,0
4,2019/10/29 22:14:37.49,0,1.12,0,0,0,0,0
5,2019/10/29 22:14:37.65,0,1.12,0,0,0,0,0
6,2019/10/29 22:14:37.82,0,1.12,0,0,0,0,0
7,2019/10/29 22:14:37.98,0,1.12,0,0,0,0,0
8,2019/10/29 22:14:37.115,0,1.12,0,0,0,0,0
9,2019/10/29 22:14:37.132,0,1.12,0,0,0,0,0
10,2019/10/29 22:14:37.148,0,1.12,0,0,0,0,0
11,2019/10/29 22:14:37.165,0,1.12,0,0,0,0,0
12,2019/10/29 22:14:37.182,0,1.12,0,0,0,0,0
13,2019/10/29 22:14:37.198,0,1.12,0,0,0,0,0
14,2019/10/29 22:14:37.215,0,1.12,0,0,0,0,0
15,2019/10/29 22:14:37.232,0,1.12,0,0,0,0,0
16,2019/10/29 22:14:37.248,0,1.12,0,0,0,0,0
17,2019/10/29 22:14:37.265,0,1.12,0,0,0,0,0
18,2019/10/29 22:14:37.281,0,1.12,0,0,0,0,0
19,2019/10/29 22:14:37.298,0,1.12,0,0,0,0,0
20,2019/10/29 22:14:37.315,0,1.12,0,0,0,0,0
21,2019/10/29 22:14:37.331,0,1.12,0,0,0,0,0
22,2019/10/29 22:14:37.348,0,1.12,0,0,0,0,0
23,2019/10/29 22:14:37.364,0,1.12,0,0,0,0,0
24,2019/10/29 22:14:37.381,0,1.12,0,0,0,0,0
25,2019/10/29 22:14:37.396,0,1.12,0,0,0,0,0
26,2019/10/29 22:14:37.413,0,1.12,0,0,0,0,0
27,2019/10/29 22:14:37.430,0,1.12,0,0,0,0,0
28,2019/10/29 22:14:37.446,0,1.12,0,0,0,0,0
29,2019/10/29 22:14:37.463,0,1.12,0,0,0,0,0
30,2019/10/29 22:14:37.479,0,1.12,0,0,0,0,0
31,2019/10/29 22:14:37.496,0,1.12,0,0,0,0,0
32,2019/10/29 22:14:37.513,0,1.12,0,0,0,0,0
33,2019/10/29 22:14:37.529,0,1.12,0,0,0,0,0
34,2019/10/29 22:14:37.546,0,1.12,0,0,0,0,0
35,2019/10/29 22:14:37.562,0,1.12,0,0,0,0,0
36,2019/10/29 22:14:37.579,0,1.12,0,0,0,0,0
37,2019/10/29 22:14:37.596,0,1.12,0,0,0,0,0
38,2019/10/29 22:14:37.612,0,1.12,0,0,0,0,0
39,2019/10/29 22:14:37.629,0,1.12,0,0,0,0,0
40,2019/10/29 22:14:37.645,0,1.12,0,0,0,0,0
41,2019/10/29 22:14:37.663,0,1.12,0,0,0,0,0
42,2019/10/29 22:14:37.679,0,1.12,0,0,0,0,0
43,2019/10/29 22:14:37.695,0,1.12,0,0,0,0,0
44,2019/10/29 22:14:37.712,0,1.12,0,0,0,0,0
45,2019/10/29 22:14:37.729,0,1.12,0,0,0,0,0
46,2019/10/29 22:14:37.745,0,1.12,0,0,0,0,0
47,2019/10/29 22:14:37.762,0,1.12,0,0,0,0,0
48,2019/10/29 22:14:37.778,0,1.12,0,0,0,0,0
49,2019/10/29 22:14:37.794,0,1.12,0,0,0,0,0
50,2019/10/29 22:14:37.811,0,1.12,0,0,0,0,0
51,2019/10/29 22:14:37.827,0,1.12,0,0,0,0,0
52,2019/10/29 22:14:37.844,0,1.12,0,0,0,0,0
53,2019/10/29 22:14:37.860,0,1.12,0,0,0,0,0
54,2019/10/29 22:14:37.877,0,1.12,0,0,0,0,0
55,2019/10/29 22:14:37.894,0,1.12,0,0,0,0,0
56,2019/10/29 22:14:37.910,0,1.12,0,0,0,0,0
57,2019/10/29 22:14:37.927,0,1.12,0,0,0,0,0
58,2019/10/29 22:14:37.943,0,1.12,0,0,0,0,0
59,2019/10/29 22:14:37.960,0,1.12,0,0,0,0,0
60,2019/10/29 22:14:37.977,0,1.12,0,0,0,0,0
61,2019/10/29 22:14:37.994,0,1.12,0,0,0,0,0
62,2019/10/29 22:14:38.10,0,1.12,0,0,0,0,0
63,2019/10/29 22:14:38.27,0,1.12,0,0,0,0,0
64,2019/10/29 22:14:38.43,0,1.12,0,0,0,0,0
65,2019/10/29 22:14:38.60,0,1.12,0,0,0,0,0
66,2019/10/29 22:14:38.77,0,1.12,0,0,0,0,0
67,2019/10/29 22:14:38.93,0,1.12,0,0,0,0,0
68,2019/10/29 22:14:38.110,0,1.12,0,0,0,0,0
69,2019/10/29 22:14:38.126,0,1.12,0,0,0,0,0
70,2019/10/29 22:14:38.142,0,1.12,0,0,0,0,0
71,2019/10/29 22:14:38.159,0,1.12,0,0,0,0,0
72,2019/10/29 22:14:38.175,0,1.12,0,0,0,0,0
73,2019/10/29 22:14:38.192,0,1.12,0,0,0,0,0
74,2019/10/29 22:14:38.209,0,1.12,0,0,0,0,0
75,2019/10/29 22:14:38.225,0,1.12,0,0,0,0,0
76,2019/10/29 22:14:38.242,0,1.12,0,0,0,0,0
77,2019/10/29 22:14:38.258,0,1.12,0,0,0,0,0
78,2019/10/29 22:14:38.275,0,1.12,0,0,0,0,0
79,2019/10/29 22:14:38.292,0,1.12,0,0,0,0,0
80,2019/10/29 22:14:38.308,0,1.12,0,0,0,0,0
81,2019/10/29 22:14:38.325,0,1.12,0,0,0,0,0
82,2019/10/29 22:14:38.341,0,1.12,0,0,0,0,0
83,2019/10/29 22:14:38.358,0,1.12,0,0,0,0,0
84,2019/10/29 22:14:38.375,0,1.12,0,0,0,0,0
85,2019/10/29 22:14:38.391,0,1.12,0,0,0,0,0
86,2019/10/29 22:14:38.407,0,1.12,0,0,0,0,0
87,2019/10/29 22:14:38.424,0,1.12,0,0,0,0,0
88,2019/10/29 22:14:38.440,0,1.12,0,0,0,0,0
89,2019/10/29 22:14:38.457,0,1.12,0,0,0,0,0
90,2019/10/29 22:14:38.474,0,1.12,0,0,0,0,0
91,2019/10/29 22:14:38.490,0,1.12,0,0,0,0,0
92,2019/10/29 22:14:38.507,0,1.12,0,0,0,0,0
93,2019/10/29 22:14:38.523,0,1.12,0,0,0,0,0
94,2019/10/29 22:14:38.540,0,1.12,0,0,0,0,0
95,2019/10/29 22:14:38.556,0,1.12,0,0,0,0,0
96,2019/10/29 22:14:38.573,0,1.12,0,0,0,0,0
97,2019/10/29 22:14:38.590,0,1.12,0,0,0,0,0
98,2019/10/29 22:14:38.606,0,1.12,0,0,0,0,0
99,2019/10/29 22:14:38.623,0,1.12,0,0,0,0,0
100,2019/10/29 22:14:38.640,0,1.12,0,0,0,0,0
101,2019/10/29 22:14:38.656,0,1.12,0,0,0,0,0
102,2019/10/29 22:14:38.673,0,1.12,0,0,0,0,0
103,2019/10/29 22:14:38.689,0,1.12,0,0,0,0,0
104,2019/10/29 22:14:38.706,0,1.12,0,0,0,0,0
105,2019/10/29 22:14:38.723,0,1.12,0,0,0,0,0
106,2019/10/29 22:14:38.739,0,1.12,0,0,0,0,0
107,2019/10/29 22:14:38.756,0,1.12,0,0,0,0,0
108,2019/10/29 22:14:38.771,0,1.12,0,0,0,0,0
109,2019/10/29 22:14:38.788,0,1.12,0,0,0,0,0
110,2019/10/29 22:14:38.805,0,1.12,0,0,0,0,0
111,2019/10/29 22:14:38.822,0,1.12,0,0,0,0,0
112,2019/10/29 22:14:38.838,0,1.12,0,0,0,0,0
113,2019/10/29 22:14:38.854,0,1.12,0,0,0,0,0
114,2019/10/29 22:14:38.871,0,1.12,0,0,0,0,0
115,2019/10/29 22:14:38.888,0,1.12,0,0,0,0,0
116,2019/10/29 22:14:38.904,0,1.12,0,0,0,0,0
117,2019/10/29 22:14:38.921,0,1.12,0,0,0,0,0
118,2019/10/29 22:14:38.938,0,1.12,0,0,0,0,0
119,2019/10/29 22:14:38.954,0,1.12,0,0,0,0,0
120,2019/10/29 22:14:38.971,0,1.12,0,0,0,0,0
121,2019/10/29 22:14:38.987,0,1.12,0,0,0,0,0
122,2019/10/29 22:14:39.3,0,1.12,0,0,0,0,0
123,2019/10/29 22:14:39.20,0,1.12,0,0,0,0,0
124,2019/10/29 22:14:39.37,0,1.12,0,0,0,0,0
125,2019/10/29 22:14:39.54,0,1.12,0,0,0,0,0
126,2019/10/29 22:14:39.70,0,1.12,0,0,0,0,0
127,2019/10/29 22:14:39.87,0,1.12,0,0,0,0,0
128,2019/10/29 22:14:39.103,0,1.12,0,0,0,0,0
129,2019/10/29 22:14:39.120,0,1.12,0,0,0,0,0
130,2019/10/29 22:14:39.136,0,1.12,0,0,0,0,0
131,2019/10/29 22:14:39.153,0,1.12,0,0,0,0,0
132,2019/10/29 22:14:39.170,0,1.12,0,0,0,0,0
133,2019/10/29 22:14:39.186,0,1.12,0,0,0,0,0
134,2019/10/29 22:14:39.202,0,1.12,0,0,0,0,0
135,2019/10/29 22:14:39.219,0,1.12,0,0,0,0,0
136,2019/10/29 22:14:39.235,0,1.12,0,0,0,0,0
137,2019/10/29 22:14:39.252,0,1.12,0,0,0,0,0
138,2019/10/29 22:14:39.269,0,1.12,0,0,0,0,0
139,2019/10/29 22:14:39.285,0,1.12,0,0,0,0,0
140,2019/10/29 22:14:39.302,0,1.12,0,0,0,0,0
141,2019/10/29 22:14:39.319,0,1.12,0,0,0,0,0
142,2019/10/29 22:14:39.335,0,1.12,0,0,0,0,0
143,2019/10/29 22:14:39.352,0,1.12,0,0,0,0,0
144,2019/10/29 22:14:39.368,0,1.12,0,0,0,0,0
145,2019/10/29 22:14:39.385,0,1.12,0,0,0,0,0
146,2019/10/29 22:14:39.401,0,1.12,0,0,0,0,0
147,2019/10/29 22:14:39.418,0,1.12,0,0,0,0,0
148,2019/10/29 22:14:39.434,0,1.12,0,0,0,0,0
149,2019/10/29 22:14:39.451,0,1.12,0,0,0,0,0
150,2019/10/29 22:14:39.467,0,1.12,0,0,0,0,0
151,2019/10/29 22:14:39.484,0,1.12,0,0,0,0,0
152,2019/10/29 22:14:39.501,0,1.12,0,0,0,0,0
153,2019/10/29 22:14:39.517,0,1.12,0,0,0,0,0
154,2019/10/29 22:14:39.534,0,1.12,0,0,0,0,0
155,2019/10/29 22:14:39.551,0,1.12,0,0,0,0,0
156,2019/10/29 22:14:39.567,0,1.12,0,0,0,0,0
157,2019/10/29 22:14:39.584,0,1.12,0,0,0,0,0
158,2019/10/29 22:14:39.600,0,1.12,0,0,0,0,0
159,2019/10/29 22:14:39.617,0,1.12,0,0,0,0,0
160,2019/10/29 22:14:39.634,0,1.12,0,0,0,0,0
161,2019/10/29 22:14:39.650,0,1.12,0,0,0,0,0
162,2019/10/29 22:14:39.667,0,1.12,0,0,0,0,0
163,2019/10/29 22:14:39.684,0,1.12,0,0,0,0,0
164,2019/10/29 22:14:39.700,0,1.12,0,0,0,0,0
165,2019/10/29 22:14:39.716,0,1.12,0,0,0,0,0
166,2019/10/29 22:14:39.733,0,1.12,0,0,0,0,0
167,2019/10/29 22:14:39.750,0,1.12,0,0,0,0,0
168,2019/10/29 22:14:39.767,0,1.12,0,0,0,0,0
169,2019/10/29 22:14:39.783,0,1.12,0,0,0,0,0
170,2019/10/29 22:14:39.800,0,1.12,0,0,0,0,0
171,2019/10/29 22:14:39.815,0,1.12,0,0,0,0,0
172,2019/10/29 22:14:39.832,0,1.12,0,0,0,0,0
173,2019/10/29 22:14:39.848,0,1.12,0,0,0,0,0
174,2019/10/29 22:14:39.865,0,1.12,0,0,0,0,0
175,2019/10/29 22:14:39.882,0,1.12,0,0,0,0,0
176,2019/10/29 22:14:39.899,0,1.12,0,0,0,0,0
177,2019/10/29 22:14:39.915,0,1.12,0,0,0,0,0
178,2019/10/29 22:14:39.932,0,1.12,0,0,0,0,0
179,2019/10/29 22:14:39.949,0,1.12,0,0,0,0,0
180,2019/10/29 22:14:39.965,0,1.12,0,0,0,0,0
181,2019/10/29 22:14:39.981,0,1.12,0,0,0,0,0
182,2019/10/29 22:14:39.998,0,1.12,0,0,0,0,0
183,2019/10/29 22:14:40.15,0,1.12,0,0,0,0,0
184,2019/10/29 22:14:40.32,0,1.12,0,0,0,0,0
185,2019/10/29 22:14:40.48,0,1.12,0,0,0,0,0
186,2019/10/29 22:14:40.64,0,1.12,0,0,0,0,0
187,2019/10/29 22:14:40.80,0,1.12,0,0,0,0,0
188,2019/10/29 22:14:40.97,0,1.12,0,0,0,0,0
189,2019/10/29 22:14:40.114,0,1.12,0,0,0,0,0
190,2019/10/29 22:14:40.131,0,1.12,0,0,0,0,0
191,2019/10/29 22:14:40.147,0,1.12,0,0,0,0,0
192,2019/10/29 22:14:40.163,0,1.12,0,0,0,0,0
193,2019/10/29 22:14:40.180,0,1.12,0,0,0,0,0
194,2019/10/29 22:14:40.196,0,1.12,0,0,0,0,0
195,2019/10/29 22:14:40.215,0,1.12,0,0,0,0,0
196,2019/10/29 22:14:40.230,0,1.12,0,0,0,0,0
197,2019/10/29 22:14:40.246,0,1.12,0,0,0,0,0
198,2019/10/29 22:14:40.263,0,1.12,0,0,0,0,0
199,2019/10/29 22:14:40.280,0,1.12,0,0,0,0,0
200,2019/10/29 22:14:40.297,0,1.12,0,0,0,0,0
201,2019/10/29 22:14:40.313,0,1.12,0,0,0,0,0
202,2019/10/29 22:14:40.330,0,1.12,0,0,0,0,0
203,2019/10/29 22:14:40.345,0,1.12,0,0,0,0,0
204,2019/10/29 22:14:40.362,0,1.12,0,0,0,0,0
205,2019/10/29 22:14:40.379,0,1.12,0,0,0,0,0
206,2019/10/29 22:14:40.395,0,1.12,0,0,0,0,0
207,2019/10/29 22:14:40.412,0,1.12,0,0,0,0,0
208,2019/10/29 22:14:40.428,0,1.12,0,0,0,0,0
209,2019/10/29 22:14:40.445,0,1.12,0,0,0,0,0
210,2019/10/29 22:14:40.462,0,1.12,0,0,0,0,0
211,2019/10/29 22:14:40.478,0,1.12,0,0,0,0,0
212,2019/10/29 22:14:40.495,0,1.12,0,0,0,0,0
213,2019/10/29 22:14:40.511,0,1.12,0,0,0,0,0
214,2019/10/29 22:14:40.528,0,1.12,0,0,0,0,0
215,2019/10/29 22:14:40.545,0,1.12,0,0,0,0,0
216,2019/10/29 22:14:40.561,0,1.12,0,0,0,0,0
217,2019/10/29 22:14:40.578,0,1.12,0,0,0,0,0
218,2019/10/29 22:14:40.594,0,1.12,0,0,0,0,0
219,2019/10/29 22:14:40.611,0,1.12,0,0,0,0,0
220,2019/10/29 22:14:40.628,0,1.12,0,0,0,0,0
221,2019/10/29 22:14:40.644,0,1.12,0,0,0,0,0
222,2019/10/29 22:14:40.661,0,1.12,0,0,0,0,0
223,2019/10/29 22:14:40.677,0,1.12,0,0,0,0,0
224,2019/10/29 22:14:40.694,0,1.12,0,0,0,0,0
225,2019/10/29 22:14:40.711,0,1.12,0,0,0,0,0
226,2019/10/29 22:14:40.726,0,1.12,0,0,0,0,0
227,2019/10/29 22:14:40.743,0,1.12,0,0,0,0,0
228,2019/10/29 22:14:40.759,0,1.12,0,0,0,0,0
229,2019/10/29 22:14:40.776,0,1.12,0,0,0,0,0
230,2019/10/29 22:14:40.793,0,1.12,0,0,0,0,0
231,2019/10/29 22:14:40.809,0,1.12,0,0,0,0,0
232,2019/10/29 22:14:40.826,0,1.12,0,0,0,0,0
233,2019/10/29 22:14:40.842,0,1.12,0,0,0,0,0
234,2019/10/29 22:14:40.859,0,1.12,0,0,0,0,0
235,2019/10/29 22:14:40.876,0,1.12,0,0,0,0,0
236,2019/10/29 22:14:40.892,0,1.12,0,0,0,0,0
237,2019/10/29 22:14:40.909,0,1.12,0,0,0,0,0
238,2019/10/29 22:14:40.926,0,1.12,0,0,0,0,0
239,2019/10/29 22:14:40.942,0,1.12,0,0,0,0,0
240,2019/10/29 22:14:40.959,0,1.12,0,0,0,0,0
241,2019/10/29 22:14:40.976,0,1.12,0,0,0,0,0
count,dateTime,degree,shoulderX,shoulderY,shoulderZ,waistX,waistY,waistZ
0,2019/10/29 22:17:20.500,0,1.12,0,0,0,0,0
1,2019/10/29 22:17:20.506,0,1.12,0,0,0,0,0
2,2019/10/29 22:17:20.523,0,1.12,0,0,0,0,0
3,2019/10/29 22:17:20.540,0,1.12,0,0,0,0,0
4,2019/10/29 22:17:20.556,0,1.12,0,0,0,0,0
5,2019/10/29 22:17:20.572,0,1.12,0,0,0,0,0
6,2019/10/29 22:17:20.589,0,1.12,0,0,0,0,0
7,2019/10/29 22:17:20.605,0,1.12,0,0,0,0,0
8,2019/10/29 22:17:20.622,0,1.12,0,0,0,0,0
9,2019/10/29 22:17:20.639,0,1.12,0,0,0,0,0
10,2019/10/29 22:17:20.655,0,1.12,0,0,0,0,0
11,2019/10/29 22:17:20.671,0,1.12,0,0,0,0,0
12,2019/10/29 22:17:20.688,0,1.12,0,0,0,0,0
13,2019/10/29 22:17:20.705,0,1.12,0,0,0,0,0
14,2019/10/29 22:17:20.721,0,1.12,0,0,0,0,0
15,2019/10/29 22:17:20.738,0,1.12,0,0,0,0,0
16,2019/10/29 22:17:20.755,0,1.12,0,0,0,0,0
17,2019/10/29 22:17:20.772,0,1.12,0,0,0,0,0
18,2019/10/29 22:17:20.787,0,1.12,0,0,0,0,0
19,2019/10/29 22:17:20.804,0,1.12,0,0,0,0,0
20,2019/10/29 22:17:20.821,0,1.12,0,0,0,0,0
21,2019/10/29 22:17:20.837,0,1.12,0,0,0,0,0
22,2019/10/29 22:17:20.854,0,1.12,0,0,0,0,0
23,2019/10/29 22:17:20.870,0,1.12,0,0,0,0,0
24,2019/10/29 22:17:20.887,0,1.12,0,0,0,0,0
25,2019/10/29 22:17:20.904,0,1.12,0,0,0,0,0
26,2019/10/29 22:17:20.920,0,1.12,0,0,0,0,0
27,2019/10/29 22:17:20.937,0,1.12,0,0,0,0,0
28,2019/10/29 22:17:20.953,0,1.12,0,0,0,0,0
29,2019/10/29 22:17:20.970,0,1.12,0,0,0,0,0
30,2019/10/29 22:17:20.987,0,1.12,0,0,0,0,0
31,2019/10/29 22:17:21.3,0,1.12,0,0,0,0,0
32,2019/10/29 22:17:21.20,0,1.12,0,0,0,0,0
33,2019/10/29 22:17:21.36,0,1.12,0,0,0,0,0
34,2019/10/29 22:17:21.53,0,1.12,0,0,0,0,0
35,2019/10/29 22:17:21.70,0,1.12,0,0,0,0,0
36,2019/10/29 22:17:21.86,0,1.12,0,0,0,0,0
37,2019/10/29 22:17:21.103,0,1.12,0,0,0,0,0
38,2019/10/29 22:17:21.119,0,1.12,0,0,0,0,0
39,2019/10/29 22:17:21.136,0,1.12,0,0,0,0,0
40,2019/10/29 22:17:21.153,0,1.12,0,0,0,0,0
41,2019/10/29 22:17:21.169,0,1.12,0,0,0,0,0
42,2019/10/29 22:17:21.185,0,1.12,0,0,0,0,0
43,2019/10/29 22:17:21.202,0,1.12,0,0,0,0,0
44,2019/10/29 22:17:21.219,0,1.12,0,0,0,0,0
45,2019/10/29 22:17:21.235,0,1.12,0,0,0,0,0
46,2019/10/29 22:17:21.252,0,1.12,0,0,0,0,0
47,2019/10/29 22:17:21.268,0,1.12,0,0,0,0,0
48,2019/10/29 22:17:21.285,0,1.12,0,0,0,0,0
49,2019/10/29 22:17:21.302,0,1.12,0,0,0,0,0
50,2019/10/29 22:17:21.318,0,1.12,0,0,0,0,0
51,2019/10/29 22:17:21.335,0,1.12,0,0,0,0,0
52,2019/10/29 22:17:21.351,0,1.12,0,0,0,0,0
53,2019/10/29 22:17:21.367,0,1.12,0,0,0,0,0
54,2019/10/29 22:17:21.384,0,1.12,0,0,0,0,0
55,2019/10/29 22:17:21.401,0,1.12,0,0,0,0,0
56,2019/10/29 22:17:21.417,0,1.12,0,0,0,0,0
57,2019/10/29 22:17:21.434,0,1.12,0,0,0,0,0
58,2019/10/29 22:17:21.450,0,1.12,0,0,0,0,0
59,2019/10/29 22:17:21.467,0,1.12,0,0,0,0,0
60,2019/10/29 22:17:21.484,0,1.12,0,0,0,0,0
61,2019/10/29 22:17:21.500,0,1.12,0,0,0,0,0
62,2019/10/29 22:17:21.517,0,1.12,0,0,0,0,0
63,2019/10/29 22:17:21.533,0,1.12,0,0,0,0,0
64,2019/10/29 22:17:21.550,0,1.12,0,0,0,0,0
65,2019/10/29 22:17:21.567,0,1.12,0,0,0,0,0
66,2019/10/29 22:17:21.583,0,1.12,0,0,0,0,0
67,2019/10/29 22:17:21.599,0,1.12,0,0,0,0,0
68,2019/10/29 22:17:21.616,0,1.12,0,0,0,0,0
69,2019/10/29 22:17:21.632,0,1.12,0,0,0,0,0
70,2019/10/29 22:17:21.649,0,1.12,0,0,0,0,0
71,2019/10/29 22:17:21.666,0,1.12,0,0,0,0,0
72,2019/10/29 22:17:21.683,0,1.12,0,0,0,0,0
73,2019/10/29 22:17:21.698,0,1.12,0,0,0,0,0
74,2019/10/29 22:17:21.715,0,1.12,0,0,0,0,0
75,2019/10/29 22:17:21.732,0,1.12,0,0,0,0,0
76,2019/10/29 22:17:21.748,0,1.12,0,0,0,0,0
77,2019/10/29 22:17:21.765,0,1.12,0,0,0,0,0
78,2019/10/29 22:17:21.782,0,1.12,0,0,0,0,0
79,2019/10/29 22:17:21.799,0,1.12,0,0,0,0,0
80,2019/10/29 22:17:21.815,0,1.12,0,0,0,0,0
81,2019/10/29 22:17:21.832,0,1.12,0,0,0,0,0
82,2019/10/29 22:17:21.848,0,1.12,0,0,0,0,0
83,2019/10/29 22:17:21.865,0,1.12,0,0,0,0,0
84,2019/10/29 22:17:21.882,0,1.12,0,0,0,0,0
85,2019/10/29 22:17:21.897,0,1.12,0,0,0,0,0
86,2019/10/29 22:17:21.914,0,1.12,0,0,0,0,0
87,2019/10/29 22:17:21.931,0,1.12,0,0,0,0,0
88,2019/10/29 22:17:21.947,0,1.12,0,0,0,0,0
89,2019/10/29 22:17:21.964,0,1.12,0,0,0,0,0
90,2019/10/29 22:17:21.980,0,1.12,0,0,0,0,0
91,2019/10/29 22:17:21.997,0,1.12,0,0,0,0,0
92,2019/10/29 22:17:22.14,0,1.12,0,0,0,0,0
93,2019/10/29 22:17:22.31,0,1.12,0,0,0,0,0
94,2019/10/29 22:17:22.47,0,1.12,0,0,0,0,0
95,2019/10/29 22:17:22.64,0,1.12,0,0,0,0,0
96,2019/10/29 22:17:22.80,0,1.12,0,0,0,0,0
97,2019/10/29 22:17:22.96,0,1.12,0,0,0,0,0
98,2019/10/29 22:17:22.114,0,1.12,0,0,0,0,0
99,2019/10/29 22:17:22.130,0,1.12,0,0,0,0,0
100,2019/10/29 22:17:22.146,0,1.12,0,0,0,0,0
101,2019/10/29 22:17:22.164,0,1.12,0,0,0,0,0
102,2019/10/29 22:17:22.180,0,1.12,0,0,0,0,0
103,2019/10/29 22:17:22.197,0,1.12,0,0,0,0,0
104,2019/10/29 22:17:22.212,0,1.12,0,0,0,0,0
105,2019/10/29 22:17:22.230,0,1.12,0,0,0,0,0
106,2019/10/29 22:17:22.246,0,1.12,0,0,0,0,0
107,2019/10/29 22:17:22.262,0,1.12,0,0,0,0,0
108,2019/10/29 22:17:22.279,0,1.12,0,0,0,0,0
109,2019/10/29 22:17:22.295,0,1.12,0,0,0,0,0
110,2019/10/29 22:17:22.312,0,1.12,0,0,0,0,0
111,2019/10/29 22:17:22.328,0,1.12,0,0,0,0,0
112,2019/10/29 22:17:22.345,0,1.12,0,0,0,0,0
113,2019/10/29 22:17:22.362,0,1.12,0,0,0,0,0
114,2019/10/29 22:17:22.379,0,1.12,0,0,0,0,0
115,2019/10/29 22:17:22.395,0,1.12,0,0,0,0,0
116,2019/10/29 22:17:22.411,0,1.12,0,0,0,0,0
117,2019/10/29 22:17:22.428,0,1.12,0,0,0,0,0
118,2019/10/29 22:17:22.445,0,1.12,0,0,0,0,0
119,2019/10/29 22:17:22.461,0,1.12,0,0,0,0,0
120,2019/10/29 22:17:22.477,0,1.12,0,0,0,0,0
121,2019/10/29 22:17:22.494,0,1.12,0,0,0,0,0
122,2019/10/29 22:17:22.510,0,1.12,0,0,0,0,0
123,2019/10/29 22:17:22.527,0,1.12,0,0,0,0,0
124,2019/10/29 22:17:22.543,0,1.12,0,0,0,0,0
125,2019/10/29 22:17:22.560,0,1.12,0,0,0,0,0
126,2019/10/29 22:17:22.577,0,1.12,0,0,0,0,0
127,2019/10/29 22:17:22.594,0,1.12,0,0,0,0,0
128,2019/10/29 22:17:22.610,0,1.12,0,0,0,0,0
129,2019/10/29 22:17:22.627,0,1.12,0,0,0,0,0
130,2019/10/29 22:17:22.643,0,1.12,0,0,0,0,0
131,2019/10/29 22:17:22.660,0,1.12,0,0,0,0,0
132,2019/10/29 22:17:22.677,0,1.12,0,0,0,0,0
133,2019/10/29 22:17:22.694,0,1.12,0,0,0,0,0
134,2019/10/29 22:17:22.709,0,1.12,0,0,0,0,0
135,2019/10/29 22:17:22.725,0,1.12,0,0,0,0,0
136,2019/10/29 22:17:22.742,0,1.12,0,0,0,0,0
137,2019/10/29 22:17:22.759,0,1.12,0,0,0,0,0
138,2019/10/29 22:17:22.775,0,1.12,0,0,0,0,0
139,2019/10/29 22:17:22.792,0,1.12,0,0,0,0,0
140,2019/10/29 22:17:22.809,0,1.12,0,0,0,0,0
141,2019/10/29 22:17:22.825,0,1.12,0,0,0,0,0
142,2019/10/29 22:17:22.842,0,1.12,0,0,0,0,0
143,2019/10/29 22:17:22.858,0,1.12,0,0,0,0,0
144,2019/10/29 22:17:22.875,0,1.12,0,0,0,0,0
145,2019/10/29 22:17:22.892,0,1.12,0,0,0,0,0
146,2019/10/29 22:17:22.908,0,1.12,0,0,0,0,0
147,2019/10/29 22:17:22.925,0,1.12,0,0,0,0,0
148,2019/10/29 22:17:22.942,0,1.12,0,0,0,0,0
149,2019/10/29 22:17:22.958,0,1.12,0,0,0,0,0
150,2019/10/29 22:17:22.975,0,1.12,0,0,0,0,0
151,2019/10/29 22:17:22.991,0,1.12,0,0,0,0,0
count,dateTime,degree,shoulderX,shoulderY,shoulderZ,waistX,waistY,waistZ
count,dateTime,degree,shoulderX,shoulderY,shoulderZ,waistX,waistY,waistZ
count,dateTime,degree,shoulderX,shoulderY,shoulderZ,waistX,waistY,waistZ
count,dateTime,degree,shoulderX,shoulderY,shoulderZ,waistX,waistY,waistZ
count,dateTime,degree,shoulderX,shoulderY,shoulderZ,waistX,waistY,waistZ
0,2019/10/29 22:26:59.506,0,1.12,0,0,0,0,0
1,2019/10/29 22:26:59.516,0,1.12,0,0,0,0,0
2,2019/10/29 22:26:59.533,0,1.12,0,0,0,0,0
3,2019/10/29 22:26:59.549,0,1.12,0,0,0,0,0
4,2019/10/29 22:26:59.565,0,1.12,0,0,0,0,0
5,2019/10/29 22:26:59.582,0,1.12,0,0,0,0,0
6,2019/10/29 22:26:59.598,0,1.12,0,0,0,0,0
7,2019/10/29 22:26:59.615,0,1.12,0,0,0,0,0
8,2019/10/29 22:26:59.632,0,1.12,0,0,0,0,0
9,2019/10/29 22:26:59.649,0,1.12,0,0,0,0,0
10,2019/10/29 22:26:59.665,0,1.12,0,0,0,0,0
11,2019/10/29 22:26:59.682,0,1.12,0,0,0,0,0
12,2019/10/29 22:26:59.698,0,1.12,0,0,0,0,0
13,2019/10/29 22:26:59.715,0,1.12,0,0,0,0,0
14,2019/10/29 22:26:59.731,0,1.12,0,0,0,0,0
15,2019/10/29 22:26:59.748,0,1.12,0,0,0,0,0
16,2019/10/29 22:26:59.765,0,1.12,0,0,0,0,0
17,2019/10/29 22:26:59.781,0,1.12,0,0,0,0,0
18,2019/10/29 22:26:59.797,0,1.12,0,0,0,0,0
19,2019/10/29 22:26:59.814,0,1.12,0,0,0,0,0
20,2019/10/29 22:26:59.831,0,1.12,0,0,0,0,0
21,2019/10/29 22:26:59.847,0,1.12,0,0,0,0,0
22,2019/10/29 22:26:59.864,0,1.12,0,0,0,0,0
23,2019/10/29 22:26:59.881,0,1.12,0,0,0,0,0
24,2019/10/29 22:26:59.897,0,1.12,0,0,0,0,0
25,2019/10/29 22:26:59.914,0,1.12,0,0,0,0,0
26,2019/10/29 22:26:59.930,0,1.12,0,0,0,0,0
27,2019/10/29 22:26:59.947,0,1.12,0,0,0,0,0
28,2019/10/29 22:26:59.964,0,1.12,0,0,0,0,0
29,2019/10/29 22:26:59.980,0,1.12,0,0,0,0,0
30,2019/10/29 22:26:59.996,0,1.12,0,0,0,0,0
31,2019/10/29 22:27:00.12,0,1.12,0,0,0,0,0
32,2019/10/29 22:27:00.29,0,1.12,0,0,0,0,0
33,2019/10/29 22:27:00.46,0,1.12,0,0,0,0,0
34,2019/10/29 22:27:00.62,0,1.12,0,0,0,0,0
35,2019/10/29 22:27:00.79,0,1.12,0,0,0,0,0
36,2019/10/29 22:27:00.95,0,1.12,0,0,0,0,0
37,2019/10/29 22:27:00.112,0,1.12,0,0,0,0,0
38,2019/10/29 22:27:00.129,0,1.12,0,0,0,0,0
39,2019/10/29 22:27:00.146,0,1.12,0,0,0,0,0
40,2019/10/29 22:27:00.162,0,1.12,0,0,0,0,0
41,2019/10/29 22:27:00.178,0,1.12,0,0,0,0,0
42,2019/10/29 22:27:00.195,0,1.12,0,0,0,0,0
43,2019/10/29 22:27:00.212,0,1.12,0,0,0,0,0
44,2019/10/29 22:27:00.229,0,1.12,0,0,0,0,0
45,2019/10/29 22:27:00.245,0,1.12,0,0,0,0,0
46,2019/10/29 22:27:00.261,0,1.12,0,0,0,0,0
47,2019/10/29 22:27:00.278,0,1.12,0,0,0,0,0
48,2019/10/29 22:27:00.295,0,1.12,0,0,0,0,0
49,2019/10/29 22:27:00.311,0,1.12,0,0,0,0,0
50,2019/10/29 22:27:00.328,0,1.12,0,0,0,0,0
51,2019/10/29 22:27:00.345,0,1.12,0,0,0,0,0
52,2019/10/29 22:27:00.362,0,1.12,0,0,0,0,0
53,2019/10/29 22:27:00.377,0,1.12,0,0,0,0,0
54,2019/10/29 22:27:00.393,0,1.12,0,0,0,0,0
55,2019/10/29 22:27:00.410,0,1.12,0,0,0,0,0
56,2019/10/29 22:27:00.427,0,1.12,0,0,0,0,0
57,2019/10/29 22:27:00.443,0,1.12,0,0,0,0,0
58,2019/10/29 22:27:00.460,0,1.12,0,0,0,0,0
59,2019/10/29 22:27:00.476,0,1.12,0,0,0,0,0
60,2019/10/29 22:27:00.494,0,1.12,0,0,0,0,0
61,2019/10/29 22:27:00.510,0,1.12,0,0,0,0,0
62,2019/10/29 22:27:00.527,0,1.12,0,0,0,0,0
63,2019/10/29 22:27:00.543,0,1.12,0,0,0,0,0
64,2019/10/29 22:27:00.560,0,1.12,0,0,0,0,0
65,2019/10/29 22:27:00.577,0,1.12,0,0,0,0,0
66,2019/10/29 22:27:00.593,0,1.12,0,0,0,0,0
67,2019/10/29 22:27:00.609,0,1.12,0,0,0,0,0
68,2019/10/29 22:27:00.626,0,1.12,0,0,0,0,0
69,2019/10/29 22:27:00.643,0,1.12,0,0,0,0,0
70,2019/10/29 22:27:00.660,0,1.12,0,0,0,0,0
71,2019/10/29 22:27:00.676,0,1.12,0,0,0,0,0
72,2019/10/29 22:27:00.692,0,1.12,0,0,0,0,0
73,2019/10/29 22:27:00.709,0,1.12,0,0,0,0,0
74,2019/10/29 22:27:00.726,0,1.12,0,0,0,0,0
75,2019/10/29 22:27:00.741,0,1.12,0,0,0,0,0
76,2019/10/29 22:27:00.758,0,1.12,0,0,0,0,0
77,2019/10/29 22:27:00.775,0,1.12,0,0,0,0,0
78,2019/10/29 22:27:00.791,0,1.12,0,0,0,0,0
79,2019/10/29 22:27:00.808,0,1.12,0,0,0,0,0
80,2019/10/29 22:27:00.824,0,1.12,0,0,0,0,0
81,2019/10/29 22:27:00.841,0,1.12,0,0,0,0,0
82,2019/10/29 22:27:00.858,0,1.12,0,0,0,0,0
83,2019/10/29 22:27:00.874,0,1.12,0,0,0,0,0
84,2019/10/29 22:27:00.891,0,1.12,0,0,0,0,0
85,2019/10/29 22:27:00.908,0,1.12,0,0,0,0,0
86,2019/10/29 22:27:00.924,0,1.12,0,0,0,0,0
87,2019/10/29 22:27:00.941,0,1.12,0,0,0,0,0
88,2019/10/29 22:27:00.958,0,1.12,0,0,0,0,0
89,2019/10/29 22:27:00.974,0,1.12,0,0,0,0,0
90,2019/10/29 22:27:00.991,0,1.12,0,0,0,0,0
91,2019/10/29 22:27:01.7,0,1.12,0,0,0,0,0
92,2019/10/29 22:27:01.23,0,1.12,0,0,0,0,0
93,2019/10/29 22:27:01.40,0,1.12,0,0,0,0,0
94,2019/10/29 22:27:01.56,0,1.12,0,0,0,0,0
95,2019/10/29 22:27:01.73,0,1.12,0,0,0,0,0
96,2019/10/29 22:27:01.89,0,1.12,0,0,0,0,0
97,2019/10/29 22:27:01.106,0,1.12,0,0,0,0,0
98,2019/10/29 22:27:01.123,0,1.12,0,0,0,0,0
99,2019/10/29 22:27:01.140,0,1.12,0,0,0,0,0
100,2019/10/29 22:27:01.156,0,1.12,0,0,0,0,0
101,2019/10/29 22:27:01.173,0,1.12,0,0,0,0,0
102,2019/10/29 22:27:01.189,0,1.12,0,0,0,0,0
103,2019/10/29 22:27:01.206,0,1.12,0,0,0,0,0
104,2019/10/29 22:27:01.222,0,1.12,0,0,0,0,0
105,2019/10/29 22:27:01.239,0,1.12,0,0,0,0,0
106,2019/10/29 22:27:01.256,0,1.12,0,0,0,0,0
107,2019/10/29 22:27:01.272,0,1.12,0,0,0,0,0
108,2019/10/29 22:27:01.289,0,1.12,0,0,0,0,0
109,2019/10/29 22:27:01.305,0,1.12,0,0,0,0,0
110,2019/10/29 22:27:01.321,0,1.12,0,0,0,0,0
111,2019/10/29 22:27:01.338,0,1.12,0,0,0,0,0
112,2019/10/29 22:27:01.355,0,1.12,0,0,0,0,0
113,2019/10/29 22:27:01.372,0,1.12,0,0,0,0,0
114,2019/10/29 22:27:01.388,0,1.12,0,0,0,0,0
115,2019/10/29 22:27:01.404,0,1.12,0,0,0,0,0
116,2019/10/29 22:27:01.420,0,1.12,0,0,0,0,0
117,2019/10/29 22:27:01.437,0,1.12,0,0,0,0,0
118,2019/10/29 22:27:01.454,0,1.12,0,0,0,0,0
119,2019/10/29 22:27:01.470,0,1.12,0,0,0,0,0
120,2019/10/29 22:27:01.487,0,1.12,0,0,0,0,0
121,2019/10/29 22:27:01.504,0,1.12,0,0,0,0,0
122,2019/10/29 22:27:01.520,0,1.12,0,0,0,0,0
123,2019/10/29 22:27:01.537,0,1.12,0,0,0,0,0
124,2019/10/29 22:27:01.554,0,1.12,0,0,0,0,0
125,2019/10/29 22:27:01.570,0,1.12,0,0,0,0,0
126,2019/10/29 22:27:01.587,0,1.12,0,0,0,0,0
127,2019/10/29 22:27:01.603,0,1.12,0,0,0,0,0
128,2019/10/29 22:27:01.620,0,1.12,0,0,0,0,0
129,2019/10/29 22:27:01.636,0,1.12,0,0,0,0,0
130,2019/10/29 22:27:01.653,0,1.12,0,0,0,0,0
131,2019/10/29 22:27:01.670,0,1.12,0,0,0,0,0
132,2019/10/29 22:27:01.687,0,1.12,0,0,0,0,0
133,2019/10/29 22:27:01.703,0,1.12,0,0,0,0,0
134,2019/10/29 22:27:01.720,0,1.12,0,0,0,0,0
135,2019/10/29 22:27:01.736,0,1.12,0,0,0,0,0
136,2019/10/29 22:27:01.753,0,1.12,0,0,0,0,0
137,2019/10/29 22:27:01.769,0,1.12,0,0,0,0,0
138,2019/10/29 22:27:01.785,0,1.12,0,0,0,0,0
139,2019/10/29 22:27:01.801,0,1.12,0,0,0,0,0
140,2019/10/29 22:27:01.818,0,1.12,0,0,0,0,0
141,2019/10/29 22:27:01.835,0,1.12,0,0,0,0,0
142,2019/10/29 22:27:01.852,0,1.12,0,0,0,0,0
143,2019/10/29 22:27:01.868,0,1.12,0,0,0,0,0
144,2019/10/29 22:27:01.885,0,1.12,0,0,0,0,0
145,2019/10/29 22:27:01.901,0,1.12,0,0,0,0,0
146,2019/10/29 22:27:01.918,0,1.12,0,0,0,0,0
147,2019/10/29 22:27:01.934,0,1.12,0,0,0,0,0
148,2019/10/29 22:27:01.951,0,1.12,0,0,0,0,0
149,2019/10/29 22:27:01.968,0,1.12,0,0,0,0,0
150,2019/10/29 22:27:01.985,0,1.12,0,0,0,0,0
count,dateTime,degree,shoulderX,shoulderY,shoulderZ,waistX,waistY,waistZ
0,2019/10/29 22:27:26.967,0,1.12,0,0,0,0,0
1,2019/10/29 22:27:26.980,0,1.12,0,0,0,0,0
2,2019/10/29 22:27:26.997,0,1.12,0,0,0,0,0
3,2019/10/29 22:27:27.13,0,1.12,0,0,0,0,0
4,2019/10/29 22:27:27.30,0,1.12,0,0,0,0,0
5,2019/10/29 22:27:27.47,0,1.12,0,0,0,0,0
6,2019/10/29 22:27:27.63,0,1.12,0,0,0,0,0
7,2019/10/29 22:27:27.80,0,1.12,0,0,0,0,0
8,2019/10/29 22:27:27.97,0,1.12,0,0,0,0,0
9,2019/10/29 22:27:27.113,0,1.12,0,0,0,0,0
10,2019/10/29 22:27:27.130,0,1.12,0,0,0,0,0
11,2019/10/29 22:27:27.146,0,1.12,0,0,0,0,0
12,2019/10/29 22:27:27.163,0,1.12,0,0,0,0,0
13,2019/10/29 22:27:27.179,0,1.12,0,0,0,0,0
14,2019/10/29 22:27:27.196,0,1.12,0,0,0,0,0
15,2019/10/29 22:27:27.213,0,1.12,0,0,0,0,0
16,2019/10/29 22:27:27.229,0,1.12,0,0,0,0,0
17,2019/10/29 22:27:27.246,0,1.12,0,0,0,0,0
18,2019/10/29 22:27:27.263,0,1.12,0,0,0,0,0
19,2019/10/29 22:27:27.279,0,1.12,0,0,0,0,0
20,2019/10/29 22:27:27.296,0,1.12,0,0,0,0,0
21,2019/10/29 22:27:27.312,0,1.12,0,0,0,0,0
22,2019/10/29 22:27:27.329,0,1.12,0,0,0,0,0
23,2019/10/29 22:27:27.346,0,1.12,0,0,0,0,0
24,2019/10/29 22:27:27.361,0,1.12,0,0,0,0,0
25,2019/10/29 22:27:27.378,0,1.12,0,0,0,0,0
26,2019/10/29 22:27:27.394,0,1.12,0,0,0,0,0
27,2019/10/29 22:27:27.411,0,1.12,0,0,0,0,0
28,2019/10/29 22:27:27.428,0,1.12,0,0,0,0,0
29,2019/10/29 22:27:27.445,0,1.12,0,0,0,0,0
30,2019/10/29 22:27:27.461,0,1.12,0,0,0,0,0
31,2019/10/29 22:27:27.478,0,1.12,0,0,0,0,0
32,2019/10/29 22:27:27.495,0,1.12,0,0,0,0,0
33,2019/10/29 22:27:27.511,0,1.12,0,0,0,0,0
34,2019/10/29 22:27:27.528,0,1.12,0,0,0,0,0
35,2019/10/29 22:27:27.544,0,1.12,0,0,0,0,0
36,2019/10/29 22:27:27.560,0,1.12,0,0,0,0,0
37,2019/10/29 22:27:27.577,0,1.12,0,0,0,0,0
38,2019/10/29 22:27:27.594,0,1.12,0,0,0,0,0
39,2019/10/29 22:27:27.610,0,1.12,0,0,0,0,0
40,2019/10/29 22:27:27.627,0,1.12,0,0,0,0,0
41,2019/10/29 22:27:27.643,0,1.12,0,0,0,0,0
42,2019/10/29 22:27:27.659,0,1.12,0,0,0,0,0
43,2019/10/29 22:27:27.676,0,1.12,0,0,0,0,0
44,2019/10/29 22:27:27.693,0,1.12,0,0,0,0,0
45,2019/10/29 22:27:27.709,0,1.12,0,0,0,0,0
46,2019/10/29 22:27:27.726,0,1.12,0,0,0,0,0
47,2019/10/29 22:27:27.742,0,1.12,0,0,0,0,0
48,2019/10/29 22:27:27.759,0,1.12,0,0,0,0,0
49,2019/10/29 22:27:27.775,0,1.12,0,0,0,0,0
50,2019/10/29 22:27:27.792,0,1.12,0,0,0,0,0
51,2019/10/29 22:27:27.808,0,1.12,0,0,0,0,0
52,2019/10/29 22:27:27.825,0,1.12,0,0,0,0,0
53,2019/10/29 22:27:27.842,0,1.12,0,0,0,0,0
54,2019/10/29 22:27:27.859,0,1.12,0,0,0,0,0
55,2019/10/29 22:27:27.875,0,1.12,0,0,0,0,0
56,2019/10/29 22:27:27.891,0,1.12,0,0,0,0,0
57,2019/10/29 22:27:27.909,0,1.12,0,0,0,0,0
58,2019/10/29 22:27:27.925,0,1.12,0,0,0,0,0
59,2019/10/29 22:27:27.941,0,1.12,0,0,0,0,0
60,2019/10/29 22:27:27.958,0,1.12,0,0,0,0,0
61,2019/10/29 22:27:27.975,0,1.12,0,0,0,0,0
62,2019/10/29 22:27:27.991,0,1.12,0,0,0,0,0
63,2019/10/29 22:27:28.8,0,1.12,0,0,0,0,0
64,2019/10/29 22:27:28.25,0,1.12,0,0,0,0,0
65,2019/10/29 22:27:28.42,0,1.12,0,0,0,0,0
66,2019/10/29 22:27:28.57,0,1.12,0,0,0,0,0
67,2019/10/29 22:27:28.74,0,1.12,0,0,0,0,0
68,2019/10/29 22:27:28.91,0,1.12,0,0,0,0,0
69,2019/10/29 22:27:28.106,0,1.12,0,0,0,0,0
70,2019/10/29 22:27:28.123,0,1.12,0,0,0,0,0
71,2019/10/29 22:27:28.139,0,1.12,0,0,0,0,0
72,2019/10/29 22:27:28.156,0,1.12,0,0,0,0,0
73,2019/10/29 22:27:28.173,0,1.12,0,0,0,0,0
74,2019/10/29 22:27:28.190,0,1.12,0,0,0,0,0
75,2019/10/29 22:27:28.206,0,1.12,0,0,0,0,0
76,2019/10/29 22:27:28.223,0,1.12,0,0,0,0,0
77,2019/10/29 22:27:28.240,0,1.12,0,0,0,0,0
78,2019/10/29 22:27:28.256,0,1.12,0,0,0,0,0
79,2019/10/29 22:27:28.272,0,1.12,0,0,0,0,0
80,2019/10/29 22:27:28.290,0,1.12,0,0,0,0,0
81,2019/10/29 22:27:28.306,0,1.12,0,0,0,0,0
82,2019/10/29 22:27:28.322,0,1.12,0,0,0,0,0
83,2019/10/29 22:27:28.339,0,1.12,0,0,0,0,0
84,2019/10/29 22:27:28.356,0,1.12,0,0,0,0,0
85,2019/10/29 22:27:28.372,0,1.12,0,0,0,0,0
86,2019/10/29 22:27:28.389,0,1.12,0,0,0,0,0
87,2019/10/29 22:27:28.405,0,1.12,0,0,0,0,0
88,2019/10/29 22:27:28.422,0,1.12,0,0,0,0,0
89,2019/10/29 22:27:28.439,0,1.12,0,0,0,0,0
90,2019/10/29 22:27:28.455,0,1.12,0,0,0,0,0
91,2019/10/29 22:27:28.471,0,1.12,0,0,0,0,0
92,2019/10/29 22:27:28.488,0,1.12,0,0,0,0,0
93,2019/10/29 22:27:28.504,0,1.12,0,0,0,0,0
94,2019/10/29 22:27:28.521,0,1.12,0,0,0,0,0
95,2019/10/29 22:27:28.537,0,1.12,0,0,0,0,0
96,2019/10/29 22:27:28.554,0,1.12,0,0,0,0,0
97,2019/10/29 22:27:28.571,0,1.12,0,0,0,0,0
98,2019/10/29 22:27:28.588,0,1.12,0,0,0,0,0
99,2019/10/29 22:27:28.604,0,1.12,0,0,0,0,0
100,2019/10/29 22:27:28.620,0,1.12,0,0,0,0,0
101,2019/10/29 22:27:28.637,0,1.12,0,0,0,0,0
102,2019/10/29 22:27:28.655,0,1.12,0,0,0,0,0
103,2019/10/29 22:27:28.671,0,1.12,0,0,0,0,0
104,2019/10/29 22:27:28.686,0,1.12,0,0,0,0,0
105,2019/10/29 22:27:28.703,0,1.12,0,0,0,0,0
106,2019/10/29 22:27:28.719,0,1.12,0,0,0,0,0
107,2019/10/29 22:27:28.736,0,1.12,0,0,0,0,0
108,2019/10/29 22:27:28.753,0,1.12,0,0,0,0,0
109,2019/10/29 22:27:28.770,0,1.12,0,0,0,0,0
110,2019/10/29 22:27:28.786,0,1.12,0,0,0,0,0
111,2019/10/29 22:27:28.803,0,1.12,0,0,0,0,0
112,2019/10/29 22:27:28.819,0,1.12,0,0,0,0,0
113,2019/10/29 22:27:28.836,0,1.12,0,0,0,0,0
114,2019/10/29 22:27:28.853,0,1.12,0,0,0,0,0
115,2019/10/29 22:27:28.870,0,1.12,0,0,0,0,0
116,2019/10/29 22:27:28.886,0,1.12,0,0,0,0,0
117,2019/10/29 22:27:28.902,0,1.12,0,0,0,0,0
118,2019/10/29 22:27:28.918,0,1.12,0,0,0,0,0
119,2019/10/29 22:27:28.935,0,1.12,0,0,0,0,0
120,2019/10/29 22:27:28.952,0,1.12,0,0,0,0,0
121,2019/10/29 22:27:28.968,0,1.12,0,0,0,0,0
122,2019/10/29 22:27:28.985,0,1.12,0,0,0,0,0
123,2019/10/29 22:27:29.2,0,1.12,0,0,0,0,0
124,2019/10/29 22:27:29.18,0,1.12,0,0,0,0,0
125,2019/10/29 22:27:29.35,0,1.12,0,0,0,0,0
126,2019/10/29 22:27:29.51,0,1.12,0,0,0,0,0
127,2019/10/29 22:27:29.68,0,1.12,0,0,0,0,0
128,2019/10/29 22:27:29.84,0,1.12,0,0,0,0,0
129,2019/10/29 22:27:29.102,0,1.12,0,0,0,0,0
130,2019/10/29 22:27:29.118,0,1.12,0,0,0,0,0
131,2019/10/29 22:27:29.134,0,1.12,0,0,0,0,0
132,2019/10/29 22:27:29.151,0,1.12,0,0,0,0,0
133,2019/10/29 22:27:29.168,0,1.12,0,0,0,0,0
134,2019/10/29 22:27:29.184,0,1.12,0,0,0,0,0
135,2019/10/29 22:27:29.201,0,1.12,0,0,0,0,0
136,2019/10/29 22:27:29.218,0,1.12,0,0,0,0,0
137,2019/10/29 22:27:29.234,0,1.12,0,0,0,0,0
138,2019/10/29 22:27:29.251,0,1.12,0,0,0,0,0
139,2019/10/29 22:27:29.267,0,1.12,0,0,0,0,0
140,2019/10/29 22:27:29.283,0,1.12,0,0,0,0,0
141,2019/10/29 22:27:29.300,0,1.12,0,0,0,0,0
142,2019/10/29 22:27:29.316,0,1.12,0,0,0,0,0
143,2019/10/29 22:27:29.333,0,1.12,0,0,0,0,0
144,2019/10/29 22:27:29.350,0,1.12,0,0,0,0,0
145,2019/10/29 22:27:29.366,0,1.12,0,0,0,0,0
146,2019/10/29 22:27:29.383,0,1.12,0,0,0,0,0
147,2019/10/29 22:27:29.399,0,1.12,0,0,0,0,0
148,2019/10/29 22:27:29.416,0,1.12,0,0,0,0,0
149,2019/10/29 22:27:29.432,0,1.12,0,0,0,0,0
150,2019/10/29 22:27:29.449,0,1.12,0,0,0,0,0
151,2019/10/29 22:27:29.466,0,1.12,0,0,0,0,0
152,2019/10/29 22:27:29.481,0,1.12,0,0,0,0,0
153,2019/10/29 22:27:29.498,0,1.12,0,0,0,0,0
154,2019/10/29 22:27:29.515,0,1.12,0,0,0,0,0
155,2019/10/29 22:27:29.532,0,1.12,0,0,0,0,0
156,2019/10/29 22:27:29.548,0,1.12,0,0,0,0,0
157,2019/10/29 22:27:29.565,0,1.12,0,0,0,0,0
158,2019/10/29 22:27:29.581,0,1.12,0,0,0,0,0
159,2019/10/29 22:27:29.598,0,1.12,0,0,0,0,0
160,2019/10/29 22:27:29.614,0,1.12,0,0,0,0,0
161,2019/10/29 22:27:29.631,0,1.12,0,0,0,0,0
162,2019/10/29 22:27:29.648,0,1.12,0,0,0,0,0
163,2019/10/29 22:27:29.665,0,1.12,0,0,0,0,0
164,2019/10/29 22:27:29.681,0,1.12,0,0,0,0,0
165,2019/10/29 22:27:29.698,0,1.12,0,0,0,0,0
166,2019/10/29 22:27:29.714,0,1.12,0,0,0,0,0
167,2019/10/29 22:27:29.731,0,1.12,0,0,0,0,0
168,2019/10/29 22:27:29.747,0,1.12,0,0,0,0,0
169,2019/10/29 22:27:29.764,0,1.12,0,0,0,0,0
170,2019/10/29 22:27:29.781,0,1.12,0,0,0,0,0
171,2019/10/29 22:27:29.797,0,1.12,0,0,0,0,0
172,2019/10/29 22:27:29.814,0,1.12,0,0,0,0,0
173,2019/10/29 22:27:29.830,0,1.12,0,0,0,0,0
174,2019/10/29 22:27:29.846,0,1.12,0,0,0,0,0
175,2019/10/29 22:27:29.862,0,1.12,0,0,0,0,0
176,2019/10/29 22:27:29.879,0,1.12,0,0,0,0,0
177,2019/10/29 22:27:29.896,0,1.12,0,0,0,0,0
178,2019/10/29 22:27:29.913,0,1.12,0,0,0,0,0
179,2019/10/29 22:27:29.929,0,1.12,0,0,0,0,0
180,2019/10/29 22:27:29.945,0,1.12,0,0,0,0,0
181,2019/10/29 22:27:29.963,0,1.12,0,0,0,0,0
182,2019/10/29 22:27:29.979,0,1.12,0,0,0,0,0
183,2019/10/29 22:27:29.995,0,1.12,0,0,0,0,0
184,2019/10/29 22:27:30.12,0,1.12,0,0,0,0,0
185,2019/10/29 22:27:30.28,0,1.12,0,0,0,0,0
186,2019/10/29 22:27:30.45,0,1.12,0,0,0,0,0
187,2019/10/29 22:27:30.62,0,1.12,0,0,0,0,0
188,2019/10/29 22:27:30.78,0,1.12,0,0,0,0,0
189,2019/10/29 22:27:30.95,0,1.12,0,0,0,0,0
190,2019/10/29 22:27:30.112,0,1.12,0,0,0,0,0
191,2019/10/29 22:27:30.128,0,1.12,0,0,0,0,0
192,2019/10/29 22:27:30.145,0,1.12,0,0,0,0,0
193,2019/10/29 22:27:30.162,0,1.12,0,0,0,0,0
194,2019/10/29 22:27:30.178,0,1.12,0,0,0,0,0
195,2019/10/29 22:27:30.195,0,1.12,0,0,0,0,0
196,2019/10/29 22:27:30.212,0,1.12,0,0,0,0,0
197,2019/10/29 22:27:30.227,0,1.12,0,0,0,0,0
198,2019/10/29 22:27:30.244,0,1.12,0,0,0,0,0
199,2019/10/29 22:27:30.261,0,1.12,0,0,0,0,0
200,2019/10/29 22:27:30.277,0,1.12,0,0,0,0,0
201,2019/10/29 22:27:30.293,0,1.12,0,0,0,0,0
202,2019/10/29 22:27:30.310,0,1.12,0,0,0,0,0
203,2019/10/29 22:27:30.327,0,1.12,0,0,0,0,0
204,2019/10/29 22:27:30.343,0,1.12,0,0,0,0,0
205,2019/10/29 22:27:30.360,0,1.12,0,0,0,0,0
206,2019/10/29 22:27:30.377,0,1.12,0,0,0,0,0
207,2019/10/29 22:27:30.393,0,1.12,0,0,0,0,0
208,2019/10/29 22:27:30.409,0,1.12,0,0,0,0,0
209,2019/10/29 22:27:30.426,0,1.12,0,0,0,0,0
210,2019/10/29 22:27:30.442,0,1.12,0,0,0,0,0
211,2019/10/29 22:27:30.459,0,1.12,0,0,0,0,0
212,2019/10/29 22:27:30.476,0,1.12,0,0,0,0,0
213,2019/10/29 22:27:30.493,0,1.12,0,0,0,0,0
214,2019/10/29 22:27:30.509,0,1.12,0,0,0,0,0
215,2019/10/29 22:27:30.525,0,1.12,0,0,0,0,0
216,2019/10/29 22:27:30.542,0,1.12,0,0,0,0,0
217,2019/10/29 22:27:30.559,0,1.12,0,0,0,0,0
218,2019/10/29 22:27:30.576,0,1.12,0,0,0,0,0
219,2019/10/29 22:27:30.592,0,1.12,0,0,0,0,0
220,2019/10/29 22:27:30.608,0,1.12,0,0,0,0,0
221,2019/10/29 22:27:30.625,0,1.12,0,0,0,0,0
count,dateTime,degree,shoulderX,shoulderY,shoulderZ,waistX,waistY,waistZ
0,2019/10/29 22:28:24.790,0,1.12,0,0,0,0,0
1,2019/10/29 22:28:24.799,0,1.12,0,0,0,0,0
2,2019/10/29 22:28:24.816,0,1.12,0,0,0,0,0
3,2019/10/29 22:28:24.832,0,1.12,0,0,0,0,0
4,2019/10/29 22:28:24.849,0,1.12,0,0,0,0,0
5,2019/10/29 22:28:24.864,0,1.12,0,0,0,0,0
6,2019/10/29 22:28:24.881,0,1.12,0,0,0,0,0
7,2019/10/29 22:28:24.898,0,1.12,0,0,0,0,0
8,2019/10/29 22:28:24.914,0,1.12,0,0,0,0,0
9,2019/10/29 22:28:24.931,0,1.12,0,0,0,0,0
10,2019/10/29 22:28:24.947,0,1.12,0,0,0,0,0
11,2019/10/29 22:28:24.964,0,1.12,0,0,0,0,0
12,2019/10/29 22:28:24.981,0,1.12,0,0,0,0,0
13,2019/10/29 22:28:24.997,0,1.12,0,0,0,0,0
14,2019/10/29 22:28:25.14,0,1.12,0,0,0,0,0
15,2019/10/29 22:28:25.31,0,1.12,0,0,0,0,0
16,2019/10/29 22:28:25.47,0,1.12,0,0,0,0,0
17,2019/10/29 22:28:25.64,0,1.12,0,0,0,0,0
18,2019/10/29 22:28:25.81,0,1.12,0,0,0,0,0
19,2019/10/29 22:28:25.97,0,1.12,0,0,0,0,0
20,2019/10/29 22:28:25.113,0,1.12,0,0,0,0,0
21,2019/10/29 22:28:25.131,0,1.12,0,0,0,0,0
22,2019/10/29 22:28:25.147,0,1.12,0,0,0,0,0
23,2019/10/29 22:28:25.163,0,1.12,0,0,0,0,0
24,2019/10/29 22:28:25.180,0,1.12,0,0,0,0,0
25,2019/10/29 22:28:25.196,0,1.12,0,0,0,0,0
26,2019/10/29 22:28:25.213,0,1.12,0,0,0,0,0
27,2019/10/29 22:28:25.229,0,1.12,0,0,0,0,0
28,2019/10/29 22:28:25.245,0,1.12,0,0,0,0,0
29,2019/10/29 22:28:25.262,0,1.12,0,0,0,0,0
30,2019/10/29 22:28:25.280,0,1.12,0,0,0,0,0
31,2019/10/29 22:28:25.296,0,1.12,0,0,0,0,0
32,2019/10/29 22:28:25.313,0,1.12,0,0,0,0,0
33,2019/10/29 22:28:25.328,0,1.12,0,0,0,0,0
34,2019/10/29 22:28:25.345,0,1.12,0,0,0,0,0
35,2019/10/29 22:28:25.362,0,1.12,0,0,0,0,0
36,2019/10/29 22:28:25.379,0,1.12,0,0,0,0,0
37,2019/10/29 22:28:25.395,0,1.12,0,0,0,0,0
38,2019/10/29 22:28:25.411,0,1.12,0,0,0,0,0
39,2019/10/29 22:28:25.428,0,1.12,0,0,0,0,0
40,2019/10/29 22:28:25.444,0,1.12,0,0,0,0,0
41,2019/10/29 22:28:25.461,0,1.12,0,0,0,0,0
42,2019/10/29 22:28:25.478,0,1.12,0,0,0,0,0
43,2019/10/29 22:28:25.495,0,1.12,0,0,0,0,0
44,2019/10/29 22:28:25.511,0,1.12,0,0,0,0,0
45,2019/10/29 22:28:25.528,0,1.12,0,0,0,0,0
46,2019/10/29 22:28:25.544,0,1.12,0,0,0,0,0
47,2019/10/29 22:28:25.561,0,1.12,0,0,0,0,0
48,2019/10/29 22:28:25.578,0,1.12,0,0,0,0,0
49,2019/10/29 22:28:25.594,0,1.12,0,0,0,0,0
50,2019/10/29 22:28:25.611,0,1.12,0,0,0,0,0
51,2019/10/29 22:28:25.627,0,1.12,0,0,0,0,0
52,2019/10/29 22:28:25.644,0,1.12,0,0,0,0,0
53,2019/10/29 22:28:25.660,0,1.12,0,0,0,0,0
54,2019/10/29 22:28:25.677,0,1.12,0,0,0,0,0
55,2019/10/29 22:28:25.692,0,1.12,0,0,0,0,0
56,2019/10/29 22:28:25.710,0,1.12,0,0,0,0,0
57,2019/10/29 22:28:25.726,0,1.12,0,0,0,0,0
58,2019/10/29 22:28:25.742,0,1.12,0,0,0,0,0
59,2019/10/29 22:28:25.759,0,1.12,0,0,0,0,0
60,2019/10/29 22:28:25.776,0,1.12,0,0,0,0,0
61,2019/10/29 22:28:25.792,0,1.12,0,0,0,0,0
62,2019/10/29 22:28:25.809,0,1.12,0,0,0,0,0
63,2019/10/29 22:28:25.826,0,1.12,0,0,0,0,0
64,2019/10/29 22:28:25.842,0,1.12,0,0,0,0,0
65,2019/10/29 22:28:25.859,0,1.12,0,0,0,0,0
66,2019/10/29 22:28:25.876,0,1.12,0,0,0,0,0
67,2019/10/29 22:28:25.893,0,1.12,0,0,0,0,0
68,2019/10/29 22:28:25.909,0,1.12,0,0,0,0,0
69,2019/10/29 22:28:25.924,0,1.12,0,0,0,0,0
70,2019/10/29 22:28:25.941,0,1.12,0,0,0,0,0
71,2019/10/29 22:28:25.959,0,1.12,0,0,0,0,0
72,2019/10/29 22:28:25.975,0,1.12,0,0,0,0,0
73,2019/10/29 22:28:25.992,0,1.12,0,0,0,0,0
74,2019/10/29 22:28:26.8,0,1.12,0,0,0,0,0
75,2019/10/29 22:28:26.24,0,1.12,0,0,0,0,0
76,2019/10/29 22:28:26.41,0,1.12,0,0,0,0,0
77,2019/10/29 22:28:26.58,0,1.12,0,0,0,0,0
78,2019/10/29 22:28:26.74,0,1.12,0,0,0,0,0
79,2019/10/29 22:28:26.91,0,1.12,0,0,0,0,0
80,2019/10/29 22:28:26.107,0,1.12,0,0,0,0,0
81,2019/10/29 22:28:26.125,0,1.12,0,0,0,0,0
82,2019/10/29 22:28:26.140,0,1.12,0,0,0,0,0
83,2019/10/29 22:28:26.157,0,1.12,0,0,0,0,0
84,2019/10/29 22:28:26.173,0,1.12,0,0,0,0,0
85,2019/10/29 22:28:26.190,0,1.12,0,0,0,0,0
86,2019/10/29 22:28:26.206,0,1.12,0,0,0,0,0
87,2019/10/29 22:28:26.223,0,1.12,0,0,0,0,0
88,2019/10/29 22:28:26.240,0,1.12,0,0,0,0,0
89,2019/10/29 22:28:26.256,0,1.12,0,0,0,0,0
90,2019/10/29 22:28:26.273,0,1.12,0,0,0,0,0
91,2019/10/29 22:28:26.289,0,1.12,0,0,0,0,0
92,2019/10/29 22:28:26.306,0,1.12,0,0,0,0,0
93,2019/10/29 22:28:26.323,0,1.12,0,0,0,0,0
94,2019/10/29 22:28:26.339,0,1.12,0,0,0,0,0
95,2019/10/29 22:28:26.356,0,1.12,0,0,0,0,0
96,2019/10/29 22:28:26.373,0,1.12,0,0,0,0,0
97,2019/10/29 22:28:26.389,0,1.12,0,0,0,0,0
98,2019/10/29 22:28:26.406,0,1.12,0,0,0,0,0
99,2019/10/29 22:28:26.423,0,1.12,0,0,0,0,0
100,2019/10/29 22:28:26.439,0,1.12,0,0,0,0,0
101,2019/10/29 22:28:26.455,0,1.12,0,0,0,0,0
102,2019/10/29 22:28:26.472,0,1.12,0,0,0,0,0
103,2019/10/29 22:28:26.489,0,1.12,0,0,0,0,0
104,2019/10/29 22:28:26.505,0,1.12,0,0,0,0,0
105,2019/10/29 22:28:26.521,0,1.12,0,0,0,0,0
106,2019/10/29 22:28:26.537,0,1.12,0,0,0,0,0
107,2019/10/29 22:28:26.554,0,1.12,0,0,0,0,0
108,2019/10/29 22:28:26.571,0,1.12,0,0,0,0,0
109,2019/10/29 22:28:26.587,0,1.12,0,0,0,0,0
110,2019/10/29 22:28:26.605,0,1.12,0,0,0,0,0
111,2019/10/29 22:28:26.621,0,1.12,0,0,0,0,0
112,2019/10/29 22:28:26.638,0,1.12,0,0,0,0,0
113,2019/10/29 22:28:26.654,0,1.12,0,0,0,0,0
114,2019/10/29 22:28:26.671,0,1.12,0,0,0,0,0
115,2019/10/29 22:28:26.687,0,1.12,0,0,0,0,0
116,2019/10/29 22:28:26.704,0,1.12,0,0,0,0,0
117,2019/10/29 22:28:26.720,0,1.12,0,0,0,0,0
118,2019/10/29 22:28:26.737,0,1.12,0,0,0,0,0
119,2019/10/29 22:28:26.754,0,1.12,0,0,0,0,0
120,2019/10/29 22:28:26.770,0,1.12,0,0,0,0,0
121,2019/10/29 22:28:26.787,0,1.12,0,0,0,0,0
122,2019/10/29 22:28:26.804,0,1.12,0,0,0,0,0
123,2019/10/29 22:28:26.820,0,1.12,0,0,0,0,0
124,2019/10/29 22:28:26.836,0,1.12,0,0,0,0,0
125,2019/10/29 22:28:26.854,0,1.12,0,0,0,0,0
126,2019/10/29 22:28:26.869,0,1.12,0,0,0,0,0
127,2019/10/29 22:28:26.886,0,1.12,0,0,0,0,0
128,2019/10/29 22:28:26.902,0,1.12,0,0,0,0,0
129,2019/10/29 22:28:26.919,0,1.12,0,0,0,0,0
130,2019/10/29 22:28:26.936,0,1.12,0,0,0,0,0
131,2019/10/29 22:28:26.953,0,1.12,0,0,0,0,0
132,2019/10/29 22:28:26.969,0,1.12,0,0,0,0,0
133,2019/10/29 22:28:26.986,0,1.12,0,0,0,0,0
134,2019/10/29 22:28:27.2,0,1.12,0,0,0,0,0
135,2019/10/29 22:28:27.19,0,1.12,0,0,0,0,0
136,2019/10/29 22:28:27.35,0,1.12,0,0,0,0,0
137,2019/10/29 22:28:27.52,0,1.12,0,0,0,0,0
138,2019/10/29 22:28:27.69,0,1.12,0,0,0,0,0
139,2019/10/29 22:28:27.86,0,1.12,0,0,0,0,0
140,2019/10/29 22:28:27.102,0,1.12,0,0,0,0,0
141,2019/10/29 22:28:27.117,0,1.12,0,0,0,0,0
142,2019/10/29 22:28:27.134,0,1.12,0,0,0,0,0
143,2019/10/29 22:28:27.151,0,1.12,0,0,0,0,0
144,2019/10/29 22:28:27.168,0,1.12,0,0,0,0,0
145,2019/10/29 22:28:27.184,0,1.12,0,0,0,0,0
146,2019/10/29 22:28:27.200,0,1.12,0,0,0,0,0
147,2019/10/29 22:28:27.217,0,1.12,0,0,0,0,0
148,2019/10/29 22:28:27.233,0,1.12,0,0,0,0,0
149,2019/10/29 22:28:27.250,0,1.12,0,0,0,0,0
150,2019/10/29 22:28:27.267,0,1.12,0,0,0,0,0
151,2019/10/29 22:28:27.283,0,1.12,0,0,0,0,0
152,2019/10/29 22:28:27.300,0,1.12,0,0,0,0,0
153,2019/10/29 22:28:27.317,0,1.12,0,0,0,0,0
154,2019/10/29 22:28:27.333,0,1.12,0,0,0,0,0
155,2019/10/29 22:28:27.350,0,1.12,0,0,0,0,0
156,2019/10/29 22:28:27.366,0,1.12,0,0,0,0,0
157,2019/10/29 22:28:27.383,0,1.12,0,0,0,0,0
158,2019/10/29 22:28:27.400,0,1.12,0,0,0,0,0
159,2019/10/29 22:28:27.417,0,1.12,0,0,0,0,0
160,2019/10/29 22:28:27.433,0,1.12,0,0,0,0,0
161,2019/10/29 22:28:27.449,0,1.12,0,0,0,0,0
162,2019/10/29 22:28:27.466,0,1.12,0,0,0,0,0
163,2019/10/29 22:28:27.483,0,1.12,0,0,0,0,0
164,2019/10/29 22:28:27.499,0,1.12,0,0,0,0,0
165,2019/10/29 22:28:27.515,0,1.12,0,0,0,0,0
166,2019/10/29 22:28:27.532,0,1.12,0,0,0,0,0
167,2019/10/29 22:28:27.549,0,1.12,0,0,0,0,0
168,2019/10/29 22:28:27.565,0,1.12,0,0,0,0,0
169,2019/10/29 22:28:27.582,0,1.12,0,0,0,0,0
170,2019/10/29 22:28:27.598,0,1.12,0,0,0,0,0
171,2019/10/29 22:28:27.615,0,1.12,0,0,0,0,0
172,2019/10/29 22:28:27.632,0,1.12,0,0,0,0,0
173,2019/10/29 22:28:27.649,0,1.12,0,0,0,0,0
174,2019/10/29 22:28:27.665,0,1.12,0,0,0,0,0
175,2019/10/29 22:28:27.681,0,1.12,0,0,0,0,0
176,2019/10/29 22:28:27.698,0,1.12,0,0,0,0,0
177,2019/10/29 22:28:27.714,0,1.12,0,0,0,0,0
178,2019/10/29 22:28:27.730,0,1.12,0,0,0,0,0
179,2019/10/29 22:28:27.747,0,1.12,0,0,0,0,0
180,2019/10/29 22:28:27.764,0,1.12,0,0,0,0,0
181,2019/10/29 22:28:27.780,0,1.12,0,0,0,0,0
182,2019/10/29 22:28:27.797,0,1.12,0,0,0,0,0
183,2019/10/29 22:28:27.813,0,1.12,0,0,0,0,0
184,2019/10/29 22:28:27.830,0,1.12,0,0,0,0,0
185,2019/10/29 22:28:27.846,0,1.12,0,0,0,0,0
186,2019/10/29 22:28:27.864,0,1.12,0,0,0,0,0
187,2019/10/29 22:28:27.880,0,1.12,0,0,0,0,0
188,2019/10/29 22:28:27.897,0,1.12,0,0,0,0,0
189,2019/10/29 22:28:27.913,0,1.12,0,0,0,0,0
190,2019/10/29 22:28:27.930,0,1.12,0,0,0,0,0
191,2019/10/29 22:28:27.946,0,1.12,0,0,0,0,0
192,2019/10/29 22:28:27.963,0,1.12,0,0,0,0,0
193,2019/10/29 22:28:27.980,0,1.12,0,0,0,0,0
194,2019/10/29 22:28:27.996,0,1.12,0,0,0,0,0
195,2019/10/29 22:28:28.13,0,1.12,0,0,0,0,0
196,2019/10/29 22:28:28.30,0,1.12,0,0,0,0,0
197,2019/10/29 22:28:28.46,0,1.12,0,0,0,0,0
198,2019/10/29 22:28:28.62,0,1.12,0,0,0,0,0
199,2019/10/29 22:28:28.79,0,1.12,0,0,0,0,0
200,2019/10/29 22:28:28.95,0,1.12,0,0,0,0,0
201,2019/10/29 22:28:28.111,0,1.12,0,0,0,0,0
202,2019/10/29 22:28:28.129,0,1.12,0,0,0,0,0
203,2019/10/29 22:28:28.144,0,1.12,0,0,0,0,0
204,2019/10/29 22:28:28.161,0,1.12,0,0,0,0,0
205,2019/10/29 22:28:28.178,0,1.12,0,0,0,0,0
206,2019/10/29 22:28:28.194,0,1.12,0,0,0,0,0
207,2019/10/29 22:28:28.211,0,1.12,0,0,0,0,0
208,2019/10/29 22:28:28.227,0,1.12,0,0,0,0,0
209,2019/10/29 22:28:28.245,0,1.12,0,0,0,0,0
210,2019/10/29 22:28:28.261,0,1.12,0,0,0,0,0
211,2019/10/29 22:28:28.277,0,1.12,0,0,0,0,0
212,2019/10/29 22:28:28.295,0,1.12,0,0,0,0,0
213,2019/10/29 22:28:28.311,0,1.12,0,0,0,0,0
214,2019/10/29 22:28:28.327,0,1.12,0,0,0,0,0
215,2019/10/29 22:28:28.344,0,1.12,0,0,0,0,0
216,2019/10/29 22:28:28.360,0,1.12,0,0,0,0,0
217,2019/10/29 22:28:28.377,0,1.12,0,0,0,0,0
218,2019/10/29 22:28:28.394,0,1.12,0,0,0,0,0
219,2019/10/29 22:28:28.410,0,1.12,0,0,0,0,0
count,dateTime,degree,shoulderX,shoulderY,shoulderZ,waistX,waistY,waistZ
count,dateTime,degree,shoulderX,shoulderY,shoulderZ,waistX,waistY,waistZ
count,dateTime,degree,shoulderX,shoulderY,shoulderZ,waistX,waistY,waistZ
count,dateTime,degree,shoulderX,shoulderY,shoulderZ,waistX,waistY,waistZ
count,dateTime,degree,shoulderX,shoulderY,shoulderZ,waistX,waistY,waistZ
