count,dateTime,waistX,waistY,waistZ,expStatus,LimitStatus,overStatus,freq
0,2019/11/24 23:30:38.320,7.720677,36.22445,479.5951,1,0,0,100
1,2019/11/24 23:30:38.328,7.720677,36.22445,479.5951,1,0,0,100
2,2019/11/24 23:30:38.345,9.225128,36.91358,479.1854,1,0,0,100
3,2019/11/24 23:30:38.361,9.225128,36.91358,479.1854,1,0,0,100
4,2019/11/24 23:30:38.378,9.225128,36.91358,479.1854,1,0,0,100
5,2019/11/24 23:30:38.397,10.12729,37.19016,478.8385,1,0,0,100
6,2019/11/24 23:30:38.413,10.12729,37.19016,478.8385,1,0,0,100
7,2019/11/24 23:30:38.430,10.15561,37.13248,479.0743,1,0,0,100
8,2019/11/24 23:30:38.446,10.15561,37.13248,479.0743,1,0,0,100
9,2019/11/24 23:30:38.463,10.15561,37.13248,479.0743,1,0,0,100
10,2019/11/24 23:30:38.480,10.18627,37.17544,479.4344,1,0,0,100
11,2019/11/24 23:30:38.497,10.18627,37.17544,479.4344,1,0,0,100
12,2019/11/24 23:30:38.513,10.18627,37.17544,479.4344,1,0,0,100
13,2019/11/24 23:30:38.530,10.18627,37.17544,479.4344,1,0,0,100
14,2019/11/24 23:30:38.546,10.37059,36.94146,479.6877,1,0,0,100
15,2019/11/24 23:30:38.563,10.37059,36.94146,479.6877,1,0,0,100
16,2019/11/24 23:30:38.578,10.37059,36.94146,479.6877,1,0,0,100
17,2019/11/24 23:30:38.597,10.48551,37.57802,479.6786,1,0,0,100
18,2019/11/24 23:30:38.613,10.48551,37.57802,479.6786,1,0,0,100
19,2019/11/24 23:30:38.628,10.48551,37.57802,479.6786,1,0,0,100
20,2019/11/24 23:30:38.645,11.03496,38.55617,479.3992,1,0,0,100
21,2019/11/24 23:30:38.662,11.03496,38.55617,479.3992,1,0,0,100
22,2019/11/24 23:30:38.679,11.03496,38.55617,479.3992,1,0,0,100
23,2019/11/24 23:30:38.695,11.0194,39.35673,479.0462,1,0,0,100
24,2019/11/24 23:30:38.711,11.0194,39.35673,479.0462,1,0,0,100
25,2019/11/24 23:30:38.728,11.0194,39.35673,479.0462,1,0,0,100
26,2019/11/24 23:30:38.745,11.17597,40.01156,478.8205,1,0,0,100
27,2019/11/24 23:30:38.762,11.17597,40.01156,478.8205,1,0,0,100
28,2019/11/24 23:30:38.778,11.17597,40.01156,478.8205,1,0,0,100
29,2019/11/24 23:30:38.795,11.00375,40.44592,478.6526,1,0,0,100
30,2019/11/24 23:30:38.811,11.00375,40.44592,478.6526,1,0,0,100
31,2019/11/24 23:30:38.828,11.00375,40.44592,478.6526,1,0,0,100
32,2019/11/24 23:30:38.844,10.85971,40.6101,478.6738,1,0,0,100
33,2019/11/24 23:30:38.861,10.85971,40.6101,478.6738,1,0,0,100
34,2019/11/24 23:30:38.877,10.67479,41.00421,478.7076,1,0,0,100
35,2019/11/24 23:30:38.894,10.67479,41.00421,478.7076,1,0,0,100
36,2019/11/24 23:30:38.911,10.67479,41.00421,478.7076,1,0,0,100
37,2019/11/24 23:30:38.927,10.67479,41.00421,478.7076,1,0,0,100
38,2019/11/24 23:30:38.944,10.48041,40.60253,479.0408,1,0,0,100
39,2019/11/24 23:30:38.960,10.48041,40.60253,479.0408,1,0,0,100
40,2019/11/24 23:30:38.977,10.48041,40.60253,479.0408,1,0,0,100
41,2019/11/24 23:30:38.993,10.03726,40.57726,479.1029,1,0,0,100
42,2019/11/24 23:30:39.9,10.03726,40.57726,479.1029,1,0,0,100
43,2019/11/24 23:30:39.26,10.03726,40.57726,479.1029,1,0,0,100
44,2019/11/24 23:30:39.42,10.12558,41.5048,479.0234,1,0,0,100
45,2019/11/24 23:30:39.59,10.12558,41.5048,479.0234,1,0,0,100
46,2019/11/24 23:30:39.76,10.12558,41.5048,479.0234,1,0,0,100
47,2019/11/24 23:30:39.92,10.3209,42.43554,478.9405,1,0,0,100
48,2019/11/24 23:30:39.109,10.3209,42.43554,478.9405,1,0,0,100
49,2019/11/24 23:30:39.125,10.3209,42.43554,478.9405,1,0,0,100
50,2019/11/24 23:30:39.142,10.81218,43.0852,478.7422,1,0,0,100
51,2019/11/24 23:30:39.159,10.81218,43.0852,478.7422,1,0,0,100
52,2019/11/24 23:30:39.175,10.81218,43.0852,478.7422,1,0,0,100
53,2019/11/24 23:30:39.192,10.77582,44.13009,478.6501,1,0,0,100
54,2019/11/24 23:30:39.208,10.77582,44.13009,478.6501,1,0,0,100
55,2019/11/24 23:30:39.225,10.77582,44.13009,478.6501,1,0,0,100
56,2019/11/24 23:30:39.242,10.70203,45.3312,478.6275,1,0,0,100
57,2019/11/24 23:30:39.258,10.70203,45.3312,478.6275,1,0,0,100
58,2019/11/24 23:30:39.275,10.70203,45.3312,478.6275,1,0,0,100
59,2019/11/24 23:30:39.292,10.65245,46.82238,478.5056,1,0,0,100
60,2019/11/24 23:30:39.308,10.65245,46.82238,478.5056,1,0,0,100
61,2019/11/24 23:30:39.325,10.65245,46.82238,478.5056,1,0,0,100
62,2019/11/24 23:30:39.342,10.61388,49.17332,478.111,1,0,0,100
63,2019/11/24 23:30:39.358,10.61388,49.17332,478.111,1,0,0,100
64,2019/11/24 23:30:39.374,10.61388,49.17332,478.111,1,0,0,100
65,2019/11/24 23:30:39.391,9.874004,51.65853,477.7206,1,0,0,100
66,2019/11/24 23:30:39.407,9.874004,51.65853,477.7206,1,0,0,100
67,2019/11/24 23:30:39.423,9.874004,51.65853,477.7206,1,0,0,100
68,2019/11/24 23:30:39.440,9.412161,53.65386,477.4301,1,0,0,100
69,2019/11/24 23:30:39.457,9.412161,53.65386,477.4301,1,0,0,100
70,2019/11/24 23:30:39.473,9.412161,53.65386,477.4301,1,0,0,100
71,2019/11/24 23:30:39.490,8.793119,56.13665,477.1217,1,0,0,100
72,2019/11/24 23:30:39.506,8.793119,56.13665,477.1217,1,0,0,100
73,2019/11/24 23:30:39.523,8.793119,56.13665,477.1217,1,0,0,100
74,2019/11/24 23:30:39.540,8.886461,57.75502,476.7689,1,0,0,100
75,2019/11/24 23:30:39.557,8.886461,57.75502,476.7689,1,0,0,100
76,2019/11/24 23:30:39.573,8.886461,57.75502,476.7689,1,0,0,100
77,2019/11/24 23:30:39.590,8.033894,62.5085,476.2505,1,0,1,100
78,2019/11/24 23:30:39.607,8.033894,62.5085,476.2505,1,0,1,100
79,2019/11/24 23:30:39.624,8.033894,62.5085,476.2505,1,0,1,0.4374978
80,2019/11/24 23:30:39.641,7.998885,64.72189,475.6188,1,0,1,0.0168395
81,2019/11/24 23:30:39.656,7.998885,64.72189,475.6188,1,0,1,0.01656643
82,2019/11/24 23:30:39.674,7.998885,64.72189,475.6188,1,0,1,0.01662445
83,2019/11/24 23:30:39.689,8.213415,65.61872,475.3802,1,0,1,0.01629384
84,2019/11/24 23:30:39.706,8.213415,65.61872,475.3802,1,0,1,0.01656691
85,2019/11/24 23:30:39.723,8.213415,65.61872,475.3802,1,0,1,0.01636394
86,2019/11/24 23:30:39.739,8.213415,65.61872,475.3802,1,0,1,0.01656723
87,2019/11/24 23:30:39.756,8.396509,65.97868,475.2999,1,0,1,0.01675463
88,2019/11/24 23:30:39.773,8.396509,65.97868,475.2999,1,0,1,0.01687717
89,2019/11/24 23:30:39.788,8.476542,66.58855,475.2616,1,0,1,0.01667372
90,2019/11/24 23:30:39.806,8.476542,66.58855,475.2616,1,0,1,0.01637904
91,2019/11/24 23:30:39.822,8.476542,66.58855,475.2616,1,0,1,0.01625649
92,2019/11/24 23:30:39.838,8.316261,67.15807,474.9963,1,0,1,0.01645899
93,2019/11/24 23:30:39.855,8.316261,67.15807,474.9963,1,0,1,0.01657152
94,2019/11/24 23:30:39.872,8.316261,67.15807,474.9963,1,0,1,0.01656628
95,2019/11/24 23:30:39.888,7.898317,68.86869,474.7212,1,0,1,0.0165666
96,2019/11/24 23:30:39.906,7.898317,68.86869,474.7212,1,0,1,0.01674318
97,2019/11/24 23:30:39.922,7.898317,68.86869,474.7212,1,0,1,0.01686271
98,2019/11/24 23:30:39.937,7.777084,68.84256,474.6992,1,0,1,0.01656675
99,2019/11/24 23:30:39.955,7.777084,68.84256,474.6992,1,0,1,0.01662366
100,2019/11/24 23:30:39.971,7.777084,68.84256,474.6992,1,0,1,0.01629988
101,2019/11/24 23:30:39.987,8.083289,65.93315,475.248,1,0,1,0.01673031
102,2019/11/24 23:30:40.4,8.083289,65.93315,475.248,1,0,1,0.01632833
103,2019/11/24 23:30:40.21,8.083289,65.93315,475.248,1,0,1,0.01662954
104,2019/11/24 23:30:40.37,8.315758,60.55339,476.1511,1,0,0,0.01662954
105,2019/11/24 23:30:40.53,8.315758,60.55339,476.1511,1,0,0,0.01662954
106,2019/11/24 23:30:40.70,8.315758,60.55339,476.1511,1,0,0,0.01662954
107,2019/11/24 23:30:40.86,8.869453,57.74324,476.5261,1,0,0,0.01662954
108,2019/11/24 23:30:40.104,8.869453,57.74324,476.5261,1,0,0,0.01662954
109,2019/11/24 23:30:40.121,8.869453,57.74324,476.5261,1,0,0,0.01662954
110,2019/11/24 23:30:40.136,8.869453,57.74324,476.5261,1,0,0,0.01662954
111,2019/11/24 23:30:40.153,8.920833,56.23192,476.8198,1,0,0,0.01662954
112,2019/11/24 23:30:40.170,8.920833,56.23192,476.8198,1,0,0,0.01662954
113,2019/11/24 23:30:40.186,8.920833,56.23192,476.8198,1,0,0,0.01662954
114,2019/11/24 23:30:40.204,9.323278,52.62724,477.6612,1,0,0,0.01662954
115,2019/11/24 23:30:40.220,9.323278,52.62724,477.6612,1,0,0,0.01662954
116,2019/11/24 23:30:40.236,9.231752,49.13205,478.1262,1,0,0,0.01662954
117,2019/11/24 23:30:40.253,9.231752,49.13205,478.1262,1,0,0,0.01662954
118,2019/11/24 23:30:40.269,9.231752,49.13205,478.1262,1,0,0,0.01662954
119,2019/11/24 23:30:40.287,9.639491,47.142,478.5719,1,0,0,0.01662954
120,2019/11/24 23:30:40.302,9.639491,47.142,478.5719,1,0,0,0.01662954
121,2019/11/24 23:30:40.318,9.639491,47.142,478.5719,1,0,0,0.01662954
122,2019/11/24 23:30:40.335,9.283017,46.07605,478.7233,1,0,0,0.01662954
123,2019/11/24 23:30:40.351,9.283017,46.07605,478.7233,1,0,0,0.01662954
124,2019/11/24 23:30:40.368,9.283017,46.07605,478.7233,1,0,0,0.01662954
125,2019/11/24 23:30:40.385,9.041005,47.10628,478.4836,1,0,0,0.01662954
126,2019/11/24 23:30:40.402,9.041005,47.10628,478.4836,1,0,0,0.01662954
127,2019/11/24 23:30:40.419,9.041005,47.10628,478.4836,1,0,0,0.01662954
128,2019/11/24 23:30:40.435,9.256452,47.27644,478.2054,1,0,0,0.01662954
129,2019/11/24 23:30:40.451,9.256452,47.27644,478.2054,1,0,0,0.01662954
130,2019/11/24 23:30:40.467,9.256452,47.27644,478.2054,1,0,0,0.01662954
131,2019/11/24 23:30:40.485,8.997685,47.38706,478.4317,1,0,0,0.01662954
132,2019/11/24 23:30:40.501,8.997685,47.38706,478.4317,1,0,0,0.01662954
133,2019/11/24 23:30:40.517,8.997685,47.38706,478.4317,1,0,0,0.01662954
134,2019/11/24 23:30:40.534,8.997685,47.38706,478.4317,1,0,0,0.01662954
135,2019/11/24 23:30:40.551,9.125706,47.31221,478.4085,1,0,0,0.01662954
136,2019/11/24 23:30:40.567,9.125706,47.31221,478.4085,1,0,0,0.01662954
137,2019/11/24 23:30:40.584,9.125706,47.31221,478.4085,1,0,0,0.01662954
138,2019/11/24 23:30:40.602,8.949292,47.62874,478.6786,1,0,0,0.01662954
139,2019/11/24 23:30:40.618,8.949292,47.62874,478.6786,1,0,0,0.01662954
140,2019/11/24 23:30:40.635,8.949292,47.62874,478.6786,1,0,0,0.01662954
141,2019/11/24 23:30:40.651,8.763297,47.78701,478.6973,1,0,0,0.01662954
142,2019/11/24 23:30:40.667,8.763297,47.78701,478.6973,1,0,0,0.01662954
143,2019/11/24 23:30:40.683,8.763297,47.78701,478.6973,1,0,0,0.01662954
144,2019/11/24 23:30:40.700,8.728713,47.57909,478.8433,1,0,0,0.01662954
145,2019/11/24 23:30:40.716,8.728713,47.57909,478.8433,1,0,0,0.01662954
146,2019/11/24 23:30:40.733,8.403957,47.23755,478.8933,1,0,0,0.01662954
147,2019/11/24 23:30:40.750,8.403957,47.23755,478.8933,1,0,0,0.01662954
148,2019/11/24 23:30:40.766,8.403957,47.23755,478.8933,1,0,0,0.01662954
149,2019/11/24 23:30:40.783,8.669215,47.24519,478.7092,1,0,0,0.01662954
150,2019/11/24 23:30:40.799,8.669215,47.24519,478.7092,1,0,0,0.01662954
151,2019/11/24 23:30:40.817,8.669215,47.24519,478.7092,1,0,0,0.01662954
152,2019/11/24 23:30:40.833,8.650051,47.60363,478.6116,1,0,0,0.01662954
153,2019/11/24 23:30:40.849,8.650051,47.60363,478.6116,1,0,0,0.01662954
154,2019/11/24 23:30:40.866,8.650051,47.60363,478.6116,1,0,0,0.01662954
155,2019/11/24 23:30:40.882,8.43163,47.90705,478.4019,1,0,0,0.01662954
156,2019/11/24 23:30:40.900,8.43163,47.90705,478.4019,1,0,0,0.01662954
157,2019/11/24 23:30:40.916,8.43163,47.90705,478.4019,1,0,0,0.01662954
158,2019/11/24 23:30:40.932,8.43163,47.90705,478.4019,1,0,0,0.01662954
159,2019/11/24 23:30:40.949,8.631741,47.7901,478.2926,1,0,0,0.01662954
160,2019/11/24 23:30:40.966,8.631741,47.7901,478.2926,1,0,0,0.01662954
161,2019/11/24 23:30:40.983,8.631741,47.7901,478.2926,1,0,0,0.01662954
162,2019/11/24 23:30:40.999,8.693962,47.61124,478.3647,1,0,0,0.01662954
163,2019/11/24 23:30:41.15,8.693962,47.61124,478.3647,1,0,0,0.01662954
164,2019/11/24 23:30:41.31,8.693962,47.61124,478.3647,1,0,0,0.01662954
165,2019/11/24 23:30:41.47,8.612265,47.13313,478.54,1,0,0,0.01662954
166,2019/11/24 23:30:41.65,8.612265,47.13313,478.54,1,0,0,0.01662954
167,2019/11/24 23:30:41.81,8.612265,47.13313,478.54,1,0,0,0.01662954
168,2019/11/24 23:30:41.98,8.419885,46.90191,478.7064,1,0,0,0.01662954
169,2019/11/24 23:30:41.114,8.419885,46.90191,478.7064,1,0,0,0.01662954
170,2019/11/24 23:30:41.131,8.419885,46.90191,478.7064,1,0,0,0.01662954
171,2019/11/24 23:30:41.147,8.647585,46.9101,478.76,1,0,0,0.01662954
172,2019/11/24 23:30:41.165,8.647585,46.9101,478.76,1,0,0,0.01662954
173,2019/11/24 23:30:41.182,8.692134,47.35157,478.6864,1,0,0,0.01662954
174,2019/11/24 23:30:41.197,8.692134,47.35157,478.6864,1,0,0,0.01662954
175,2019/11/24 23:30:41.213,8.692134,47.35157,478.6864,1,0,0,0.01662954
176,2019/11/24 23:30:41.230,8.953003,47.52913,478.5491,1,0,0,0.01662954
177,2019/11/24 23:30:41.246,8.953003,47.52913,478.5491,1,0,0,0.01662954
178,2019/11/24 23:30:41.263,8.953003,47.52913,478.5491,1,0,0,0.01662954
179,2019/11/24 23:30:41.280,8.951097,47.59088,478.5072,1,0,0,0.01662954
180,2019/11/24 23:30:41.297,8.951097,47.59088,478.5072,1,0,0,0.01662954
181,2019/11/24 23:30:41.313,8.951097,47.59088,478.5072,1,0,0,0.01662954
182,2019/11/24 23:30:41.329,8.951097,47.59088,478.5072,1,0,0,0.01662954
183,2019/11/24 23:30:41.346,8.575853,47.84934,478.3071,1,0,0,0.01662954
184,2019/11/24 23:30:41.363,8.575853,47.84934,478.3071,1,0,0,0.01662954
185,2019/11/24 23:30:41.380,8.575853,47.84934,478.3071,1,0,0,0.01662954
186,2019/11/24 23:30:41.396,8.291259,47.99707,478.1446,1,0,0,0.01662954
187,2019/11/24 23:30:41.412,8.291259,47.99707,478.1446,1,0,0,0.01662954
188,2019/11/24 23:30:41.429,8.291259,47.99707,478.1446,1,0,0,0.01662954
189,2019/11/24 23:30:41.446,8.077223,48.22077,477.8157,1,0,0,0.01662954
190,2019/11/24 23:30:41.463,8.077223,48.22077,477.8157,1,0,0,0.01662954
191,2019/11/24 23:30:41.479,8.077223,48.22077,477.8157,1,0,0,0.01662954
192,2019/11/24 23:30:41.496,8.084829,48.25616,477.4846,1,0,0,0.01662954
193,2019/11/24 23:30:41.512,8.084829,48.25616,477.4846,1,0,0,0.01662954
194,2019/11/24 23:30:41.529,8.084829,48.25616,477.4846,1,0,0,0.01662954
195,2019/11/24 23:30:41.546,8.03449,48.27765,477.1628,1,0,0,0.01662954
196,2019/11/24 23:30:41.563,8.03449,48.27765,477.1628,1,0,0,0.01662954
197,2019/11/24 23:30:41.579,8.03449,48.27765,477.1628,1,0,0,0.01662954
198,2019/11/24 23:30:41.595,7.871902,48.11848,477.0045,1,0,0,0.01662954
199,2019/11/24 23:30:41.611,7.871902,48.11848,477.0045,1,0,0,0.01662954
200,2019/11/24 23:30:41.628,7.772602,48.21325,476.696,1,0,0,0.01662954
201,2019/11/24 23:30:41.644,7.772602,48.21325,476.696,1,0,0,0.01662954
202,2019/11/24 23:30:41.661,7.772602,48.21325,476.696,1,0,0,0.01662954
203,2019/11/24 23:30:41.678,7.508607,48.10668,476.6275,1,0,0,0.01662954
204,2019/11/24 23:30:41.695,7.508607,48.10668,476.6275,1,0,0,0.01662954
205,2019/11/24 23:30:41.711,7.508607,48.10668,476.6275,1,0,0,0.01662954
206,2019/11/24 23:30:41.727,7.508607,48.10668,476.6275,1,0,0,0.01662954
207,2019/11/24 23:30:41.744,7.021951,48.22808,476.4589,1,0,0,0.01662954
208,2019/11/24 23:30:41.761,7.021951,48.22808,476.4589,1,0,0,0.01662954
209,2019/11/24 23:30:41.777,7.021951,48.22808,476.4589,1,0,0,0.01662954
210,2019/11/24 23:30:41.794,6.707345,48.30379,476.3708,1,0,0,0.01662954
211,2019/11/24 23:30:41.810,6.707345,48.30379,476.3708,1,0,0,0.01662954
212,2019/11/24 23:30:41.826,6.707345,48.30379,476.3708,1,0,0,0.01662954
213,2019/11/24 23:30:41.844,6.506843,48.37619,476.2571,1,0,0,0.01662954
214,2019/11/24 23:30:41.860,6.506843,48.37619,476.2571,1,0,0,0.01662954
215,2019/11/24 23:30:41.876,6.506843,48.37619,476.2571,1,0,0,0.01662954
216,2019/11/24 23:30:41.893,6.535179,48.24513,476.1747,1,0,0,0.01662954
217,2019/11/24 23:30:41.909,6.535179,48.24513,476.1747,1,0,0,0.01662954
218,2019/11/24 23:30:41.926,6.535179,48.24513,476.1747,1,0,0,0.01662954
219,2019/11/24 23:30:41.943,6.74076,48.12097,476.1458,1,0,0,0.01662954
220,2019/11/24 23:30:41.959,6.74076,48.12097,476.1458,1,0,0,0.01662954
221,2019/11/24 23:30:41.976,6.74076,48.12097,476.1458,1,0,0,0.01662954
222,2019/11/24 23:30:41.993,7.125816,47.86247,476.3198,1,0,0,0.01662954
223,2019/11/24 23:30:42.9,7.125816,47.86247,476.3198,1,0,0,0.01662954
224,2019/11/24 23:30:42.27,7.125816,47.86247,476.3198,1,0,0,0.01662954
225,2019/11/24 23:30:42.43,7.315405,47.73677,476.3922,1,0,0,0.01662954
226,2019/11/24 23:30:42.58,7.315405,47.73677,476.3922,1,0,0,0.01662954
227,2019/11/24 23:30:42.75,7.315405,47.73677,476.3922,1,0,0,0.01662954
228,2019/11/24 23:30:42.92,7.258415,47.64426,476.5976,1,0,0,0.01662954
229,2019/11/24 23:30:42.108,7.258415,47.64426,476.5976,1,0,0,0.01662954
230,2019/11/24 23:30:42.124,7.258415,47.64426,476.5976,1,0,0,0.01662954
231,2019/11/24 23:30:42.142,7.373266,48.19194,476.4673,1,0,0,0.01662954
232,2019/11/24 23:30:42.158,7.373266,48.19194,476.4673,1,0,0,0.01662954
233,2019/11/24 23:30:42.175,7.373266,48.19194,476.4673,1,0,0,0.01662954
234,2019/11/24 23:30:42.192,7.784913,48.49871,476.4977,1,0,0,0.01662954
235,2019/11/24 23:30:42.208,7.784913,48.49871,476.4977,1,0,0,0.01662954
236,2019/11/24 23:30:42.224,7.784913,48.49871,476.4977,1,0,0,0.01662954
237,2019/11/24 23:30:42.241,7.926766,47.98006,476.6071,1,0,0,0.01662954
238,2019/11/24 23:30:42.258,7.926766,47.98006,476.6071,1,0,0,0.01662954
239,2019/11/24 23:30:42.274,7.926766,47.98006,476.6071,1,0,0,0.01662954
240,2019/11/24 23:30:42.291,8.056425,47.57895,476.7709,1,0,0,0.01662954
241,2019/11/24 23:30:42.307,8.056425,47.57895,476.7709,1,0,0,0.01662954
242,2019/11/24 23:30:42.323,8.056425,47.57895,476.7709,1,0,0,0.01662954
243,2019/11/24 23:30:42.341,8.129594,47.70597,476.7977,1,0,0,0.01662954
244,2019/11/24 23:30:42.356,8.129594,47.70597,476.7977,1,0,0,0.01662954
245,2019/11/24 23:30:42.373,8.129594,47.70597,476.7977,1,0,0,0.01662954
246,2019/11/24 23:30:42.392,8.548254,47.55906,476.6302,1,0,0,0.01662954
247,2019/11/24 23:30:42.409,8.548254,47.55906,476.6302,1,0,0,0.01662954
248,2019/11/24 23:30:42.426,8.548254,47.55906,476.6302,1,0,0,0.01662954
249,2019/11/24 23:30:42.443,8.650048,47.18697,476.5377,1,0,0,0.01662954
250,2019/11/24 23:30:42.459,8.650048,47.18697,476.5377,1,0,0,0.01662954
251,2019/11/24 23:30:42.475,8.650048,47.18697,476.5377,1,0,0,0.01662954
252,2019/11/24 23:30:42.493,8.623367,46.86822,476.4656,1,0,0,0.01662954
253,2019/11/24 23:30:42.509,8.623367,46.86822,476.4656,1,0,0,0.01662954
254,2019/11/24 23:30:42.526,8.623367,46.86822,476.4656,1,0,0,0.01662954
255,2019/11/24 23:30:42.542,8.695779,46.48052,476.4319,1,0,0,0.01662954
256,2019/11/24 23:30:42.558,8.695779,46.48052,476.4319,1,0,0,0.01662954
257,2019/11/24 23:30:42.575,8.695779,46.48052,476.4319,1,0,0,0.01662954
258,2019/11/24 23:30:42.591,8.603657,46.3996,476.3572,1,0,0,0.01662954
259,2019/11/24 23:30:42.608,8.603657,46.3996,476.3572,1,0,0,0.01662954
260,2019/11/24 23:30:42.625,8.603657,46.3996,476.3572,1,0,0,0.01662954
261,2019/11/24 23:30:42.641,8.472605,46.27693,476.2689,1,0,0,0.01662954
262,2019/11/24 23:30:42.658,8.472605,46.27693,476.2689,1,0,0,0.01662954
263,2019/11/24 23:30:42.675,8.472605,46.27693,476.2689,1,0,0,0.01662954
264,2019/11/24 23:30:42.691,8.494413,45.99445,476.3215,1,0,0,0.01662954
265,2019/11/24 23:30:42.707,8.494413,45.99445,476.3215,1,0,0,0.01662954
266,2019/11/24 23:30:42.724,8.494413,45.99445,476.3215,1,0,0,0.01662954
267,2019/11/24 23:30:42.740,8.516913,45.84176,476.4474,1,0,0,0.01662954
268,2019/11/24 23:30:42.758,8.516913,45.84176,476.4474,1,0,0,0.01662954
269,2019/11/24 23:30:42.785,8.516913,45.84176,476.4474,1,0,0,0.01662954
270,2019/11/24 23:30:42.802,8.123031,45.14279,476.6914,1,0,0,0.01662954
271,2019/11/24 23:30:42.819,8.123031,45.14279,476.6914,1,0,0,0.01662954
272,2019/11/24 23:30:42.835,7.937255,44.78716,476.7636,1,0,0,0.01662954
273,2019/11/24 23:30:42.852,7.937255,44.78716,476.7636,1,0,0,0.01662954
274,2019/11/24 23:30:42.868,7.937255,44.78716,476.7636,1,0,0,0.01662954
275,2019/11/24 23:30:42.885,8.193885,44.34645,476.7317,1,0,0,0.01662954
276,2019/11/24 23:30:42.901,8.193885,44.34645,476.7317,1,0,0,0.01662954
277,2019/11/24 23:30:42.918,8.193885,44.34645,476.7317,1,0,0,0.01662954
278,2019/11/24 23:30:42.935,8.193885,44.34645,476.7317,1,0,0,0.01662954
279,2019/11/24 23:30:42.951,8.179383,44.2877,476.5533,1,0,0,0.01662954
280,2019/11/24 23:30:42.967,8.179383,44.2877,476.5533,1,0,0,0.01662954
281,2019/11/24 23:30:42.984,8.179383,44.2877,476.5533,1,0,0,0.01662954
282,2019/11/24 23:30:43.0,8.180931,44.08907,476.4955,1,0,0,0.01662954
283,2019/11/24 23:30:43.17,8.180931,44.08907,476.4955,1,0,0,0.01662954
284,2019/11/24 23:30:43.34,8.180931,44.08907,476.4955,1,0,0,0.01662954
285,2019/11/24 23:30:43.51,8.276405,43.82487,476.5327,1,0,0,0.01662954
286,2019/11/24 23:30:43.67,8.276405,43.82487,476.5327,1,0,0,0.01662954
287,2019/11/24 23:30:43.83,8.276405,43.82487,476.5327,1,0,0,0.01662954
288,2019/11/24 23:30:43.100,8.53303,43.78036,476.457,1,0,0,0.01662954
289,2019/11/24 23:30:43.117,8.53303,43.78036,476.457,1,0,0,0.01662954
290,2019/11/24 23:30:43.134,9.263929,43.62361,476.4554,1,0,0,0.01662954
291,2019/11/24 23:30:43.151,9.263929,43.62361,476.4554,1,0,0,0.01662954
292,2019/11/24 23:30:43.167,9.263929,43.62361,476.4554,1,0,0,0.01662954
293,2019/11/24 23:30:43.184,10.18376,42.89718,476.4423,1,0,0,0.01662954
294,2019/11/24 23:30:43.201,10.18376,42.89718,476.4423,1,0,0,0.01662954
295,2019/11/24 23:30:43.216,10.18376,42.89718,476.4423,1,0,0,0.01662954
296,2019/11/24 23:30:43.233,10.68924,42.35396,476.5182,1,0,0,0.01662954
297,2019/11/24 23:30:43.250,10.68924,42.35396,476.5182,1,0,0,0.01662954
298,2019/11/24 23:30:43.266,10.68924,42.35396,476.5182,1,0,0,0.01662954
299,2019/11/24 23:30:43.283,10.64781,41.91068,476.6667,1,0,0,0.01662954
300,2019/11/24 23:30:43.300,10.64781,41.91068,476.6667,1,0,0,0.01662954
301,2019/11/24 23:30:43.316,10.64781,41.91068,476.6667,1,0,0,0.01662954
302,2019/11/24 23:30:43.333,10.64781,41.91068,476.6667,1,0,0,0.01662954
303,2019/11/24 23:30:43.349,10.35775,42.0227,476.8927,1,0,0,0.01662954
304,2019/11/24 23:30:43.367,10.35775,42.0227,476.8927,1,0,0,0.01662954
305,2019/11/24 23:30:43.383,10.35775,42.0227,476.8927,1,0,0,0.01662954
306,2019/11/24 23:30:43.399,10.46094,42.78083,476.7194,1,0,0,0.01662954
307,2019/11/24 23:30:43.416,10.46094,42.78083,476.7194,1,0,0,0.01662954
308,2019/11/24 23:30:43.433,10.46094,42.78083,476.7194,1,0,0,0.01662954
309,2019/11/24 23:30:43.449,10.9774,43.71629,476.3525,1,0,0,0.01662954
310,2019/11/24 23:30:43.467,10.9774,43.71629,476.3525,1,0,0,0.01662954
311,2019/11/24 23:30:43.483,10.9774,43.71629,476.3525,1,0,0,0.01662954
312,2019/11/24 23:30:43.500,11.73809,44.50681,476.0128,1,0,0,0.01662954
313,2019/11/24 23:30:43.517,11.73809,44.50681,476.0128,1,0,0,0.01662954
314,2019/11/24 23:30:43.532,12.15499,44.34021,476.0399,1,0,0,0.01662954
315,2019/11/24 23:30:43.548,12.15499,44.34021,476.0399,1,0,0,0.01662954
316,2019/11/24 23:30:43.565,12.15499,44.34021,476.0399,1,0,0,0.01662954
317,2019/11/24 23:30:43.583,12.36454,43.97351,476.2762,1,0,0,0.01662954
318,2019/11/24 23:30:43.598,12.36454,43.97351,476.2762,1,0,0,0.01662954
319,2019/11/24 23:30:43.615,12.36454,43.97351,476.2762,1,0,0,0.01662954
320,2019/11/24 23:30:43.631,12.2091,43.84003,476.429,1,0,0,0.01662954
321,2019/11/24 23:30:43.647,12.2091,43.84003,476.429,1,0,0,0.01662954
322,2019/11/24 23:30:43.665,12.2091,43.84003,476.429,1,0,0,0.01662954
323,2019/11/24 23:30:43.682,11.91029,43.41163,476.6051,1,0,0,0.01662954
324,2019/11/24 23:30:43.698,11.91029,43.41163,476.6051,1,0,0,0.01662954
325,2019/11/24 23:30:43.715,11.91029,43.41163,476.6051,1,0,0,0.01662954
326,2019/11/24 23:30:43.732,11.28302,42.95291,476.8672,1,0,0,0.01662954
327,2019/11/24 23:30:43.748,11.28302,42.95291,476.8672,1,0,0,0.01662954
328,2019/11/24 23:30:43.765,11.28302,42.95291,476.8672,1,0,0,0.01662954
329,2019/11/24 23:30:43.781,11.28302,42.95291,476.8672,1,0,0,0.01662954
330,2019/11/24 23:30:43.798,10.86037,43.17704,476.83,1,0,0,0.01662954
331,2019/11/24 23:30:43.815,10.86037,43.17704,476.83,1,0,0,0.01662954
332,2019/11/24 23:30:43.830,10.86037,43.17704,476.83,1,0,0,0.01662954
333,2019/11/24 23:30:43.846,11.27346,44.07965,476.3113,1,0,0,0.01662954
334,2019/11/24 23:30:43.864,11.27346,44.07965,476.3113,1,0,0,0.01662954
335,2019/11/24 23:30:43.880,11.27346,44.07965,476.3113,1,0,0,0.01662954
336,2019/11/24 23:30:43.897,12.21438,44.19548,475.7194,1,0,0,0.01662954
337,2019/11/24 23:30:43.913,12.21438,44.19548,475.7194,1,0,0,0.01662954
338,2019/11/24 23:30:43.930,12.21438,44.19548,475.7194,1,0,0,0.01662954
339,2019/11/24 23:30:43.946,12.26679,43.63902,475.5234,1,0,0,0.01662954
340,2019/11/24 23:30:43.964,12.26679,43.63902,475.5234,1,0,0,0.01662954
341,2019/11/24 23:30:43.980,12.26679,43.63902,475.5234,1,0,0,0.01662954
342,2019/11/24 23:30:43.998,11.68022,42.92669,475.5602,1,0,0,0.01662954
343,2019/11/24 23:30:44.14,11.68022,42.92669,475.5602,1,0,0,0.01662954
344,2019/11/24 23:30:44.29,11.02486,42.77341,475.7162,1,0,0,0.01662954
345,2019/11/24 23:30:44.46,11.02486,42.77341,475.7162,1,0,0,0.01662954
346,2019/11/24 23:30:44.63,11.02486,42.77341,475.7162,1,0,0,0.01662954
347,2019/11/24 23:30:44.80,10.84974,42.95548,475.8607,1,0,0,0.01662954
348,2019/11/24 23:30:44.96,10.84974,42.95548,475.8607,1,0,0,0.01662954
349,2019/11/24 23:30:44.113,10.84974,42.95548,475.8607,1,0,0,0.01662954
350,2019/11/24 23:30:44.129,10.94733,43.1333,475.9313,1,0,0,0.01662954
351,2019/11/24 23:30:44.146,10.94733,43.1333,475.9313,1,0,0,0.01662954
352,2019/11/24 23:30:44.163,10.94733,43.1333,475.9313,1,0,0,0.01662954
353,2019/11/24 23:30:44.179,10.94733,43.1333,475.9313,1,0,0,0.01662954
354,2019/11/24 23:30:44.196,11.08383,43.35375,475.8921,1,0,0,0.01662954
355,2019/11/24 23:30:44.213,11.08383,43.35375,475.8921,1,0,0,0.01662954
356,2019/11/24 23:30:44.228,11.08383,43.35375,475.8921,1,0,0,0.01662954
357,2019/11/24 23:30:44.245,11.30815,43.73495,475.6834,1,0,0,0.01662954
358,2019/11/24 23:30:44.262,11.30815,43.73495,475.6834,1,0,0,0.01662954
359,2019/11/24 23:30:44.278,11.30815,43.73495,475.6834,1,0,0,0.01662954
360,2019/11/24 23:30:44.295,11.35284,44.24224,475.4429,1,0,0,0.01662954
361,2019/11/24 23:30:44.312,11.35284,44.24224,475.4429,1,0,0,0.01662954
362,2019/11/24 23:30:44.328,11.35284,44.24224,475.4429,1,0,0,0.01662954
363,2019/11/24 23:30:44.345,11.27118,44.26716,475.3248,1,0,0,0.01662954
364,2019/11/24 23:30:44.362,11.27118,44.26716,475.3248,1,0,0,0.01662954
365,2019/11/24 23:30:44.378,11.27118,44.26716,475.3248,1,0,0,0.01662954
366,2019/11/24 23:30:44.395,11.05208,44.27938,475.2607,1,0,0,0.01662954
367,2019/11/24 23:30:44.411,11.05208,44.27938,475.2607,1,0,0,0.01662954
368,2019/11/24 23:30:44.427,11.05208,44.27938,475.2607,1,0,0,0.01662954
369,2019/11/24 23:30:44.445,10.92395,44.50168,475.2092,1,0,0,0.01662954
370,2019/11/24 23:30:44.461,10.92395,44.50168,475.2092,1,0,0,0.01662954
371,2019/11/24 23:30:44.478,10.81716,44.54901,475.2074,1,0,0,0.01662954
372,2019/11/24 23:30:44.494,10.81716,44.54901,475.2074,1,0,0,0.01662954
373,2019/11/24 23:30:44.511,10.81716,44.54901,475.2074,1,0,0,0.01662954
374,2019/11/24 23:30:44.526,10.47312,44.6721,475.1295,1,0,0,0.01662954
375,2019/11/24 23:30:44.543,10.47312,44.6721,475.1295,1,0,0,0.01662954
376,2019/11/24 23:30:44.560,10.47312,44.6721,475.1295,1,0,0,0.01662954
377,2019/11/24 23:30:44.577,10.47312,44.6721,475.1295,1,0,0,0.01662954
378,2019/11/24 23:30:44.593,10.17889,44.71167,474.9861,1,0,0,0.01662954
379,2019/11/24 23:30:44.609,10.17889,44.71167,474.9861,1,0,0,0.01662954
380,2019/11/24 23:30:44.626,10.17889,44.71167,474.9861,1,0,0,0.01662954
381,2019/11/24 23:30:44.643,10.29315,44.86713,474.7794,1,0,0,0.01662954
382,2019/11/24 23:30:44.659,10.29315,44.86713,474.7794,1,0,0,0.01662954
383,2019/11/24 23:30:44.676,10.29315,44.86713,474.7794,1,0,0,0.01662954
384,2019/11/24 23:30:44.693,10.66288,44.99368,474.4282,1,0,0,0.01662954
385,2019/11/24 23:30:44.708,10.66288,44.99368,474.4282,1,0,0,0.01662954
386,2019/11/24 23:30:44.725,10.66288,44.99368,474.4282,1,0,0,0.01662954
387,2019/11/24 23:30:44.742,10.75399,45.38124,474.0135,1,0,0,0.01662954
388,2019/11/24 23:30:44.759,10.75399,45.38124,474.0135,1,0,0,0.01662954
389,2019/11/24 23:30:44.775,10.75399,45.38124,474.0135,1,0,0,0.01662954
390,2019/11/24 23:30:44.792,10.5018,47.68921,473.3524,1,0,0,0.01662954
391,2019/11/24 23:30:44.808,10.5018,47.68921,473.3524,1,0,0,0.01662954
392,2019/11/24 23:30:44.825,10.5018,47.68921,473.3524,1,0,0,0.01662954
393,2019/11/24 23:30:44.841,9.822926,51.53929,472.8552,1,0,0,0.01662954
394,2019/11/24 23:30:44.859,9.822926,51.53929,472.8552,1,0,0,0.01662954
395,2019/11/24 23:30:44.875,9.822926,51.53929,472.8552,1,0,0,0.01662954
396,2019/11/24 23:30:44.892,9.046611,53.75633,472.5971,1,0,0,0.01662954
397,2019/11/24 23:30:44.907,9.046611,53.75633,472.5971,1,0,0,0.01662954
398,2019/11/24 23:30:44.924,8.999641,54.66138,472.2711,1,0,0,0.01662954
399,2019/11/24 23:30:44.941,8.999641,54.66138,472.2711,1,0,0,0.01662954
400,2019/11/24 23:30:44.957,8.999641,54.66138,472.2711,1,0,0,0.01662954
401,2019/11/24 23:30:44.973,8.999641,54.66138,472.2711,1,0,0,0.01662954
402,2019/11/24 23:30:44.991,8.492897,55.69248,471.8358,1,0,0,0.01662954
403,2019/11/24 23:30:45.7,8.492897,55.69248,471.8358,1,0,0,0.01662954
404,2019/11/24 23:30:45.24,8.492897,55.69248,471.8358,1,0,0,0.01662954
405,2019/11/24 23:30:45.40,8.045117,59.00356,471.2591,1,0,0,0.01662954
406,2019/11/24 23:30:45.57,8.045117,59.00356,471.2591,1,0,0,0.01662954
407,2019/11/24 23:30:45.73,8.045117,59.00356,471.2591,1,0,0,0.01662954
408,2019/11/24 23:30:45.90,7.857312,61.06577,470.6701,1,0,0,0.01662954
409,2019/11/24 23:30:45.107,7.857312,61.06577,470.6701,1,0,0,0.01662954
410,2019/11/24 23:30:45.123,7.857312,61.06577,470.6701,1,0,0,0.01662954
411,2019/11/24 23:30:45.141,7.695191,61.78749,470.5525,1,0,1,1.717404
412,2019/11/24 23:30:45.156,7.695191,61.78749,470.5525,1,0,1,1.717382
413,2019/11/24 23:30:45.173,7.695191,61.78749,470.5525,1,0,1,1.717397
414,2019/11/24 23:30:45.189,7.644039,63.41434,470.381,1,0,1,0.0163819
415,2019/11/24 23:30:45.207,7.644039,63.41434,470.381,1,0,1,0.01666927
416,2019/11/24 23:30:45.224,7.644039,63.41434,470.381,1,0,1,0.0166928
417,2019/11/24 23:30:45.239,7.563027,64.36808,470.1786,1,0,1,0.01660156
418,2019/11/24 23:30:45.255,7.563027,64.36808,470.1786,1,0,1,0.01646455
419,2019/11/24 23:30:45.272,7.563027,64.36808,470.1786,1,0,1,0.01633485
420,2019/11/24 23:30:45.288,7.0341,65.50533,469.9593,1,0,1,0.01661777
421,2019/11/24 23:30:45.305,7.0341,65.50533,469.9593,1,0,1,0.0165666
422,2019/11/24 23:30:45.322,7.0341,65.50533,469.9593,1,0,1,0.01657804
423,2019/11/24 23:30:45.339,6.649067,66.15761,469.7948,1,0,1,0.01662
424,2019/11/24 23:30:45.356,6.649067,66.15761,469.7948,1,0,1,0.01682599
425,2019/11/24 23:30:45.371,6.649067,66.15761,469.7948,1,0,1,0.01655483
426,2019/11/24 23:30:45.389,6.286559,68.18794,469.2921,1,0,1,0.01660983
427,2019/11/24 23:30:45.406,6.286559,68.18794,469.2921,1,0,1,0.01648998
428,2019/11/24 23:30:45.422,6.286559,68.18794,469.2921,1,0,1,0.0168581
429,2019/11/24 23:30:45.438,6.187253,68.0342,469.2532,1,0,1,0.01656691
430,2019/11/24 23:30:45.455,6.187253,68.0342,469.2532,1,0,1,0.0166057
431,2019/11/24 23:30:45.472,6.187253,68.0342,469.2532,1,0,1,0.01646709
432,2019/11/24 23:30:45.488,6.445421,64.30222,470.0021,1,0,1,0.01669534
433,2019/11/24 23:30:45.506,6.445421,64.30222,470.0021,1,0,1,0.0167853
434,2019/11/24 23:30:45.522,6.445421,64.30222,470.0021,1,0,1,0.01661333
435,2019/11/24 23:30:45.538,6.875747,57.98447,470.3703,1,0,0,0.01661333
436,2019/11/24 23:30:45.555,6.875747,57.98447,470.3703,1,0,0,0.01661333
437,2019/11/24 23:30:45.571,6.875747,57.98447,470.3703,1,0,0,0.01661333
438,2019/11/24 23:30:45.588,7.66254,50.7685,471.872,1,0,0,0.01661333
439,2019/11/24 23:30:45.604,7.66254,50.7685,471.872,1,0,0,0.01661333
440,2019/11/24 23:30:45.621,7.66254,50.7685,471.872,1,0,0,0.01661333
441,2019/11/24 23:30:45.637,8.286077,46.4187,472.0037,1,0,0,0.01661333
442,2019/11/24 23:30:45.654,8.286077,46.4187,472.0037,1,0,0,0.01661333
443,2019/11/24 23:30:45.670,8.286077,46.4187,472.0037,1,0,0,0.01661333
444,2019/11/24 23:30:45.687,8.760382,44.81147,471.9694,1,0,0,0.01661333
445,2019/11/24 23:30:45.705,8.760382,44.81147,471.9694,1,0,0,0.01661333
446,2019/11/24 23:30:45.720,8.760382,44.81147,471.9694,1,0,0,0.01661333
447,2019/11/24 23:30:45.737,8.489471,43.52239,471.844,1,0,0,0.01661333
448,2019/11/24 23:30:45.753,8.489471,43.52239,471.844,1,0,0,0.01661333
449,2019/11/24 23:30:45.771,8.489471,43.52239,471.844,1,0,0,0.01661333
450,2019/11/24 23:30:45.786,8.489471,43.52239,471.844,1,0,0,0.01661333
451,2019/11/24 23:30:45.804,8.528364,41.30826,471.9516,1,0,0,0.01661333
452,2019/11/24 23:30:45.820,8.528364,41.30826,471.9516,1,0,0,0.01661333
453,2019/11/24 23:30:45.837,8.869568,38.30074,472.2791,1,0,0,0.01661333
454,2019/11/24 23:30:45.852,8.869568,38.30074,472.2791,1,0,0,0.01661333
455,2019/11/24 23:30:45.868,8.869568,38.30074,472.2791,1,0,0,0.01661333
456,2019/11/24 23:30:45.886,8.969358,35.46004,472.2334,1,0,0,0.01661333
457,2019/11/24 23:30:45.902,8.969358,35.46004,472.2334,1,0,0,0.01661333
458,2019/11/24 23:30:45.919,8.969358,35.46004,472.2334,1,0,0,0.01661333
459,2019/11/24 23:30:45.936,9.134992,34.08905,472.2109,1,0,0,0.01661333
460,2019/11/24 23:30:45.953,9.134992,34.08905,472.2109,1,0,0,0.01661333
461,2019/11/24 23:30:45.968,9.134992,34.08905,472.2109,1,0,0,0.01661333
462,2019/11/24 23:30:45.986,9.447165,35.07559,471.9411,1,0,0,0.01661333
463,2019/11/24 23:30:46.2,9.447165,35.07559,471.9411,1,0,0,0.01661333
464,2019/11/24 23:30:46.18,9.447165,35.07559,471.9411,1,0,0,0.01661333
465,2019/11/24 23:30:46.35,9.892057,35.94255,471.5324,1,0,0,0.01661333
466,2019/11/24 23:30:46.52,9.892057,35.94255,471.5324,1,0,0,0.01661333
467,2019/11/24 23:30:46.67,9.892057,35.94255,471.5324,1,0,0,0.01661333
468,2019/11/24 23:30:46.85,9.593957,36.14832,471.5753,1,0,0,0.01661333
469,2019/11/24 23:30:46.101,9.593957,36.14832,471.5753,1,0,0,0.01661333
470,2019/11/24 23:30:46.117,9.593957,36.14832,471.5753,1,0,0,0.01661333
471,2019/11/24 23:30:46.134,9.260502,35.98842,471.7618,1,0,0,0.01661333
472,2019/11/24 23:30:46.151,9.260502,35.98842,471.7618,1,0,0,0.01661333
473,2019/11/24 23:30:46.167,9.260502,35.98842,471.7618,1,0,0,0.01661333
474,2019/11/24 23:30:46.184,9.260502,35.98842,471.7618,1,0,0,0.01661333
475,2019/11/24 23:30:46.201,9.118697,35.77524,471.9592,1,0,0,0.01661333
476,2019/11/24 23:30:46.217,9.118697,35.77524,471.9592,1,0,0,0.01661333
477,2019/11/24 23:30:46.233,9.118697,35.77524,471.9592,1,0,0,0.01661333
478,2019/11/24 23:30:46.250,9.14496,35.99429,471.9206,1,0,0,0.01661333
479,2019/11/24 23:30:46.266,9.14496,35.99429,471.9206,1,0,0,0.01661333
480,2019/11/24 23:30:46.283,9.14496,35.99429,471.9206,1,0,0,0.01661333
481,2019/11/24 23:30:46.300,8.943048,35.96328,472.0078,1,0,0,0.01661333
482,2019/11/24 23:30:46.317,8.943048,35.96328,472.0078,1,0,0,0.01661333
483,2019/11/24 23:30:46.333,8.685221,35.9159,471.9896,1,0,0,0.01661333
484,2019/11/24 23:30:46.351,8.685221,35.9159,471.9896,1,0,0,0.01661333
485,2019/11/24 23:30:46.367,8.685221,35.9159,471.9896,1,0,0,0.01661333
486,2019/11/24 23:30:46.383,8.671887,36.08964,471.9143,1,0,0,0.01661333
487,2019/11/24 23:30:46.400,8.671887,36.08964,471.9143,1,0,0,0.01661333
488,2019/11/24 23:30:46.416,8.671887,36.08964,471.9143,1,0,0,0.01661333
489,2019/11/24 23:30:46.434,8.52754,36.81755,471.8274,1,0,0,0.01661333
490,2019/11/24 23:30:46.449,8.52754,36.81755,471.8274,1,0,0,0.01661333
491,2019/11/24 23:30:46.466,8.52754,36.81755,471.8274,1,0,0,0.01661333
492,2019/11/24 23:30:46.482,8.444502,37.17317,471.751,1,0,0,0.01661333
493,2019/11/24 23:30:46.499,8.444502,37.17317,471.751,1,0,0,0.01661333
494,2019/11/24 23:30:46.516,8.444502,37.17317,471.751,1,0,0,0.01661333
495,2019/11/24 23:30:46.532,8.242512,37.7136,471.7052,1,0,0,0.01661333
496,2019/11/24 23:30:46.548,8.242512,37.7136,471.7052,1,0,0,0.01661333
497,2019/11/24 23:30:46.566,8.242512,37.7136,471.7052,1,0,0,0.01661333
498,2019/11/24 23:30:46.582,8.242512,37.7136,471.7052,1,0,0,0.01661333
499,2019/11/24 23:30:46.599,8.113921,38.01945,471.7598,1,0,0,0.01661333
500,2019/11/24 23:30:46.615,8.113921,38.01945,471.7598,1,0,0,0.01661333
501,2019/11/24 23:30:46.632,8.113921,38.01945,471.7598,1,0,0,0.01661333
502,2019/11/24 23:30:46.667,7.985529,38.37192,471.8472,1,0,0,0.01661333
503,2019/11/24 23:30:46.683,7.962101,38.67433,471.7809,1,0,0,0.01661333
504,2019/11/24 23:30:46.700,7.962101,38.67433,471.7809,1,0,0,0.01661333
505,2019/11/24 23:30:46.716,7.962101,38.67433,471.7809,1,0,0,0.01661333
506,2019/11/24 23:30:46.733,8.024982,39.22584,471.5591,1,0,0,0.01661333
507,2019/11/24 23:30:46.748,8.024982,39.22584,471.5591,1,0,0,0.01661333
508,2019/11/24 23:30:46.765,8.024982,39.22584,471.5591,1,0,0,0.01661333
509,2019/11/24 23:30:46.782,8.220314,39.76307,471.2734,1,0,0,0.01661333
510,2019/11/24 23:30:46.799,8.220314,39.76307,471.2734,1,0,0,0.01661333
511,2019/11/24 23:30:46.816,8.220314,39.76307,471.2734,1,0,0,0.01661333
512,2019/11/24 23:30:46.832,8.079491,39.8208,471.2281,1,0,0,0.01661333
513,2019/11/24 23:30:46.849,8.079491,39.8208,471.2281,1,0,0,0.01661333
514,2019/11/24 23:30:46.865,8.079491,39.8208,471.2281,1,0,0,0.01661333
515,2019/11/24 23:30:46.883,7.929925,39.98091,471.2687,1,0,0,0.01661333
516,2019/11/24 23:30:46.899,7.929925,39.98091,471.2687,1,0,0,0.01661333
517,2019/11/24 23:30:46.915,7.929925,39.98091,471.2687,1,0,0,0.01661333
518,2019/11/24 23:30:46.933,7.88907,40.11786,471.3423,1,0,0,0.01661333
519,2019/11/24 23:30:46.948,7.88907,40.11786,471.3423,1,0,0,0.01661333
520,2019/11/24 23:30:46.964,7.88907,40.11786,471.3423,1,0,0,0.01661333
521,2019/11/24 23:30:46.981,7.88907,40.11786,471.3423,1,0,0,0.01661333
522,2019/11/24 23:30:46.998,7.98413,40.16249,471.3671,1,0,0,0.01661333
523,2019/11/24 23:30:47.14,7.98413,40.16249,471.3671,1,0,0,0.01661333
524,2019/11/24 23:30:47.31,7.98413,40.16249,471.3671,1,0,0,0.01661333
525,2019/11/24 23:30:47.47,8.264251,40.32057,471.421,1,0,0,0.01661333
526,2019/11/24 23:30:47.64,8.264251,40.32057,471.421,1,0,0,0.01661333
527,2019/11/24 23:30:47.81,8.264251,40.32057,471.421,1,0,0,0.01661333
528,2019/11/24 23:30:47.97,8.492657,40.36509,471.4768,1,0,0,0.01661333
529,2019/11/24 23:30:47.114,8.492657,40.36509,471.4768,1,0,0,0.01661333
530,2019/11/24 23:30:47.131,8.492657,40.36509,471.4768,1,0,0,0.01661333
531,2019/11/24 23:30:47.146,8.489806,40.66209,471.5889,1,0,0,0.01661333
532,2019/11/24 23:30:47.165,8.489806,40.66209,471.5889,1,0,0,0.01661333
533,2019/11/24 23:30:47.181,8.489806,40.66209,471.5889,1,0,0,0.01661333
534,2019/11/24 23:30:47.197,8.409205,40.92278,471.6056,1,0,0,0.01661333
535,2019/11/24 23:30:47.213,8.409205,40.92278,471.6056,1,0,0,0.01661333
536,2019/11/24 23:30:47.229,8.2951,40.94664,471.6275,1,0,0,0.01661333
537,2019/11/24 23:30:47.246,8.2951,40.94664,471.6275,1,0,0,0.01661333
538,2019/11/24 23:30:47.264,8.2951,40.94664,471.6275,1,0,0,0.01661333
539,2019/11/24 23:30:47.279,8.099128,40.88231,471.7144,1,0,0,0.01661333
540,2019/11/24 23:30:47.295,8.099128,40.88231,471.7144,1,0,0,0.01661333
541,2019/11/24 23:30:47.314,8.099128,40.88231,471.7144,1,0,0,0.01661333
542,2019/11/24 23:30:47.329,7.868932,40.66935,471.8656,1,0,0,0.01661333
543,2019/11/24 23:30:47.346,7.868932,40.66935,471.8656,1,0,0,0.01661333
544,2019/11/24 23:30:47.362,7.868932,40.66935,471.8656,1,0,0,0.01661333
545,2019/11/24 23:30:47.379,7.868932,40.66935,471.8656,1,0,0,0.01661333
546,2019/11/24 23:30:47.397,7.821893,40.65655,471.9851,1,0,0,0.01661333
547,2019/11/24 23:30:47.414,7.821893,40.65655,471.9851,1,0,0,0.01661333
548,2019/11/24 23:30:47.431,7.821893,40.65655,471.9851,1,0,0,0.01661333
549,2019/11/24 23:30:47.448,7.755548,40.61567,472.0399,1,0,0,0.01661333
550,2019/11/24 23:30:47.464,7.755548,40.61567,472.0399,1,0,0,0.01661333
551,2019/11/24 23:30:47.481,7.755548,40.61567,472.0399,1,0,0,0.01661333
552,2019/11/24 23:30:47.497,7.64614,40.64272,472.0589,1,0,0,0.01661333
553,2019/11/24 23:30:47.514,7.64614,40.64272,472.0589,1,0,0,0.01661333
554,2019/11/24 23:30:47.530,7.64614,40.64272,472.0589,1,0,0,0.01661333
555,2019/11/24 23:30:47.547,7.618961,40.63907,472.0124,1,0,0,0.01661333
556,2019/11/24 23:30:47.564,7.618961,40.63907,472.0124,1,0,0,0.01661333
557,2019/11/24 23:30:47.580,7.426063,40.66064,472.0261,1,0,0,0.01661333
558,2019/11/24 23:30:47.597,7.426063,40.66064,472.0261,1,0,0,0.01661333
559,2019/11/24 23:30:47.613,7.426063,40.66064,472.0261,1,0,0,0.01661333
560,2019/11/24 23:30:47.629,7.087253,40.55643,471.9304,1,0,0,0.01661333
561,2019/11/24 23:30:47.646,7.087253,40.55643,471.9304,1,0,0,0.01661333
562,2019/11/24 23:30:47.663,7.087253,40.55643,471.9304,1,0,0,0.01661333
563,2019/11/24 23:30:47.680,6.893048,40.40458,471.8721,1,0,0,0.01661333
564,2019/11/24 23:30:47.696,6.893048,40.40458,471.8721,1,0,0,0.01661333
565,2019/11/24 23:30:47.712,6.893048,40.40458,471.8721,1,0,0,0.01661333
566,2019/11/24 23:30:47.728,6.790821,40.30539,471.7133,1,0,0,0.01661333
567,2019/11/24 23:30:47.746,6.790821,40.30539,471.7133,1,0,0,0.01661333
568,2019/11/24 23:30:47.763,6.790821,40.30539,471.7133,1,0,0,0.01661333
569,2019/11/24 23:30:47.779,6.790821,40.30539,471.7133,1,0,0,0.01661333
570,2019/11/24 23:30:47.796,6.874948,40.15548,471.5746,1,0,0,0.01661333
571,2019/11/24 23:30:47.813,6.874948,40.15548,471.5746,1,0,0,0.01661333
572,2019/11/24 23:30:47.829,6.874948,40.15548,471.5746,1,0,0,0.01661333
573,2019/11/24 23:30:47.846,6.845689,40.28777,471.4385,1,0,0,0.01661333
574,2019/11/24 23:30:47.863,6.845689,40.28777,471.4385,1,0,0,0.01661333
575,2019/11/24 23:30:47.879,6.845689,40.28777,471.4385,1,0,0,0.01661333
576,2019/11/24 23:30:47.895,6.859973,40.27362,471.4069,1,0,0,0.01661333
577,2019/11/24 23:30:47.911,6.859973,40.27362,471.4069,1,0,0,0.01661333
578,2019/11/24 23:30:47.927,6.859973,40.27362,471.4069,1,0,0,0.01661333
579,2019/11/24 23:30:47.944,6.789527,40.16679,471.5063,1,0,0,0.01661333
580,2019/11/24 23:30:47.961,6.789527,40.16679,471.5063,1,0,0,0.01661333
581,2019/11/24 23:30:47.978,6.789527,40.16679,471.5063,1,0,0,0.01661333
582,2019/11/24 23:30:47.994,6.742948,39.95401,471.6158,1,0,0,0.01661333
583,2019/11/24 23:30:48.10,6.742948,39.95401,471.6158,1,0,0,0.01661333
584,2019/11/24 23:30:48.27,6.742948,39.95401,471.6158,1,0,0,0.01661333
585,2019/11/24 23:30:48.44,6.684487,39.64345,471.7267,1,0,0,0.01661333
586,2019/11/24 23:30:48.61,6.684487,39.64345,471.7267,1,0,0,0.01661333
587,2019/11/24 23:30:48.77,6.553087,39.52041,471.8042,1,0,0,0.01661333
588,2019/11/24 23:30:48.94,6.553087,39.52041,471.8042,1,0,0,0.01661333
589,2019/11/24 23:30:48.111,6.553087,39.52041,471.8042,1,0,0,0.01661333
590,2019/11/24 23:30:48.128,6.443382,39.17287,471.8216,1,0,0,0.01661333
591,2019/11/24 23:30:48.146,6.443382,39.17287,471.8216,1,0,0,0.01661333
592,2019/11/24 23:30:48.162,6.443382,39.17287,471.8216,1,0,0,0.01661333
593,2019/11/24 23:30:48.179,6.443382,39.17287,471.8216,1,0,0,0.01661333
594,2019/11/24 23:30:48.196,6.209849,39.20327,471.8149,1,0,0,0.01661333
595,2019/11/24 23:30:48.211,6.209849,39.20327,471.8149,1,0,0,0.01661333
596,2019/11/24 23:30:48.227,6.209849,39.20327,471.8149,1,0,0,0.01661333
597,2019/11/24 23:30:48.244,5.95136,39.20804,471.8302,1,0,0,0.01661333
598,2019/11/24 23:30:48.261,5.95136,39.20804,471.8302,1,0,0,0.01661333
599,2019/11/24 23:30:48.277,5.95136,39.20804,471.8302,1,0,0,0.01661333
600,2019/11/24 23:30:48.294,5.868946,39.19061,471.7961,1,0,0,0.01661333
601,2019/11/24 23:30:48.311,5.868946,39.19061,471.7961,1,0,0,0.01661333
602,2019/11/24 23:30:48.327,5.868946,39.19061,471.7961,1,0,0,0.01661333
603,2019/11/24 23:30:48.344,5.806749,39.26653,471.7513,1,0,0,0.01661333
604,2019/11/24 23:30:48.360,5.806749,39.26653,471.7513,1,0,0,0.01661333
605,2019/11/24 23:30:48.377,5.806749,39.26653,471.7513,1,0,0,0.01661333
606,2019/11/24 23:30:48.394,5.682407,39.25438,471.6531,1,0,0,0.01661333
607,2019/11/24 23:30:48.411,5.682407,39.25438,471.6531,1,0,0,0.01661333
608,2019/11/24 23:30:48.428,5.682407,39.25438,471.6531,1,0,0,0.01661333
609,2019/11/24 23:30:48.444,5.625148,39.3669,471.4958,1,0,0,0.01661333
610,2019/11/24 23:30:48.461,5.625148,39.3669,471.4958,1,0,0,0.01661333
611,2019/11/24 23:30:48.477,5.506949,39.61424,471.1832,1,0,0,0.01661333
612,2019/11/24 23:30:48.494,5.506949,39.61424,471.1832,1,0,0,0.01661333
613,2019/11/24 23:30:48.511,5.506949,39.61424,471.1832,1,0,0,0.01661333
614,2019/11/24 23:30:48.527,5.391213,39.83835,470.9693,1,0,0,0.01661333
615,2019/11/24 23:30:48.543,5.391213,39.83835,470.9693,1,0,0,0.01661333
616,2019/11/24 23:30:48.560,5.391213,39.83835,470.9693,1,0,0,0.01661333
617,2019/11/24 23:30:48.576,5.391213,39.83835,470.9693,1,0,0,0.01661333
618,2019/11/24 23:30:48.594,5.214337,40.2886,470.7358,1,0,0,0.01661333
619,2019/11/24 23:30:48.609,5.214337,40.2886,470.7358,1,0,0,0.01661333
620,2019/11/24 23:30:48.626,5.214337,40.2886,470.7358,1,0,0,0.01661333
621,2019/11/24 23:30:48.643,5.129,40.95743,470.545,1,0,0,0.01661333
622,2019/11/24 23:30:48.660,5.129,40.95743,470.545,1,0,0,0.01661333
623,2019/11/24 23:30:48.677,5.129,40.95743,470.545,1,0,0,0.01661333
624,2019/11/24 23:30:48.693,5.342397,43.10643,469.9507,1,0,0,0.01661333
625,2019/11/24 23:30:48.708,5.342397,43.10643,469.9507,1,0,0,0.01661333
626,2019/11/24 23:30:48.725,5.342397,43.10643,469.9507,1,0,0,0.01661333
627,2019/11/24 23:30:48.742,4.896728,48.61862,469.1673,1,0,0,0.01661333
628,2019/11/24 23:30:48.758,4.896728,48.61862,469.1673,1,0,0,0.01661333
629,2019/11/24 23:30:48.775,4.896728,48.61862,469.1673,1,0,0,0.01661333
630,2019/11/24 23:30:48.793,3.773539,56.9459,467.4105,1,0,0,0.01661333
631,2019/11/24 23:30:48.808,3.773539,56.9459,467.4105,1,0,0,0.01661333
632,2019/11/24 23:30:48.825,3.773539,56.9459,467.4105,1,0,0,0.01661333
633,2019/11/24 23:30:48.842,4.827644,62.22884,466.2936,1,0,1,1.117761
634,2019/11/24 23:30:48.859,4.827644,62.22884,466.2936,1,0,1,1.117647
635,2019/11/24 23:30:48.876,4.827644,62.22884,466.2936,1,0,1,1.117967
636,2019/11/24 23:30:48.894,5.497819,62.20024,465.6801,1,0,1,0.01727295
637,2019/11/24 23:30:48.911,5.497819,62.20024,465.6801,1,0,1,0.01727676
638,2019/11/24 23:30:48.926,5.12021,59.41573,466.1711,1,0,0,0.01727676
639,2019/11/24 23:30:48.943,5.12021,59.41573,466.1711,1,0,0,0.01727676
640,2019/11/24 23:30:48.960,5.12021,59.41573,466.1711,1,0,0,0.01727676
641,2019/11/24 23:30:48.977,5.12021,59.41573,466.1711,1,0,0,0.01727676
642,2019/11/24 23:30:48.993,3.758309,52.78308,466.5241,1,0,0,0.01727676
643,2019/11/24 23:30:49.11,3.758309,52.78308,466.5241,1,0,0,0.01727676
644,2019/11/24 23:30:49.26,3.758309,52.78308,466.5241,1,0,0,0.01727676
645,2019/11/24 23:30:49.44,3.086579,44.06411,469.3174,1,0,0,0.01727676
646,2019/11/24 23:30:49.60,3.086579,44.06411,469.3174,1,0,0,0.01727676
647,2019/11/24 23:30:49.76,3.086579,44.06411,469.3174,1,0,0,0.01727676
648,2019/11/24 23:30:49.94,3.875761,38.36724,470.393,1,0,0,0.01727676
649,2019/11/24 23:30:49.109,3.875761,38.36724,470.393,1,0,0,0.01727676
650,2019/11/24 23:30:49.127,3.875761,38.36724,470.393,1,0,0,0.01727676
651,2019/11/24 23:30:49.144,3.915956,34.98695,470.9801,1,0,0,0.01727676
652,2019/11/24 23:30:49.160,3.915956,34.98695,470.9801,1,0,0,0.01727676
653,2019/11/24 23:30:49.176,3.915956,34.98695,470.9801,1,0,0,0.01727676
654,2019/11/24 23:30:49.193,4.298811,32.40871,471.0187,1,0,0,0.01727676
655,2019/11/24 23:30:49.209,4.298811,32.40871,471.0187,1,0,0,0.01727676
656,2019/11/24 23:30:49.227,4.298811,32.40871,471.0187,1,0,0,0.01727676
657,2019/11/24 23:30:49.243,4.393305,31.20751,470.8134,1,0,0,0.01727676
658,2019/11/24 23:30:49.259,4.393305,31.20751,470.8134,1,0,0,0.01727676
659,2019/11/24 23:30:49.276,4.393305,31.20751,470.8134,1,0,0,0.01727676
660,2019/11/24 23:30:49.294,4.580387,30.34054,470.743,1,0,0,0.01727676
661,2019/11/24 23:30:49.309,4.580387,30.34054,470.743,1,0,0,0.01727676
662,2019/11/24 23:30:49.327,4.499667,29.83346,470.8429,1,0,0,0.01727676
663,2019/11/24 23:30:49.343,4.499667,29.83346,470.8429,1,0,0,0.01727676
664,2019/11/24 23:30:49.359,4.499667,29.83346,470.8429,1,0,0,0.01727676
665,2019/11/24 23:30:49.376,4.499667,29.83346,470.8429,1,0,0,0.01727676
666,2019/11/24 23:30:49.391,4.371826,30.09656,470.8271,1,0,0,0.01727676
667,2019/11/24 23:30:49.408,4.371826,30.09656,470.8271,1,0,0,0.01727676
668,2019/11/24 23:30:49.424,4.371826,30.09656,470.8271,1,0,0,0.01727676
669,2019/11/24 23:30:49.441,4.222059,30.22111,470.8024,1,0,0,0.01727676
670,2019/11/24 23:30:49.458,4.222059,30.22111,470.8024,1,0,0,0.01727676
671,2019/11/24 23:30:49.474,4.222059,30.22111,470.8024,1,0,0,0.01727676
672,2019/11/24 23:30:49.492,4.040853,30.37583,470.6847,1,0,0,0.01727676
673,2019/11/24 23:30:49.507,4.040853,30.37583,470.6847,1,0,0,0.01727676
674,2019/11/24 23:30:49.524,4.040853,30.37583,470.6847,1,0,0,0.01727676
675,2019/11/24 23:30:49.541,3.829322,30.52748,470.5718,1,0,0,0.01727676
676,2019/11/24 23:30:49.558,3.829322,30.52748,470.5718,1,0,0,0.01727676
677,2019/11/24 23:30:49.573,3.829322,30.52748,470.5718,1,0,0,0.01727676
678,2019/11/24 23:30:49.590,3.767477,31.12588,470.1743,1,0,0,0.01727676
679,2019/11/24 23:30:49.606,3.767477,31.12588,470.1743,1,0,0,0.01727676
680,2019/11/24 23:30:49.624,3.767477,31.12588,470.1743,1,0,0,0.01727676
681,2019/11/24 23:30:49.641,3.995429,31.38269,469.8408,1,0,0,0.01727676
682,2019/11/24 23:30:49.658,3.995429,31.38269,469.8408,1,0,0,0.01727676
683,2019/11/24 23:30:49.675,3.995429,31.38269,469.8408,1,0,0,0.01727676
684,2019/11/24 23:30:49.691,4.15841,31.52277,469.5433,1,0,0,0.01727676
685,2019/11/24 23:30:49.706,4.15841,31.52277,469.5433,1,0,0,0.01727676
686,2019/11/24 23:30:49.723,4.15841,31.52277,469.5433,1,0,0,0.01727676
687,2019/11/24 23:30:49.740,4.112495,31.20146,469.4825,1,0,0,0.01727676
688,2019/11/24 23:30:49.756,4.112495,31.20146,469.4825,1,0,0,0.01727676
689,2019/11/24 23:30:49.772,4.112495,31.20146,469.4825,1,0,0,0.01727676
690,2019/11/24 23:30:49.789,3.944941,30.7821,469.6454,1,0,0,0.01727676
691,2019/11/24 23:30:49.806,3.944941,30.7821,469.6454,1,0,0,0.01727676
692,2019/11/24 23:30:49.823,3.944941,30.7821,469.6454,1,0,0,0.01727676
693,2019/11/24 23:30:49.839,4.064581,30.28101,469.7422,1,0,0,0.01727676
694,2019/11/24 23:30:49.856,4.064581,30.28101,469.7422,1,0,0,0.01727676
695,2019/11/24 23:30:49.873,4.064581,30.28101,469.7422,1,0,0,0.01727676
696,2019/11/24 23:30:49.889,4.358683,30.30636,469.8433,1,0,0,0.01727676
697,2019/11/24 23:30:49.906,4.358683,30.30636,469.8433,1,0,0,0.01727676
698,2019/11/24 23:30:49.922,4.358683,30.30636,469.8433,1,0,0,0.01727676
699,2019/11/24 23:30:49.939,4.731022,30.78926,469.6308,1,0,0,0.01727676
700,2019/11/24 23:30:49.955,4.731022,30.78926,469.6308,1,0,0,0.01727676
701,2019/11/24 23:30:49.972,4.731022,30.78926,469.6308,1,0,0,0.01727676
702,2019/11/24 23:30:49.988,4.753532,31.7484,469.3517,1,0,0,0.01727676
703,2019/11/24 23:30:50.6,4.753532,31.7484,469.3517,1,0,0,0.01727676
704,2019/11/24 23:30:50.22,4.753532,31.7484,469.3517,1,0,0,0.01727676
705,2019/11/24 23:30:50.39,4.87457,32.08844,469.2015,1,0,0,0.01727676
706,2019/11/24 23:30:50.55,4.87457,32.08844,469.2015,1,0,0,0.01727676
707,2019/11/24 23:30:50.71,4.87457,32.08844,469.2015,1,0,0,0.01727676
708,2019/11/24 23:30:50.88,4.632676,32.42786,469.2631,1,0,0,0.01727676
709,2019/11/24 23:30:50.106,4.632676,32.42786,469.2631,1,0,0,0.01727676
710,2019/11/24 23:30:50.122,4.632676,32.42786,469.2631,1,0,0,0.01727676
711,2019/11/24 23:30:50.138,4.737705,32.15466,469.33,1,0,0,0.01727676
712,2019/11/24 23:30:50.155,4.737705,32.15466,469.33,1,0,0,0.01727676
713,2019/11/24 23:30:50.172,4.737705,32.15466,469.33,1,0,0,0.01727676
714,2019/11/24 23:30:50.188,4.756751,31.35178,469.5693,1,0,0,0.01727676
715,2019/11/24 23:30:50.205,4.756751,31.35178,469.5693,1,0,0,0.01727676
716,2019/11/24 23:30:50.220,4.756751,31.35178,469.5693,1,0,0,0.01727676
717,2019/11/24 23:30:50.237,4.727234,30.45659,469.8852,1,0,0,0.01727676
718,2019/11/24 23:30:50.254,4.727234,30.45659,469.8852,1,0,0,0.01727676
719,2019/11/24 23:30:50.270,4.727234,30.45659,469.8852,1,0,0,0.01727676
720,2019/11/24 23:30:50.286,4.563862,29.8062,470.1064,1,0,0,0.01727676
721,2019/11/24 23:30:50.303,4.563862,29.8062,470.1064,1,0,0,0.01727676
722,2019/11/24 23:30:50.320,4.563862,29.8062,470.1064,1,0,0,0.01727676
723,2019/11/24 23:30:50.337,4.702395,29.55841,470.1352,1,0,0,0.01727676
724,2019/11/24 23:30:50.354,4.702395,29.55841,470.1352,1,0,0,0.01727676
725,2019/11/24 23:30:50.370,4.702395,29.55841,470.1352,1,0,0,0.01727676
726,2019/11/24 23:30:50.387,4.639363,29.88989,469.9022,1,0,0,0.01727676
727,2019/11/24 23:30:50.403,4.639363,29.88989,469.9022,1,0,0,0.01727676
728,2019/11/24 23:30:50.420,4.639363,29.88989,469.9022,1,0,0,0.01727676
729,2019/11/24 23:30:50.437,4.467173,29.92374,469.8942,1,0,0,0.01727676
730,2019/11/24 23:30:50.453,4.467173,29.92374,469.8942,1,0,0,0.01727676
731,2019/11/24 23:30:50.469,4.467173,29.92374,469.8942,1,0,0,0.01727676
732,2019/11/24 23:30:50.487,4.182097,29.91647,469.7989,1,0,0,0.01727676
733,2019/11/24 23:30:50.503,4.182097,29.91647,469.7989,1,0,0,0.01727676
734,2019/11/24 23:30:50.519,4.182097,29.91647,469.7989,1,0,0,0.01727676
735,2019/11/24 23:30:50.536,3.946391,30.1217,469.7709,1,0,0,0.01727676
736,2019/11/24 23:30:50.552,3.946391,30.1217,469.7709,1,0,0,0.01727676
737,2019/11/24 23:30:50.569,3.946391,30.1217,469.7709,1,0,0,0.01727676
738,2019/11/24 23:30:50.586,1.691217,38.48344,468.875,1,0,0,0.01727676
739,2019/11/24 23:30:50.601,1.691217,38.48344,468.875,1,0,0,0.01727676
740,2019/11/24 23:30:50.619,1.691217,38.48344,468.875,1,0,0,0.01727676
741,2019/11/24 23:30:50.636,1.691217,38.48344,468.875,1,0,0,0.01727676
742,2019/11/24 23:30:50.652,1.950431,53.95707,466.6723,1,0,0,0.01727676
743,2019/11/24 23:30:50.668,1.950431,53.95707,466.6723,1,0,0,0.01727676
744,2019/11/24 23:30:50.686,5.811307,63.80819,465.1111,1,0,1,0.6033726
745,2019/11/24 23:30:50.702,5.811307,63.80819,465.1111,1,0,1,0.6026395
746,2019/11/24 23:30:50.718,5.811307,63.80819,465.1111,1,0,1,0.6026204
747,2019/11/24 23:30:50.735,5.044209,61.04873,464.7661,1,0,0,0.6026204
748,2019/11/24 23:30:50.751,5.044209,61.04873,464.7661,1,0,0,0.6026204
749,2019/11/24 23:30:50.768,5.044209,61.04873,464.7661,1,0,0,0.6026204
750,2019/11/24 23:30:50.785,5.544497,54.67683,467.126,1,0,0,0.6026204
751,2019/11/24 23:30:50.800,5.544497,54.67683,467.126,1,0,0,0.6026204
752,2019/11/24 23:30:50.818,5.544497,54.67683,467.126,1,0,0,0.6026204
753,2019/11/24 23:30:50.835,5.915982,43.91861,468.654,1,0,0,0.6026204
754,2019/11/24 23:30:50.850,5.915982,43.91861,468.654,1,0,0,0.6026204
755,2019/11/24 23:30:50.867,5.915982,43.91861,468.654,1,0,0,0.6026204
756,2019/11/24 23:30:50.886,6.525654,33.32596,469.269,1,0,0,0.6026204
757,2019/11/24 23:30:50.902,6.525654,33.32596,469.269,1,0,0,0.6026204
758,2019/11/24 23:30:50.919,6.525654,33.32596,469.269,1,0,0,0.6026204
759,2019/11/24 23:30:50.936,6.850482,25.90415,471.2867,1,0,0,0.6026204
760,2019/11/24 23:30:50.953,6.850482,25.90415,471.2867,1,0,0,0.6026204
761,2019/11/24 23:30:50.968,6.850482,25.90415,471.2867,1,0,0,0.6026204
762,2019/11/24 23:30:50.986,7.318435,21.47948,471.1746,1,0,0,0.6026204
763,2019/11/24 23:30:51.3,7.318435,21.47948,471.1746,1,0,0,0.6026204
764,2019/11/24 23:30:51.19,7.318435,21.47948,471.1746,1,0,0,0.6026204
765,2019/11/24 23:30:51.35,7.318435,21.47948,471.1746,1,0,0,0.6026204
766,2019/11/24 23:30:51.51,7.918494,18.93008,471.2711,1,0,0,0.6026204
767,2019/11/24 23:30:51.67,7.918494,18.93008,471.2711,1,0,0,0.6026204
768,2019/11/24 23:30:51.84,8.406594,17.97751,471.1077,1,0,0,0.6026204
769,2019/11/24 23:30:51.101,8.406594,17.97751,471.1077,1,0,0,0.6026204
770,2019/11/24 23:30:51.118,8.406594,17.97751,471.1077,1,0,0,0.6026204
771,2019/11/24 23:30:51.135,8.364271,17.64413,471.1693,1,0,0,0.6026204
772,2019/11/24 23:30:51.151,8.364271,17.64413,471.1693,1,0,0,0.6026204
773,2019/11/24 23:30:51.167,8.364271,17.64413,471.1693,1,0,0,0.6026204
774,2019/11/24 23:30:51.185,8.635953,17.12294,471.0317,1,0,0,0.6026204
775,2019/11/24 23:30:51.202,8.635953,17.12294,471.0317,1,0,0,0.6026204
776,2019/11/24 23:30:51.217,8.635953,17.12294,471.0317,1,0,0,0.6026204
777,2019/11/24 23:30:51.234,8.516171,17.27975,470.7746,1,0,0,0.6026204
778,2019/11/24 23:30:51.249,8.516171,17.27975,470.7746,1,0,0,0.6026204
779,2019/11/24 23:30:51.266,8.516171,17.27975,470.7746,1,0,0,0.6026204
780,2019/11/24 23:30:51.283,8.692895,17.13395,470.7351,1,0,0,0.6026204
781,2019/11/24 23:30:51.299,8.692895,17.13395,470.7351,1,0,0,0.6026204
782,2019/11/24 23:30:51.317,8.692895,17.13395,470.7351,1,0,0,0.6026204
783,2019/11/24 23:30:51.333,8.600218,17.31489,470.5224,1,0,0,0.6026204
784,2019/11/24 23:30:51.349,8.600218,17.31489,470.5224,1,0,0,0.6026204
785,2019/11/24 23:30:51.366,8.600218,17.31489,470.5224,1,0,0,0.6026204
786,2019/11/24 23:30:51.383,8.729936,17.27998,470.5271,1,0,0,0.6026204
787,2019/11/24 23:30:51.399,8.729936,17.27998,470.5271,1,0,0,0.6026204
788,2019/11/24 23:30:51.416,8.729936,17.27998,470.5271,1,0,0,0.6026204
789,2019/11/24 23:30:51.433,8.729936,17.27998,470.5271,1,0,0,0.6026204
790,2019/11/24 23:30:51.448,8.560621,17.04745,470.4745,1,0,0,0.6026204
791,2019/11/24 23:30:51.465,8.560621,17.04745,470.4745,1,0,0,0.6026204
792,2019/11/24 23:30:51.482,8.560621,17.04745,470.4745,1,0,0,0.6026204
793,2019/11/24 23:30:51.499,8.401285,17.10177,470.3543,1,0,0,0.6026204
794,2019/11/24 23:30:51.515,8.401285,17.10177,470.3543,1,0,0,0.6026204
795,2019/11/24 23:30:51.532,8.332249,17.06691,470.2532,1,0,0,0.6026204
796,2019/11/24 23:30:51.548,8.332249,17.06691,470.2532,1,0,0,0.6026204
797,2019/11/24 23:30:51.565,8.332249,17.06691,470.2532,1,0,0,0.6026204
798,2019/11/24 23:30:51.582,8.011705,17.64189,470.1109,1,0,0,0.6026204
799,2019/11/24 23:30:51.598,8.011705,17.64189,470.1109,1,0,0,0.6026204
800,2019/11/24 23:30:51.615,8.011705,17.64189,470.1109,1,0,0,0.6026204
801,2019/11/24 23:30:51.631,8.218945,18.06145,469.778,1,0,0,0.6026204
802,2019/11/24 23:30:51.647,8.218945,18.06145,469.778,1,0,0,0.6026204
803,2019/11/24 23:30:51.664,8.218945,18.06145,469.778,1,0,0,0.6026204
804,2019/11/24 23:30:51.681,8.284171,18.44135,469.4476,1,0,0,0.6026204
805,2019/11/24 23:30:51.697,8.284171,18.44135,469.4476,1,0,0,0.6026204
806,2019/11/24 23:30:51.714,8.284171,18.44135,469.4476,1,0,0,0.6026204
807,2019/11/24 23:30:51.731,8.326788,18.37704,469.3562,1,0,0,0.6026204
808,2019/11/24 23:30:51.747,8.326788,18.37704,469.3562,1,0,0,0.6026204
809,2019/11/24 23:30:51.764,8.326788,18.37704,469.3562,1,0,0,0.6026204
810,2019/11/24 23:30:51.781,8.140387,18.35972,469.4722,1,0,0,0.6026204
811,2019/11/24 23:30:51.797,8.140387,18.35972,469.4722,1,0,0,0.6026204
812,2019/11/24 23:30:51.814,8.140387,18.35972,469.4722,1,0,0,0.6026204
813,2019/11/24 23:30:51.829,8.140387,18.35972,469.4722,1,0,0,0.6026204
814,2019/11/24 23:30:51.847,8.230016,18.13784,469.499,1,0,0,0.6026204
815,2019/11/24 23:30:51.863,8.230016,18.13784,469.499,1,0,0,0.6026204
816,2019/11/24 23:30:51.880,8.230016,18.13784,469.499,1,0,0,0.6026204
817,2019/11/24 23:30:51.896,8.270903,18.21501,469.7077,1,0,0,0.6026204
818,2019/11/24 23:30:51.912,8.270903,18.21501,469.7077,1,0,0,0.6026204
819,2019/11/24 23:30:51.929,8.270903,18.21501,469.7077,1,0,0,0.6026204
820,2019/11/24 23:30:51.946,8.253304,18.81398,469.6961,1,0,0,0.6026204
821,2019/11/24 23:30:51.962,8.253304,18.81398,469.6961,1,0,0,0.6026204
822,2019/11/24 23:30:51.980,8.253304,18.81398,469.6961,1,0,0,0.6026204
823,2019/11/24 23:30:51.996,4.974348,29.04629,469.5686,1,0,0,0.6026204
824,2019/11/24 23:30:52.13,4.974348,29.04629,469.5686,1,0,0,0.6026204
825,2019/11/24 23:30:52.29,2.634551,52.70121,466.5338,1,0,0,0.6026204
826,2019/11/24 23:30:52.46,2.634551,52.70121,466.5338,1,0,0,0.6026204
827,2019/11/24 23:30:52.62,2.634551,52.70121,466.5338,1,0,0,0.6026204
828,2019/11/24 23:30:52.79,1.405343,55.25301,464.2481,1,0,0,0.6026204
829,2019/11/24 23:30:52.95,1.405343,55.25301,464.2481,1,0,0,0.6026204
830,2019/11/24 23:30:52.112,1.405343,55.25301,464.2481,1,0,0,0.6026204
831,2019/11/24 23:30:52.128,1.550554,50.71441,465.3003,1,0,0,0.6026204
832,2019/11/24 23:30:52.145,1.550554,50.71441,465.3003,1,0,0,0.6026204
833,2019/11/24 23:30:52.162,1.550554,50.71441,465.3003,1,0,0,0.6026204
834,2019/11/24 23:30:52.179,2.008405,38.87154,467.2683,1,0,0,0.6026204
835,2019/11/24 23:30:52.194,2.008405,38.87154,467.2683,1,0,0,0.6026204
836,2019/11/24 23:30:52.211,2.008405,38.87154,467.2683,1,0,0,0.6026204
837,2019/11/24 23:30:52.227,2.008405,38.87154,467.2683,1,0,0,0.6026204
838,2019/11/24 23:30:52.244,2.462827,28.79144,467.811,1,0,0,0.6026204
839,2019/11/24 23:30:52.261,2.462827,28.79144,467.811,1,0,0,0.6026204
840,2019/11/24 23:30:52.277,2.462827,28.79144,467.811,1,0,0,0.6026204
841,2019/11/24 23:30:52.295,3.4938,22.92682,469.4383,1,0,0,0.6026204
842,2019/11/24 23:30:52.311,3.4938,22.92682,469.4383,1,0,0,0.6026204
843,2019/11/24 23:30:52.327,3.4938,22.92682,469.4383,1,0,0,0.6026204
844,2019/11/24 23:30:52.344,4.26628,18.88269,469.2041,1,0,0,0.6026204
845,2019/11/24 23:30:52.361,4.26628,18.88269,469.2041,1,0,0,0.6026204
846,2019/11/24 23:30:52.377,4.26628,18.88269,469.2041,1,0,0,0.6026204
847,2019/11/24 23:30:52.394,5.001977,16.7923,469.1254,1,0,0,0.6026204
848,2019/11/24 23:30:52.410,5.001977,16.7923,469.1254,1,0,0,0.6026204
849,2019/11/24 23:30:52.426,5.001977,16.7923,469.1254,1,0,0,0.6026204
850,2019/11/24 23:30:52.444,5.496628,15.70968,468.8458,1,0,0,0.6026204
851,2019/11/24 23:30:52.460,5.496628,15.70968,468.8458,1,0,0,0.6026204
852,2019/11/24 23:30:52.476,5.540568,15.84832,468.598,1,0,0,0.6026204
853,2019/11/24 23:30:52.492,5.540568,15.84832,468.598,1,0,0,0.6026204
854,2019/11/24 23:30:52.509,5.540568,15.84832,468.598,1,0,0,0.6026204
855,2019/11/24 23:30:52.525,5.684964,15.7189,468.435,1,0,0,0.6026204
856,2019/11/24 23:30:52.542,5.684964,15.7189,468.435,1,0,0,0.6026204
857,2019/11/24 23:30:52.558,5.684964,15.7189,468.435,1,0,0,0.6026204
858,2019/11/24 23:30:52.576,5.648313,16.05371,468.3095,1,0,0,0.6026204
859,2019/11/24 23:30:52.593,5.648313,16.05371,468.3095,1,0,0,0.6026204
860,2019/11/24 23:30:52.608,5.648313,16.05371,468.3095,1,0,0,0.6026204
861,2019/11/24 23:30:52.626,5.648313,16.05371,468.3095,1,0,0,0.6026204
862,2019/11/24 23:30:52.642,6.028697,15.86636,468.1534,1,0,0,0.6026204
863,2019/11/24 23:30:52.658,6.028697,15.86636,468.1534,1,0,0,0.6026204
864,2019/11/24 23:30:52.675,6.028697,15.86636,468.1534,1,0,0,0.6026204
865,2019/11/24 23:30:52.692,6.05215,15.68801,467.9975,1,0,0,0.6026204
866,2019/11/24 23:30:52.708,6.05215,15.68801,467.9975,1,0,0,0.6026204
867,2019/11/24 23:30:52.725,6.05215,15.68801,467.9975,1,0,0,0.6026204
868,2019/11/24 23:30:52.742,5.847436,15.76543,468.0616,1,0,0,0.6026204
869,2019/11/24 23:30:52.758,5.847436,15.76543,468.0616,1,0,0,0.6026204
870,2019/11/24 23:30:52.774,5.847436,15.76543,468.0616,1,0,0,0.6026204
871,2019/11/24 23:30:52.792,5.829559,15.52633,468.1772,1,0,0,0.6026204
872,2019/11/24 23:30:52.808,5.829559,15.52633,468.1772,1,0,0,0.6026204
873,2019/11/24 23:30:52.824,5.829559,15.52633,468.1772,1,0,0,0.6026204
874,2019/11/24 23:30:52.841,5.987074,15.61623,468.1019,1,0,0,0.6026204
875,2019/11/24 23:30:52.857,5.987074,15.61623,468.1019,1,0,0,0.6026204
876,2019/11/24 23:30:52.874,5.987074,15.61623,468.1019,1,0,0,0.6026204
877,2019/11/24 23:30:52.891,6.305106,15.55676,468.1363,1,0,0,0.6026204
878,2019/11/24 23:30:52.908,6.305106,15.55676,468.1363,1,0,0,0.6026204
879,2019/11/24 23:30:52.926,6.358588,15.6259,468.2102,1,0,0,0.6026204
880,2019/11/24 23:30:52.941,6.358588,15.6259,468.2102,1,0,0,0.6026204
881,2019/11/24 23:30:52.958,6.358588,15.6259,468.2102,1,0,0,0.6026204
882,2019/11/24 23:30:52.975,6.598111,15.52812,468.4032,1,0,0,0.6026204
883,2019/11/24 23:30:52.992,6.598111,15.52812,468.4032,1,0,0,0.6026204
884,2019/11/24 23:30:53.7,6.598111,15.52812,468.4032,1,0,0,0.6026204
885,2019/11/24 23:30:53.24,6.598111,15.52812,468.4032,1,0,0,0.6026204
886,2019/11/24 23:30:53.40,6.869676,15.31418,468.46,1,0,0,0.6026204
887,2019/11/24 23:30:53.56,6.869676,15.31418,468.46,1,0,0,0.6026204
888,2019/11/24 23:30:53.73,6.869676,15.31418,468.46,1,0,0,0.6026204
889,2019/11/24 23:30:53.90,6.251521,16.32351,468.4871,1,0,0,0.6026204
890,2019/11/24 23:30:53.106,6.251521,16.32351,468.4871,1,0,0,0.6026204
891,2019/11/24 23:30:53.123,6.251521,16.32351,468.4871,1,0,0,0.6026204
892,2019/11/24 23:30:53.140,1.69645,42.91406,410.9458,1,0,0,0.6026204
893,2019/11/24 23:30:53.156,1.69645,42.91406,410.9458,1,0,0,0.6026204
894,2019/11/24 23:30:53.173,1.69645,42.91406,410.9458,1,0,0,0.6026204
895,2019/11/24 23:30:53.190,3.064335,67.5078,460.7767,1,0,1,0.8347492
896,2019/11/24 23:30:53.206,3.064335,67.5078,460.7767,1,0,1,0.8348713
897,2019/11/24 23:30:53.223,3.064335,67.5078,460.7767,1,0,1,0.8348713
898,2019/11/24 23:30:53.240,3.684659,65.95939,460.7998,1,0,1,0.01662382
899,2019/11/24 23:30:53.257,3.684659,65.95939,460.7998,1,0,1,0.01679103
900,2019/11/24 23:30:53.273,3.684659,65.95939,460.7998,1,0,1,0.0165863
901,2019/11/24 23:30:53.289,1.954083,52.27258,460.7848,1,0,0,0.0165863
902,2019/11/24 23:30:53.306,1.954083,52.27258,460.7848,1,0,0,0.0165863
903,2019/11/24 23:30:53.322,1.954083,52.27258,460.7848,1,0,0,0.0165863
904,2019/11/24 23:30:53.340,1.093096,36.09594,471.0619,1,0,0,0.0165863
905,2019/11/24 23:30:53.356,1.093096,36.09594,471.0619,1,0,0,0.0165863
906,2019/11/24 23:30:53.372,1.700364,28.21894,473.0414,1,0,0,0.0165863
907,2019/11/24 23:30:53.388,1.700364,28.21894,473.0414,1,0,0,0.0165863
908,2019/11/24 23:30:53.405,1.700364,28.21894,473.0414,1,0,0,0.0165863
909,2019/11/24 23:30:53.421,1.700364,28.21894,473.0414,1,0,0,0.0165863
910,2019/11/24 23:30:53.438,2.845605,22.58301,474.503,1,0,0,0.0165863
911,2019/11/24 23:30:53.454,2.845605,22.58301,474.503,1,0,0,0.0165863
912,2019/11/24 23:30:53.471,2.845605,22.58301,474.503,1,0,0,0.0165863
913,2019/11/24 23:30:53.487,4.543214,15.89099,473.9167,1,0,0,0.0165863
914,2019/11/24 23:30:53.504,4.543214,15.89099,473.9167,1,0,0,0.0165863
915,2019/11/24 23:30:53.522,4.543214,15.89099,473.9167,1,0,0,0.0165863
916,2019/11/24 23:30:53.538,6.452535,9.156013,473.5929,1,0,-1,0.09940338
917,2019/11/24 23:30:53.555,6.452535,9.156013,473.5929,1,0,-1,0.09941864
918,2019/11/24 23:30:53.571,6.452535,9.156013,473.5929,1,0,-1,0.09942055
919,2019/11/24 23:30:53.587,6.996207,6.34445,475.3849,1,0,-1,0.01646868
920,2019/11/24 23:30:53.604,6.996207,6.34445,475.3849,1,0,-1,0.01632436
921,2019/11/24 23:30:53.620,6.996207,6.34445,475.3849,1,0,-1,0.01652718
922,2019/11/24 23:30:53.639,6.622482,6.554962,474.6434,1,0,-1,0.01721001
923,2019/11/24 23:30:53.656,6.622482,6.554962,474.6434,1,0,-1,0.01725133
924,2019/11/24 23:30:53.672,6.622482,6.554962,474.6434,1,0,-1,0.01721064
925,2019/11/24 23:30:53.689,6.880834,6.384408,475.2209,1,0,-1,0.0165666
926,2019/11/24 23:30:53.706,6.880834,6.384408,475.2209,1,0,-1,0.01662254
927,2019/11/24 23:30:53.722,6.880834,6.384408,475.2209,1,0,-1,0.0165666
928,2019/11/24 23:30:53.739,7.06391,6.09373,475.8379,1,0,-1,0.01658821
929,2019/11/24 23:30:53.755,7.06391,6.09373,475.8379,1,0,-1,0.01646996
930,2019/11/24 23:30:53.772,7.06391,6.09373,475.8379,1,0,-1,0.0165666
931,2019/11/24 23:30:53.787,6.834763,5.947178,475.6053,1,0,-1,0.01663844
932,2019/11/24 23:30:53.804,6.834763,5.947178,475.6053,1,0,-1,0.0165666
933,2019/11/24 23:30:53.821,6.834763,5.947178,475.6053,1,0,-1,0.0165844
934,2019/11/24 23:30:53.837,6.77929,6.232821,474.8802,1,0,-1,0.01647377
935,2019/11/24 23:30:53.854,6.77929,6.232821,474.8802,1,0,-1,0.0165666
936,2019/11/24 23:30:53.871,6.77929,6.232821,474.8802,1,0,-1,0.01654943
937,2019/11/24 23:30:53.888,7.037956,6.664112,477.7372,1,0,-1,0.01668294
938,2019/11/24 23:30:53.905,7.037956,6.664112,477.7372,1,0,-1,0.01672618
939,2019/11/24 23:30:53.922,7.037956,6.664112,477.7372,1,0,-1,0.01686668
940,2019/11/24 23:30:53.938,6.867361,6.984393,467.6828,1,0,-1,0.01656723
941,2019/11/24 23:30:53.954,6.867361,6.984393,467.6828,1,0,-1,0.016524
942,2019/11/24 23:30:53.970,6.867361,6.984393,467.6828,1,0,-1,0.01638349
943,2019/11/24 23:30:53.987,6.859129,6.959466,467.8144,1,0,-1,0.01659775
944,2019/11/24 23:30:54.4,6.859129,6.959466,467.8144,1,0,-1,0.01672681
945,2019/11/24 23:30:54.20,6.859129,6.959466,467.8144,1,0,-1,0.0165666
946,2019/11/24 23:30:54.36,6.832693,6.847365,467.8734,1,0,-1,0.01653544
947,2019/11/24 23:30:54.53,6.832693,6.847365,467.8734,1,0,-1,0.01640638
948,2019/11/24 23:30:54.69,6.832693,6.847365,467.8734,1,0,-1,0.01658312
949,2019/11/24 23:30:54.87,6.892358,6.797414,467.9652,1,0,-1,0.0165666
950,2019/11/24 23:30:54.103,6.892358,6.797414,467.9652,1,0,-1,0.01656723
951,2019/11/24 23:30:54.120,6.892358,6.797414,467.9652,1,0,-1,0.01662318
952,2019/11/24 23:30:54.137,7.018011,6.86681,468.0076,1,0,-1,0.01665497
953,2019/11/24 23:30:54.153,7.018011,6.86681,468.0076,1,0,-1,0.01665497
954,2019/11/24 23:30:54.169,7.018011,6.86681,468.0076,1,0,-1,0.01658249
955,2019/11/24 23:30:54.187,7.091621,7.136164,468.0379,1,0,-1,0.01672935
956,2019/11/24 23:30:54.203,7.091621,7.136164,468.0379,1,0,-1,0.0165666
957,2019/11/24 23:30:54.219,7.091621,7.136164,468.0379,1,0,-1,0.0165666
958,2019/11/24 23:30:54.236,7.091621,7.136164,468.0379,1,0,-1,0.01640511
959,2019/11/24 23:30:54.253,7.012234,7.35469,467.9494,1,0,-1,0.01676941
960,2019/11/24 23:30:54.268,7.012234,7.35469,467.9494,1,0,-1,0.0165666
961,2019/11/24 23:30:54.285,7.184633,7.454441,467.9319,1,0,-1,0.0165666
962,2019/11/24 23:30:54.303,7.184633,7.454441,467.9319,1,0,-1,0.01662191
963,2019/11/24 23:30:54.319,7.184633,7.454441,467.9319,1,0,-1,0.0165666
964,2019/11/24 23:30:54.336,6.796119,7.801064,467.9487,1,0,-1,0.01675161
965,2019/11/24 23:30:54.352,6.796119,7.801064,467.9487,1,0,-1,0.0163091
966,2019/11/24 23:30:54.368,6.796119,7.801064,467.9487,1,0,-1,0.0165666
967,2019/11/24 23:30:54.385,6.51851,7.917257,468.1956,1,0,-1,0.01648966
968,2019/11/24 23:30:54.402,6.51851,7.917257,468.1956,1,0,-1,0.01667531
969,2019/11/24 23:30:54.419,6.51851,7.917257,468.1956,1,0,-1,0.01672109
970,2019/11/24 23:30:54.435,6.50346,7.970778,468.2232,1,0,-1,0.01656723
971,2019/11/24 23:30:54.452,6.50346,7.970778,468.2232,1,0,-1,0.01665751
972,2019/11/24 23:30:54.468,6.50346,7.970778,468.2232,1,0,-1,0.01652145
973,2019/11/24 23:30:54.485,6.485894,8.142403,468.0925,1,0,-1,0.01658122
974,2019/11/24 23:30:54.501,6.485894,8.142403,468.0925,1,0,-1,0.01647758
975,2019/11/24 23:30:54.518,6.485894,8.142403,468.0925,1,0,-1,0.0165666
976,2019/11/24 23:30:54.535,6.395221,8.401123,468.0093,1,0,-1,0.01662318
977,2019/11/24 23:30:54.551,6.395221,8.401123,468.0093,1,0,-1,0.01656469
978,2019/11/24 23:30:54.568,6.395221,8.401123,468.0093,1,0,-1,0.0165666
979,2019/11/24 23:30:54.584,6.431791,8.516525,467.9493,1,0,-1,0.01649602
980,2019/11/24 23:30:54.602,6.431791,8.516525,467.9493,1,0,-1,0.01682345
981,2019/11/24 23:30:54.618,6.431791,8.516525,467.9493,1,0,-1,0.01661809
982,2019/11/24 23:30:54.634,6.431791,8.516525,467.9493,1,0,-1,0.0165666
983,2019/11/24 23:30:54.652,6.149736,8.923879,467.7812,1,0,-1,0.01635106
984,2019/11/24 23:30:54.668,6.149736,8.923879,467.7812,1,0,-1,0.01662445
985,2019/11/24 23:30:54.684,6.149736,8.923879,467.7812,1,0,-1,0.01661237
986,2019/11/24 23:30:54.701,6.163206,9.488303,467.6353,1,0,-1,0.01690292
987,2019/11/24 23:30:54.717,6.163206,9.488303,467.6353,1,0,-1,0.0164992
988,2019/11/24 23:30:54.734,6.241899,9.601098,467.527,1,0,-1,0.01657867
989,2019/11/24 23:30:54.750,6.241899,9.601098,467.527,1,0,-1,0.01626968
990,2019/11/24 23:30:54.766,6.241899,9.601098,467.527,1,0,-1,0.01657041
991,2019/11/24 23:30:54.783,6.230924,9.708713,467.565,1,1,-1,0.0165507
992,2019/11/24 23:30:54.800,6.230924,9.708713,467.565,1,1,-1,0.01659966
993,2019/11/24 23:30:54.817,6.230924,9.708713,467.565,1,1,-1,0.01676432
994,2019/11/24 23:30:54.833,6.290456,9.899257,467.4916,1,1,-1,0.0165666
995,2019/11/24 23:30:54.850,6.290456,9.899257,467.4916,1,1,-1,0.01662509
996,2019/11/24 23:30:54.867,6.290456,9.899257,467.4916,1,1,-1,0.01662127
997,2019/11/24 23:30:54.885,6.487204,9.928531,467.625,1,1,-1,0.01733335
998,2019/11/24 23:30:54.902,6.487204,9.928531,467.625,1,1,-1,0.01728503
999,2019/11/24 23:30:54.919,6.487204,9.928531,467.625,1,1,-1,0.01727676
1000,2019/11/24 23:30:54.935,6.454863,9.931439,467.7253,1,1,-1,0.01657867
1001,2019/11/24 23:30:54.952,6.454863,9.931439,467.7253,1,1,-1,0.01662636
1002,2019/11/24 23:30:54.968,6.454863,9.931439,467.7253,1,1,-1,0.01636759
1003,2019/11/24 23:30:54.985,6.556956,9.739979,467.9427,1,1,-1,0.01661619
1004,2019/11/24 23:30:55.2,6.556956,9.739979,467.9427,1,1,-1,0.01661491
1005,2019/11/24 23:30:55.17,6.556956,9.739979,467.9427,1,1,-1,0.01656914
1006,2019/11/24 23:30:55.34,6.556956,9.739979,467.9427,1,1,-1,0.01662827
1007,2019/11/24 23:30:55.51,6.761602,9.776076,467.7863,1,1,-1,0.01662382
1008,2019/11/24 23:30:55.66,6.761602,9.776076,467.7863,1,1,-1,0.01661046
1009,2019/11/24 23:30:55.84,6.720319,10.05088,467.8067,1,1,-1,0.01661555
1010,2019/11/24 23:30:55.100,6.720319,10.05088,467.8067,1,1,-1,0.01632055
1011,2019/11/24 23:30:55.116,6.720319,10.05088,467.8067,1,1,-1,0.01652082
1012,2019/11/24 23:30:55.133,6.593526,10.21133,467.7509,1,1,-1,0.01639493
1013,2019/11/24 23:30:55.150,6.593526,10.21133,467.7509,1,1,-1,0.01659775
1014,2019/11/24 23:30:55.167,6.593526,10.21133,467.7509,1,1,-1,0.01672427
1015,2019/11/24 23:30:55.183,6.425553,10.38225,467.5548,1,1,-1,0.01656723
1016,2019/11/24 23:30:55.200,6.425553,10.38225,467.5548,1,1,-1,0.01661046
1017,2019/11/24 23:30:55.216,6.425553,10.38225,467.5548,1,1,-1,0.01640892
1018,2019/11/24 23:30:55.233,6.180774,10.67011,467.3901,1,1,-1,0.01657613
1019,2019/11/24 23:30:55.249,6.180774,10.67011,467.3901,1,1,-1,0.01649221
1020,2019/11/24 23:30:55.266,6.180774,10.67011,467.3901,1,1,-1,0.0165666
1021,2019/11/24 23:30:55.283,6.05189,10.71456,467.2811,1,1,-1,0.01661936
1022,2019/11/24 23:30:55.300,6.05189,10.71456,467.2811,1,1,-1,0.01674652
1023,2019/11/24 23:30:55.316,6.05189,10.71456,467.2811,1,1,-1,0.01656787
1024,2019/11/24 23:30:55.332,5.958285,10.55004,467.4023,1,1,-1,0.01650365
1025,2019/11/24 23:30:55.349,5.958285,10.55004,467.4023,1,1,-1,0.01638603
1026,2019/11/24 23:30:55.366,5.958285,10.55004,467.4023,1,1,-1,0.01659838
1027,2019/11/24 23:30:55.382,6.033255,10.11988,467.4109,1,1,-1,0.01656723
1028,2019/11/24 23:30:55.398,6.033255,10.11988,467.4109,1,1,-1,0.01656723
1029,2019/11/24 23:30:55.415,6.033255,10.11988,467.4109,1,1,-1,0.01662191
1030,2019/11/24 23:30:55.432,6.033255,10.11988,467.4109,1,1,-1,0.01678403
1031,2019/11/24 23:30:55.447,5.954575,9.925099,467.4205,1,1,-1,0.01658122
1032,2019/11/24 23:30:55.466,5.954575,9.925099,467.4205,1,1,-1,0.01681137
1033,2019/11/24 23:30:55.482,5.954575,9.925099,467.4205,1,1,-1,0.01634916
1034,2019/11/24 23:30:55.498,5.736266,10.05033,467.3998,1,1,-1,0.01655197
1035,2019/11/24 23:30:55.515,5.736266,10.05033,467.3998,1,1,-1,0.01627096
1036,2019/11/24 23:30:55.531,5.736266,10.05033,467.3998,1,1,-1,0.0165666
1037,2019/11/24 23:30:55.548,5.654078,10.61894,467.2283,1,1,-1,0.01656596
1038,2019/11/24 23:30:55.565,5.654078,10.61894,467.2283,1,1,-1,0.01662191
1039,2019/11/24 23:30:55.580,5.836464,10.95609,466.9075,1,1,-1,0.0165666
1040,2019/11/24 23:30:55.597,5.836464,10.95609,466.9075,1,1,-1,0.01658567
1041,2019/11/24 23:30:55.613,5.836464,10.95609,466.9075,1,1,-1,0.01647441
1042,2019/11/24 23:30:55.630,6.030763,11.07495,466.6568,1,1,-1,0.01656723
1043,2019/11/24 23:30:55.646,6.030763,11.07495,466.6568,1,1,-1,0.01654879
1044,2019/11/24 23:30:55.664,6.030763,11.07495,466.6568,1,1,-1,0.0165666
1045,2019/11/24 23:30:55.681,6.08418,11.00688,466.5816,1,1,-1,0.01675733
1046,2019/11/24 23:30:55.697,6.08418,11.00688,466.5816,1,1,-1,0.0165666
1047,2019/11/24 23:30:55.713,6.08418,11.00688,466.5816,1,1,-1,0.0165666
1048,2019/11/24 23:30:55.730,6.12103,10.7703,466.5988,1,1,-1,0.01637586
1049,2019/11/24 23:30:55.747,6.12103,10.7703,466.5988,1,1,-1,0.01656977
1050,2019/11/24 23:30:55.763,6.12103,10.7703,466.5988,1,1,-1,0.01656787
1051,2019/11/24 23:30:55.780,5.838864,10.43243,466.8378,1,1,-1,0.0165666
1052,2019/11/24 23:30:55.796,5.838864,10.43243,466.8378,1,1,-1,0.01656342
1053,2019/11/24 23:30:55.813,5.838864,10.43243,466.8378,1,1,-1,0.01679548
1054,2019/11/24 23:30:55.829,5.838864,10.43243,466.8378,1,1,-1,0.01660093
1055,2019/11/24 23:30:55.846,5.655632,10.36651,467.1065,1,1,-1,0.016723
1056,2019/11/24 23:30:55.862,5.655632,10.36651,467.1065,1,1,-1,0.01633644
1057,2019/11/24 23:30:55.879,5.655632,10.36651,467.1065,1,1,-1,0.01662572
1058,2019/11/24 23:30:55.895,5.826667,10.54745,467.0185,1,1,-1,0.01641019
1059,2019/11/24 23:30:55.912,5.826667,10.54745,467.0185,1,1,-1,0.01657931
1060,2019/11/24 23:30:55.928,5.826667,10.54745,467.0185,1,1,-1,0.01647313
1061,2019/11/24 23:30:55.945,6.088726,11.09117,466.852,1,1,-1,0.0165685
1062,2019/11/24 23:30:55.962,6.088726,11.09117,466.852,1,1,-1,0.01661873
1063,2019/11/24 23:30:55.978,6.088726,11.09117,466.852,1,1,-1,0.0165666
1064,2019/11/24 23:30:55.995,6.217771,11.67621,466.6268,1,1,0,0.0165666
1065,2019/11/24 23:30:56.12,6.217771,11.67621,466.6268,1,1,0,0.0165666
1066,2019/11/24 23:30:56.27,6.217771,11.67621,466.6268,1,1,0,0.0165666
1067,2019/11/24 23:30:56.47,6.412113,11.86403,466.4458,1,1,0,0.0165666
1068,2019/11/24 23:30:56.63,6.412113,11.86403,466.4458,1,1,0,0.0165666
1069,2019/11/24 23:30:56.80,6.250704,11.64725,466.6359,1,1,0,0.0165666
1070,2019/11/24 23:30:56.96,6.250704,11.64725,466.6359,1,1,0,0.0165666
1071,2019/11/24 23:30:56.113,6.250704,11.64725,466.6359,1,1,0,0.0165666
1072,2019/11/24 23:30:56.129,5.729584,11.48083,466.8536,1,1,0,0.0165666
1073,2019/11/24 23:30:56.147,5.729584,11.48083,466.8536,1,1,0,0.0165666
1074,2019/11/24 23:30:56.163,5.729584,11.48083,466.8536,1,1,0,0.0165666
1075,2019/11/24 23:30:56.180,5.115551,11.12007,467.2348,1,1,0,0.0780983
1076,2019/11/24 23:30:56.196,5.115551,11.12007,467.2348,1,1,0,0.07803726
1077,2019/11/24 23:30:56.212,5.115551,11.12007,467.2348,1,1,0,0.0780983
1078,2019/11/24 23:30:56.228,4.802364,10.91151,467.4214,1,1,0,0.01660728
1079,2019/11/24 23:30:56.246,4.802364,10.91151,467.4214,1,1,0,0.01656278
1080,2019/11/24 23:30:56.262,4.802364,10.91151,467.4214,1,1,0,0.01657104
1081,2019/11/24 23:30:56.279,4.802364,10.91151,467.4214,1,1,0,0.016524
1082,2019/11/24 23:30:56.296,4.50073,10.59273,467.7612,1,1,0,0.0165666
1083,2019/11/24 23:30:56.313,4.50073,10.59273,467.7612,1,1,0,0.0165774
1084,2019/11/24 23:30:56.329,4.50073,10.59273,467.7612,1,1,0,0.01671346
1085,2019/11/24 23:30:56.345,4.11335,10.21977,468.0247,1,1,0,0.01657359
1086,2019/11/24 23:30:56.362,4.11335,10.21977,468.0247,1,1,0,0.01669502
1087,2019/11/24 23:30:56.378,4.11335,10.21977,468.0247,1,1,0,0.01641909
1088,2019/11/24 23:30:56.395,4.189028,10.11519,468.2592,1,1,0,0.0166378
1089,2019/11/24 23:30:56.412,4.189028,10.11519,468.2592,1,1,0,0.01642291
1090,2019/11/24 23:30:56.428,4.519233,10.58489,468.1009,1,1,0,0.01657041
1091,2019/11/24 23:30:56.445,4.519233,10.58489,468.1009,1,1,0,0.01648903
1092,2019/11/24 23:30:56.461,4.519233,10.58489,468.1009,1,1,0,0.01656723
1093,2019/11/24 23:30:56.478,5.169787,11.11958,467.9224,1,1,0,0.01661491
1094,2019/11/24 23:30:56.495,5.169787,11.11958,467.9224,1,1,0,0.01673953
1095,2019/11/24 23:30:56.511,5.169787,11.11958,467.9224,1,1,0,0.01656723
1096,2019/11/24 23:30:56.530,5.785883,11.5,467.8131,1,1,0,0.01656723
1097,2019/11/24 23:30:56.548,5.785883,11.5,467.8131,1,1,0,0.01656723
1098,2019/11/24 23:30:56.564,5.785883,11.5,467.8131,1,1,0,0.01656723
1099,2019/11/24 23:30:56.580,5.865226,11.68536,467.9281,1,1,0,0.01656723
1100,2019/11/24 23:30:56.596,5.865226,11.68536,467.9281,1,1,0,0.01656723
1101,2019/11/24 23:30:56.614,5.865226,11.68536,467.9281,1,1,0,0.01656723
1102,2019/11/24 23:30:56.629,5.348957,12.26192,467.9481,1,1,0,0.01656723
1103,2019/11/24 23:30:56.646,5.348957,12.26192,467.9481,1,1,0,0.01656723
1104,2019/11/24 23:30:56.662,5.348957,12.26192,467.9481,1,1,0,0.01656723
1105,2019/11/24 23:30:56.679,5.348957,12.26192,467.9481,1,1,0,0.01656723
1106,2019/11/24 23:30:56.696,4.814195,13.0497,467.7388,1,1,0,0.01656723
1107,2019/11/24 23:30:56.713,4.814195,13.0497,467.7388,1,1,0,0.01656723
1108,2019/11/24 23:30:56.728,4.814195,13.0497,467.7388,1,1,0,0.01656723
1109,2019/11/24 23:30:56.746,4.561025,13.94167,467.5914,1,1,0,0.01656723
1110,2019/11/24 23:30:56.762,4.561025,13.94167,467.5914,1,1,0,0.01656723
1111,2019/11/24 23:30:56.779,4.561025,13.94167,467.5914,1,1,0,0.01656723
1112,2019/11/24 23:30:56.796,4.379344,14.7046,467.4693,1,1,0,0.01656723
1113,2019/11/24 23:30:56.813,4.379344,14.7046,467.4693,1,1,0,0.01656723
1114,2019/11/24 23:30:56.829,4.304617,14.86569,467.5679,1,1,0,0.01656723
1115,2019/11/24 23:30:56.846,4.304617,14.86569,467.5679,1,1,0,0.01656723
1116,2019/11/24 23:30:56.863,4.304617,14.86569,467.5679,1,1,0,0.01656723
1117,2019/11/24 23:30:56.880,4.216918,15.01914,467.6191,1,1,0,0.01656723
1118,2019/11/24 23:30:56.896,4.216918,15.01914,467.6191,1,1,0,0.01656723
1119,2019/11/24 23:30:56.912,4.216918,15.01914,467.6191,1,1,0,0.01656723
1120,2019/11/24 23:30:56.928,4.336755,14.98531,467.7435,1,1,0,0.01656723
1121,2019/11/24 23:30:56.945,4.336755,14.98531,467.7435,1,1,0,0.01656723
1122,2019/11/24 23:30:56.961,4.336755,14.98531,467.7435,1,1,0,0.01656723
1123,2019/11/24 23:30:56.978,4.693419,15.14437,467.6104,1,1,0,0.01656723
1124,2019/11/24 23:30:56.995,4.693419,15.14437,467.6104,1,1,0,0.01656723
1125,2019/11/24 23:30:57.12,4.693419,15.14437,467.6104,1,1,0,0.01656723
1126,2019/11/24 23:30:57.27,5.109977,15.35601,467.481,1,1,0,0.01656723
1127,2019/11/24 23:30:57.45,5.109977,15.35601,467.481,1,1,0,0.01656723
1128,2019/11/24 23:30:57.61,5.109977,15.35601,467.481,1,1,0,0.01656723
1129,2019/11/24 23:30:57.78,5.109977,15.35601,467.481,1,1,0,0.01656723
1130,2019/11/24 23:30:57.95,5.177315,15.28953,467.489,1,1,0,0.01656723
1131,2019/11/24 23:30:57.111,5.177315,15.28953,467.489,1,1,0,0.01656723
1132,2019/11/24 23:30:57.127,5.177315,15.28953,467.489,1,1,0,0.01656723
1133,2019/11/24 23:30:57.145,5.133718,15.17889,467.6784,1,1,0,0.01656723
1134,2019/11/24 23:30:57.161,5.133718,15.17889,467.6784,1,1,0,0.01656723
1135,2019/11/24 23:30:57.178,5.133718,15.17889,467.6784,1,1,0,0.01656723
1136,2019/11/24 23:30:57.194,5.402483,14.98336,467.8442,1,1,0,0.01656723
1137,2019/11/24 23:30:57.211,5.402483,14.98336,467.8442,1,1,0,0.01656723
1138,2019/11/24 23:30:57.227,5.402483,14.98336,467.8442,1,1,0,0.01656723
1139,2019/11/24 23:30:57.244,5.494545,14.76317,468.0054,1,1,0,0.01656723
1140,2019/11/24 23:30:57.260,5.494545,14.76317,468.0054,1,1,0,0.01656723
1141,2019/11/24 23:30:57.278,5.345979,14.65884,468.1026,1,1,0,0.01656723
1142,2019/11/24 23:30:57.293,5.345979,14.65884,468.1026,1,1,0,0.01656723
1143,2019/11/24 23:30:57.309,5.345979,14.65884,468.1026,1,1,0,0.01656723
1144,2019/11/24 23:30:57.326,5.452932,14.84868,467.997,1,1,0,0.01656723
1145,2019/11/24 23:30:57.342,5.452932,14.84868,467.997,1,1,0,0.01656723
1146,2019/11/24 23:30:57.359,5.452932,14.84868,467.997,1,1,0,0.01656723
1147,2019/11/24 23:30:57.375,5.768159,15.21883,467.9157,1,1,0,0.01656723
1148,2019/11/24 23:30:57.392,5.768159,15.21883,467.9157,1,1,0,0.01656723
1149,2019/11/24 23:30:57.408,5.768159,15.21883,467.9157,1,1,0,0.01656723
1150,2019/11/24 23:30:57.426,6.061568,15.13565,467.9668,1,1,0,0.01656723
1151,2019/11/24 23:30:57.442,6.061568,15.13565,467.9668,1,1,0,0.01656723
1152,2019/11/24 23:30:57.460,6.061568,15.13565,467.9668,1,1,0,0.01656723
1153,2019/11/24 23:30:57.475,6.061568,15.13565,467.9668,1,1,0,0.01656723
1154,2019/11/24 23:30:57.492,6.189752,14.76987,468.1858,1,1,0,0.01656723
1155,2019/11/24 23:30:57.507,6.189752,14.76987,468.1858,1,1,0,0.01656723
1156,2019/11/24 23:30:57.524,6.189752,14.76987,468.1858,1,1,0,0.01656723
1157,2019/11/24 23:30:57.541,6.412536,14.51583,468.3171,1,1,0,0.01656723
1158,2019/11/24 23:30:57.557,6.412536,14.51583,468.3171,1,1,0,0.01656723
1159,2019/11/24 23:30:57.574,6.412536,14.51583,468.3171,1,1,0,0.01656723
1160,2019/11/24 23:30:57.592,6.717308,14.45339,468.3964,1,1,0,0.01656723
1161,2019/11/24 23:30:57.608,6.717308,14.45339,468.3964,1,1,0,0.01656723
1162,2019/11/24 23:30:57.625,6.717308,14.45339,468.3964,1,1,0,0.01656723
1163,2019/11/24 23:30:57.644,6.679871,14.32323,468.4625,1,1,0,0.01656723
1164,2019/11/24 23:30:57.661,6.679871,14.32323,468.4625,1,1,0,0.01656723
1165,2019/11/24 23:30:57.677,6.398654,14.37683,468.4434,1,1,0,0.01656723
1166,2019/11/24 23:30:57.694,6.398654,14.37683,468.4434,1,1,0,0.01656723
1167,2019/11/24 23:30:57.710,6.398654,14.37683,468.4434,1,1,0,0.01656723
1168,2019/11/24 23:30:57.727,6.10886,14.58521,468.3127,1,1,0,0.01656723
1169,2019/11/24 23:30:57.743,6.10886,14.58521,468.3127,1,1,0,0.01656723
1170,2019/11/24 23:30:57.760,6.10886,14.58521,468.3127,1,1,0,0.01656723
1171,2019/11/24 23:30:57.777,5.981456,14.85153,468.2113,1,1,0,0.01656723
1172,2019/11/24 23:30:57.793,5.981456,14.85153,468.2113,1,1,0,0.01656723
1173,2019/11/24 23:30:57.809,5.981456,14.85153,468.2113,1,1,0,0.01656723
1174,2019/11/24 23:30:57.825,5.763636,14.92875,468.2472,1,1,0,0.01656723
1175,2019/11/24 23:30:57.842,5.763636,14.92875,468.2472,1,1,0,0.01656723
1176,2019/11/24 23:30:57.858,5.763636,14.92875,468.2472,1,1,0,0.01656723
1177,2019/11/24 23:30:57.875,5.763636,14.92875,468.2472,1,1,0,0.01656723
1178,2019/11/24 23:30:57.892,5.631829,14.6265,468.5363,1,1,0,0.01656723
1179,2019/11/24 23:30:57.908,5.631829,14.6265,468.5363,1,1,0,0.01656723
1180,2019/11/24 23:30:57.925,5.631829,14.6265,468.5363,1,1,0,0.01656723
1181,2019/11/24 23:30:57.942,5.411372,14.44548,468.9578,1,1,0,0.01656723
1182,2019/11/24 23:30:57.958,5.411372,14.44548,468.9578,1,1,0,0.01656723
1183,2019/11/24 23:30:57.975,5.411372,14.44548,468.9578,1,1,0,0.01656723
1184,2019/11/24 23:30:57.992,5.392512,14.42667,469.1741,1,1,0,0.01656723
1185,2019/11/24 23:30:58.8,5.392512,14.42667,469.1741,1,1,0,0.01656723
1186,2019/11/24 23:30:58.25,5.392512,14.42667,469.1741,1,1,0,0.01656723
1187,2019/11/24 23:30:58.42,5.550288,14.57081,469.3488,1,1,0,0.01656723
1188,2019/11/24 23:30:58.59,5.550288,14.57081,469.3488,1,1,0,0.01656723
1189,2019/11/24 23:30:58.74,5.550288,14.57081,469.3488,1,1,0,0.01656723
1190,2019/11/24 23:30:58.93,6.070525,14.53246,469.4576,1,1,0,0.01656723
1191,2019/11/24 23:30:58.110,6.070525,14.53246,469.4576,1,1,0,0.01656723
1192,2019/11/24 23:30:58.127,6.55037,14.4912,469.5708,1,1,0,0.01656723
1193,2019/11/24 23:30:58.142,6.55037,14.4912,469.5708,1,1,0,0.01656723
1194,2019/11/24 23:30:58.159,6.55037,14.4912,469.5708,1,1,0,0.01656723
1195,2019/11/24 23:30:58.176,6.775792,14.40325,469.6593,1,1,0,0.01656723
1196,2019/11/24 23:30:58.192,6.775792,14.40325,469.6593,1,1,0,0.01656723
1197,2019/11/24 23:30:58.209,6.775792,14.40325,469.6593,1,1,0,0.01656723
1198,2019/11/24 23:30:58.226,6.725949,14.24162,469.9352,1,1,0,0.01656723
1199,2019/11/24 23:30:58.242,6.725949,14.24162,469.9352,1,1,0,0.01656723
1200,2019/11/24 23:30:58.259,6.725949,14.24162,469.9352,1,1,0,0.01656723
1201,2019/11/24 23:30:58.276,6.725949,14.24162,469.9352,1,1,0,0.01656723
1202,2019/11/24 23:30:58.292,6.611509,14.25009,470.1732,1,1,0,0.01656723
1203,2019/11/24 23:30:58.308,6.611509,14.25009,470.1732,1,1,0,0.01656723
1204,2019/11/24 23:30:58.325,6.611509,14.25009,470.1732,1,1,0,0.01656723
1205,2019/11/24 23:30:58.342,6.650123,14.54263,470.1574,1,1,0,0.01656723
1206,2019/11/24 23:30:58.359,6.650123,14.54263,470.1574,1,1,0,0.01656723
1207,2019/11/24 23:30:58.376,6.650123,14.54263,470.1574,1,1,0,0.01656723
1208,2019/11/24 23:30:58.392,6.660501,15.0654,470.0172,1,1,0,0.01656723
1209,2019/11/24 23:30:58.409,6.660501,15.0654,470.0172,1,1,0,0.01656723
1210,2019/11/24 23:30:58.426,6.660501,15.0654,470.0172,1,1,0,0.01656723
1211,2019/11/24 23:30:58.442,6.713326,15.70865,469.769,1,1,0,0.01656723
1212,2019/11/24 23:30:58.458,6.713326,15.70865,469.769,1,1,0,0.01656723
1213,2019/11/24 23:30:58.475,6.713326,15.70865,469.769,1,1,0,0.01656723
1214,2019/11/24 23:30:58.491,6.454509,16.3991,469.5654,1,1,0,0.01656723
1215,2019/11/24 23:30:58.508,6.454509,16.3991,469.5654,1,1,0,0.01656723
1216,2019/11/24 23:30:58.524,6.003488,16.76517,469.5177,1,1,0,0.01656723
1217,2019/11/24 23:30:58.541,6.003488,16.76517,469.5177,1,1,0,0.01656723
1218,2019/11/24 23:30:58.558,6.003488,16.76517,469.5177,1,1,0,0.01656723
1219,2019/11/24 23:30:58.574,5.834996,17.06347,469.2592,1,1,0,0.01656723
1220,2019/11/24 23:30:58.591,5.834996,17.06347,469.2592,1,1,0,0.01656723
1221,2019/11/24 23:30:58.607,5.834996,17.06347,469.2592,1,1,0,0.01656723
1222,2019/11/24 23:30:58.624,5.735485,17.29837,468.9174,1,1,0,0.01656723
1223,2019/11/24 23:30:58.642,5.735485,17.29837,468.9174,1,1,0,0.01656723
1224,2019/11/24 23:30:58.658,5.735485,17.29837,468.9174,1,1,0,0.01656723
1225,2019/11/24 23:30:58.673,5.735485,17.29837,468.9174,1,1,0,0.01656723
1226,2019/11/24 23:30:58.690,5.533088,17.57456,468.5754,1,1,0,0.01656723
1227,2019/11/24 23:30:58.706,5.533088,17.57456,468.5754,1,1,0,0.01656723
1228,2019/11/24 23:30:58.724,5.533088,17.57456,468.5754,1,1,0,0.01656723
1229,2019/11/24 23:30:58.741,5.388363,17.94758,468.1322,1,1,0,0.01656723
1230,2019/11/24 23:30:58.756,5.388363,17.94758,468.1322,1,1,0,0.01656723
1231,2019/11/24 23:30:58.773,5.388363,17.94758,468.1322,1,1,0,0.01656723
1232,2019/11/24 23:30:58.791,5.534301,18.31863,467.5844,1,1,0,0.01656723
1233,2019/11/24 23:30:58.808,5.534301,18.31863,467.5844,1,1,0,0.01656723
1234,2019/11/24 23:30:58.825,5.534301,18.31863,467.5844,1,1,0,0.01656723
1235,2019/11/24 23:30:58.841,5.598699,18.73907,467.1644,1,1,0,0.01656723
1236,2019/11/24 23:30:58.858,5.598699,18.73907,467.1644,1,1,0,0.01656723
1237,2019/11/24 23:30:58.874,5.598699,18.73907,467.1644,1,1,0,0.01656723
1238,2019/11/24 23:30:58.891,5.588413,18.92537,466.8654,1,1,0,0.01656723
1239,2019/11/24 23:30:58.907,5.588413,18.92537,466.8654,1,1,0,0.01656723
1240,2019/11/24 23:30:58.925,5.588413,18.92537,466.8654,1,1,0,0.01656723
1241,2019/11/24 23:30:58.941,5.528794,19.09537,466.6913,1,1,0,0.01656723
1242,2019/11/24 23:30:58.957,5.528794,19.09537,466.6913,1,1,0,0.01656723
1243,2019/11/24 23:30:58.974,5.541403,19.17525,466.6002,1,1,0,0.01656723
1244,2019/11/24 23:30:58.991,5.541403,19.17525,466.6002,1,1,0,0.01656723
1245,2019/11/24 23:30:59.7,5.541403,19.17525,466.6002,1,1,0,0.01656723
1246,2019/11/24 23:30:59.23,5.452329,19.31758,466.6553,1,1,0,0.01656723
1247,2019/11/24 23:30:59.40,5.452329,19.31758,466.6553,1,1,0,0.01656723
1248,2019/11/24 23:30:59.57,5.452329,19.31758,466.6553,1,1,0,0.01656723
1249,2019/11/24 23:30:59.73,5.452329,19.31758,466.6553,1,1,0,0.01656723
1250,2019/11/24 23:30:59.89,5.342912,19.68373,466.582,1,1,0,0.01656723
1251,2019/11/24 23:30:59.107,5.342912,19.68373,466.582,1,1,0,0.01656723
1252,2019/11/24 23:30:59.124,5.342912,19.68373,466.582,1,1,0,0.01656723
1253,2019/11/24 23:30:59.140,5.21002,20.07675,466.5472,1,1,0,0.01656723
1254,2019/11/24 23:30:59.156,5.21002,20.07675,466.5472,1,1,0,0.01656723
1255,2019/11/24 23:30:59.172,5.21002,20.07675,466.5472,1,1,0,0.01656723
1256,2019/11/24 23:30:59.189,5.04109,20.31579,466.5891,1,1,0,0.01656723
1257,2019/11/24 23:30:59.205,5.04109,20.31579,466.5891,1,1,0,0.01656723
1258,2019/11/24 23:30:59.222,5.04109,20.31579,466.5891,1,1,0,0.01656723
1259,2019/11/24 23:30:59.239,4.809309,20.50013,466.6529,1,1,0,0.01656723
1260,2019/11/24 23:30:59.256,4.809309,20.50013,466.6529,1,1,0,0.01656723
1261,2019/11/24 23:30:59.272,4.809309,20.50013,466.6529,1,1,0,0.01656723
1262,2019/11/24 23:30:59.290,4.686092,20.63326,466.7988,1,1,0,0.01656723
1263,2019/11/24 23:30:59.307,4.686092,20.63326,466.7988,1,1,0,0.01656723
1264,2019/11/24 23:30:59.324,4.686092,20.63326,466.7988,1,1,0,0.01656723
1265,2019/11/24 23:30:59.341,4.821643,20.85633,466.9108,1,1,0,0.01656723
1266,2019/11/24 23:30:59.357,4.821643,20.85633,466.9108,1,1,0,0.01656723
1267,2019/11/24 23:30:59.374,5.217587,21.09238,467.0173,1,1,0,0.01656723
1268,2019/11/24 23:30:59.390,5.217587,21.09238,467.0173,1,1,0,0.01656723
1269,2019/11/24 23:30:59.407,5.217587,21.09238,467.0173,1,1,0,0.01656723
1270,2019/11/24 23:30:59.424,5.439427,21.3262,467.027,1,1,0,0.01656723
1271,2019/11/24 23:30:59.440,5.439427,21.3262,467.027,1,1,0,0.01656723
1272,2019/11/24 23:30:59.458,5.439427,21.3262,467.027,1,1,0,0.01656723
1273,2019/11/24 23:30:59.474,5.439427,21.3262,467.027,1,1,0,0.01656723
1274,2019/11/24 23:30:59.491,5.572042,21.43265,467.1384,1,1,0,0.01656723
1275,2019/11/24 23:30:59.506,5.572042,21.43265,467.1384,1,1,0,0.01656723
1276,2019/11/24 23:30:59.523,5.572042,21.43265,467.1384,1,1,0,0.01656723
1277,2019/11/24 23:30:59.541,5.273138,21.64577,467.2697,1,1,0,0.01656723
1278,2019/11/24 23:30:59.558,5.273138,21.64577,467.2697,1,1,0,0.01656723
1279,2019/11/24 23:30:59.574,5.273138,21.64577,467.2697,1,1,0,0.01656723
1280,2019/11/24 23:30:59.592,5.019696,21.80193,467.239,1,1,0,0.01656723
1281,2019/11/24 23:30:59.608,5.019696,21.80193,467.239,1,1,0,0.01656723
1282,2019/11/24 23:30:59.624,5.019696,21.80193,467.239,1,1,0,0.01656723
1283,2019/11/24 23:30:59.642,4.921783,21.92066,467.17,1,1,0,0.01656723
1284,2019/11/24 23:30:59.657,4.921783,21.92066,467.17,1,1,0,0.01656723
1285,2019/11/24 23:30:59.674,4.921783,21.92066,467.17,1,1,0,0.01656723
1286,2019/11/24 23:30:59.691,4.718673,22.15142,466.8823,1,1,0,0.01656723
1287,2019/11/24 23:30:59.708,4.718673,22.15142,466.8823,1,1,0,0.01656723
1288,2019/11/24 23:30:59.724,4.718673,22.15142,466.8823,1,1,0,0.01656723
1289,2019/11/24 23:30:59.742,4.606283,22.50195,466.6574,1,1,0,0.01656723
1290,2019/11/24 23:30:59.760,4.606283,22.50195,466.6574,1,1,0,0.01656723
1291,2019/11/24 23:30:59.775,4.380943,22.73759,466.4043,1,1,0,0.01656723
1292,2019/11/24 23:30:59.792,4.380943,22.73759,466.4043,1,1,0,0.01656723
1293,2019/11/24 23:30:59.808,4.380943,22.73759,466.4043,1,1,0,0.01656723
1294,2019/11/24 23:30:59.825,4.232587,22.96272,466.1951,1,1,0,0.01656723
1295,2019/11/24 23:30:59.841,4.232587,22.96272,466.1951,1,1,0,0.01656723
1296,2019/11/24 23:30:59.858,4.232587,22.96272,466.1951,1,1,0,0.01656723
1297,2019/11/24 23:30:59.874,4.232587,22.96272,466.1951,1,1,0,0.01656723
1298,2019/11/24 23:30:59.891,4.386584,23.1694,466.0529,1,1,0,0.01656723
1299,2019/11/24 23:30:59.907,4.386584,23.1694,466.0529,1,1,0,0.01656723
1300,2019/11/24 23:30:59.924,4.386584,23.1694,466.0529,1,1,0,0.01656723
1301,2019/11/24 23:30:59.942,4.603483,23.35245,465.7181,1,1,0,0.01656723
1302,2019/11/24 23:30:59.958,4.603483,23.35245,465.7181,1,1,0,0.01656723
1303,2019/11/24 23:30:59.975,4.603483,23.35245,465.7181,1,1,0,0.01656723
1304,2019/11/24 23:30:59.993,4.574002,23.56711,465.4802,1,1,0,0.01656723
1305,2019/11/24 23:31:00.11,4.574002,23.56711,465.4802,1,1,0,0.01656723
1306,2019/11/24 23:31:00.25,4.574002,23.56711,465.4802,1,1,0,0.01656723
1307,2019/11/24 23:31:00.43,4.550719,23.75233,465.3511,1,1,0,0.01656723
1308,2019/11/24 23:31:00.59,4.550719,23.75233,465.3511,1,1,0,0.01656723
1309,2019/11/24 23:31:00.76,4.680386,23.8663,465.1128,1,1,0,0.01656723
1310,2019/11/24 23:31:00.93,4.680386,23.8663,465.1128,1,1,0,0.01656723
1311,2019/11/24 23:31:00.109,4.680386,23.8663,465.1128,1,1,0,0.01656723
1312,2019/11/24 23:31:00.125,4.885289,23.80307,464.9366,1,1,0,0.01656723
1313,2019/11/24 23:31:00.142,4.885289,23.80307,464.9366,1,1,0,0.01656723
1314,2019/11/24 23:31:00.158,4.885289,23.80307,464.9366,1,1,0,0.01656723
1315,2019/11/24 23:31:00.175,4.961189,23.70495,464.8427,1,1,0,0.01656723
1316,2019/11/24 23:31:00.192,4.961189,23.70495,464.8427,1,1,0,0.01656723
1317,2019/11/24 23:31:00.208,4.961189,23.70495,464.8427,1,1,0,0.01656723
1318,2019/11/24 23:31:00.226,4.910756,23.46594,464.8428,1,1,0,0.01656723
1319,2019/11/24 23:31:00.243,4.910756,23.46594,464.8428,1,1,0,0.01656723
1320,2019/11/24 23:31:00.260,4.910756,23.46594,464.8428,1,1,0,0.01656723
1321,2019/11/24 23:31:00.276,4.910756,23.46594,464.8428,1,1,0,0.01656723
1322,2019/11/24 23:31:00.293,4.85639,23.40808,464.7762,1,1,0,0.01656723
1323,2019/11/24 23:31:00.309,4.85639,23.40808,464.7762,1,1,0,0.01656723
1324,2019/11/24 23:31:00.326,4.85639,23.40808,464.7762,1,1,0,0.01656723
1325,2019/11/24 23:31:00.343,4.672943,23.36867,464.7339,1,1,0,0.01656723
1326,2019/11/24 23:31:00.360,4.672943,23.36867,464.7339,1,1,0,0.01656723
1327,2019/11/24 23:31:00.376,4.672943,23.36867,464.7339,1,1,0,0.01656723
1328,2019/11/24 23:31:00.393,4.522844,23.30749,464.7271,1,1,0,0.01656723
1329,2019/11/24 23:31:00.409,4.522844,23.30749,464.7271,1,1,0,0.01656723
1330,2019/11/24 23:31:00.426,4.522844,23.30749,464.7271,1,1,0,0.01656723
1331,2019/11/24 23:31:00.443,4.620689,23.32372,464.5291,1,1,0,0.01656723
1332,2019/11/24 23:31:00.458,4.620689,23.32372,464.5291,1,1,0,0.01656723
1333,2019/11/24 23:31:00.476,4.576933,23.4107,464.3785,1,1,0,0.01656723
1334,2019/11/24 23:31:00.492,4.576933,23.4107,464.3785,1,1,0,0.01656723
1335,2019/11/24 23:31:00.509,4.576933,23.4107,464.3785,1,1,0,0.01656723
1336,2019/11/24 23:31:00.527,4.504741,23.37917,464.3668,1,1,0,0.01656723
1337,2019/11/24 23:31:00.542,4.504741,23.37917,464.3668,1,1,0,0.01656723
1338,2019/11/24 23:31:00.559,4.504741,23.37917,464.3668,1,1,0,0.01656723
1339,2019/11/24 23:31:00.576,4.30771,23.40934,464.4227,1,1,0,0.01656723
1340,2019/11/24 23:31:00.592,4.30771,23.40934,464.4227,1,1,0,0.01656723
1341,2019/11/24 23:31:00.609,4.30771,23.40934,464.4227,1,1,0,0.01656723
1342,2019/11/24 23:31:00.625,4.145947,23.45286,464.4452,1,1,0,0.01656723
1343,2019/11/24 23:31:00.643,4.145947,23.45286,464.4452,1,1,0,0.01656723
1344,2019/11/24 23:31:00.660,4.145947,23.45286,464.4452,1,1,0,0.01656723
1345,2019/11/24 23:31:00.675,4.145947,23.45286,464.4452,1,1,0,0.01656723
1346,2019/11/24 23:31:00.692,4.088748,23.58843,464.3214,1,1,0,0.01656723
1347,2019/11/24 23:31:00.708,4.088748,23.58843,464.3214,1,1,0,0.01656723
1348,2019/11/24 23:31:00.725,4.088748,23.58843,464.3214,1,1,0,0.01656723
1349,2019/11/24 23:31:00.747,4.189812,23.86084,464.1151,1,1,0,0.01656723
1350,2019/11/24 23:31:00.764,4.189812,23.86084,464.1151,1,1,0,0.01656723
1351,2019/11/24 23:31:00.780,4.189812,23.86084,464.1151,1,1,0,0.01656723
1352,2019/11/24 23:31:00.797,4.357638,23.91843,463.9279,1,1,0,0.01656723
1353,2019/11/24 23:31:00.814,4.357638,23.91843,463.9279,1,0,0,0.01656723
1354,2019/11/24 23:31:00.831,4.506748,23.77145,463.9697,1,0,0,0.01656723
1355,2019/11/24 23:31:00.846,4.506748,23.77145,463.9697,1,0,0,0.01656723
1356,2019/11/24 23:31:00.863,4.506748,23.77145,463.9697,1,0,0,0.01656723
1357,2019/11/24 23:31:00.879,4.609301,23.57273,463.9463,1,0,0,0.01656723
1358,2019/11/24 23:31:00.896,4.609301,23.57273,463.9463,1,0,0,0.01656723
1359,2019/11/24 23:31:00.913,4.609301,23.57273,463.9463,1,0,0,0.01656723
1360,2019/11/24 23:31:00.929,4.678274,23.30303,464.2363,1,0,0,0.01656723
1361,2019/11/24 23:31:00.946,4.678274,23.30303,464.2363,1,0,0,0.01656723
1362,2019/11/24 23:31:00.962,4.678274,23.30303,464.2363,1,0,0,0.01656723
1363,2019/11/24 23:31:00.979,4.751246,23.23244,464.478,1,0,0,0.01656723
1364,2019/11/24 23:31:00.995,4.751246,23.23244,464.478,1,0,0,0.01656723
