count,dateTime,waistX,waistY,waistZ,expStatus,LimitStatus,overStatus
0,2019/11/22 15:42:21.622,81.26507,28.29342,579.1518,1,0,0
1,2019/11/22 15:42:21.642,81.30397,28.33642,579.3721,1,0,0
2,2019/11/22 15:42:21.668,81.32275,28.40873,579.5514,1,0,0
3,2019/11/22 15:42:21.686,81.29102,28.32779,579.397,1,0,0
4,2019/11/22 15:42:21.702,81.29102,28.32779,579.397,1,0,0
5,2019/11/22 15:42:21.720,81.26642,28.05656,579.392,1,0,0
6,2019/11/22 15:42:21.737,81.26642,28.05656,579.392,1,0,0
7,2019/11/22 15:42:21.759,81.02518,27.65793,579.119,1,0,0
8,2019/11/22 15:42:21.779,80.82159,27.14473,578.9362,1,0,0
9,2019/11/22 15:42:21.800,80.82159,27.14473,578.9362,1,0,0
10,2019/11/22 15:42:21.817,80.82159,27.14473,578.9362,1,0,0
11,2019/11/22 15:42:21.835,80.433,26.47738,578.5514,1,0,0
12,2019/11/22 15:42:21.851,80.433,26.47738,578.5514,1,0,0
13,2019/11/22 15:42:21.874,79.88452,25.70018,578.1399,1,0,0
14,2019/11/22 15:42:21.891,79.37056,24.92632,577.7653,1,0,0
15,2019/11/22 15:42:21.909,79.37056,24.92632,577.7653,1,0,0
16,2019/11/22 15:42:21.926,78.94208,24.13497,577.2962,1,0,0
17,2019/11/22 15:42:21.943,78.94208,24.13497,577.2962,1,0,0
18,2019/11/22 15:42:21.967,78.70493,23.2854,576.9164,1,0,0
19,2019/11/22 15:42:21.984,78.61053,22.53329,576.658,1,0,0
20,2019/11/22 15:42:22.0,78.61053,22.53329,576.658,1,0,0
21,2019/11/22 15:42:22.16,78.61053,22.53329,576.658,1,0,0
22,2019/11/22 15:42:22.35,78.67224,21.89454,576.4683,1,0,0
23,2019/11/22 15:42:22.59,78.97313,21.3996,576.5827,1,0,0
24,2019/11/22 15:42:22.76,78.97313,21.3996,576.5827,1,0,0
25,2019/11/22 15:42:22.93,79.21915,21.08513,576.4952,1,0,0
26,2019/11/22 15:42:22.114,79.49933,20.97455,576.6898,1,0,0
27,2019/11/22 15:42:22.132,79.49933,20.97455,576.6898,1,0,0
28,2019/11/22 15:42:22.156,79.79582,21.01753,576.9661,1,0,0
29,2019/11/22 15:42:22.173,79.79582,21.01753,576.9661,1,0,0
30,2019/11/22 15:42:22.189,79.94919,21.1522,577.2327,1,0,0
31,2019/11/22 15:42:22.206,79.94919,21.1522,577.2327,1,0,0
32,2019/11/22 15:42:22.222,80.02751,21.34415,577.5631,1,0,0
33,2019/11/22 15:42:22.239,80.02751,21.34415,577.5631,1,0,0
34,2019/11/22 15:42:22.256,80.02751,21.34415,577.5631,1,0,0
35,2019/11/22 15:42:22.278,79.95384,21.51454,577.8323,1,0,0
36,2019/11/22 15:42:22.295,79.82955,21.59311,577.8735,1,0,0
37,2019/11/22 15:42:22.312,79.82955,21.59311,577.8735,1,0,0
38,2019/11/22 15:42:22.329,79.79927,21.5259,578.0179,1,0,0
39,2019/11/22 15:42:22.345,79.79927,21.5259,578.0179,1,0,0
40,2019/11/22 15:42:22.368,79.72417,21.36291,577.9142,1,0,0
41,2019/11/22 15:42:22.385,79.69257,21.13361,577.784,1,0,0
42,2019/11/22 15:42:22.410,79.69257,21.13361,577.784,1,0,0
43,2019/11/22 15:42:22.428,79.69847,20.89084,577.8134,1,0,0
44,2019/11/22 15:42:22.444,79.69847,20.89084,577.8134,1,0,0
45,2019/11/22 15:42:22.470,79.70526,20.62229,577.902,1,0,0
46,2019/11/22 15:42:22.487,79.82341,20.3087,577.7584,1,0,0
47,2019/11/22 15:42:22.504,79.82341,20.3087,577.7584,1,0,0
48,2019/11/22 15:42:22.525,79.95938,20.06744,577.653,1,0,0
49,2019/11/22 15:42:22.542,79.95938,20.06744,577.653,1,0,0
50,2019/11/22 15:42:22.566,80.09322,19.91047,577.4469,1,0,0
51,2019/11/22 15:42:22.586,80.2404,19.83464,577.4227,1,0,0
52,2019/11/22 15:42:22.602,80.2404,19.83464,577.4227,1,0,0
53,2019/11/22 15:42:22.619,80.29713,19.92449,577.3291,1,0,0
54,2019/11/22 15:42:22.636,80.29713,19.92449,577.3291,1,0,0
55,2019/11/22 15:42:22.660,80.44662,20.15055,577.269,1,0,0
56,2019/11/22 15:42:22.676,80.53133,20.40828,577.2401,1,0,0
57,2019/11/22 15:42:22.692,80.53133,20.40828,577.2401,1,0,0
58,2019/11/22 15:42:22.710,80.53133,20.40828,577.2401,1,0,0
59,2019/11/22 15:42:22.732,80.51368,20.66283,577.1774,1,0,0
60,2019/11/22 15:42:22.749,80.51368,20.66283,577.1774,1,0,0
61,2019/11/22 15:42:22.773,80.53221,20.83387,577.0651,1,0,0
62,2019/11/22 15:42:22.790,80.55624,20.89282,576.8438,1,0,0
63,2019/11/22 15:42:22.807,80.55624,20.89282,576.8438,1,0,0
64,2019/11/22 15:42:22.823,80.60297,20.83174,576.7554,1,0,0
65,2019/11/22 15:42:22.839,80.60297,20.83174,576.7554,1,0,0
66,2019/11/22 15:42:22.863,80.66399,20.74078,576.7079,1,0,0
67,2019/11/22 15:42:22.881,80.76114,20.62415,576.4807,1,0,0
68,2019/11/22 15:42:22.898,80.76114,20.62415,576.4807,1,0,0
69,2019/11/22 15:42:22.915,80.76114,20.62415,576.4807,1,0,0
70,2019/11/22 15:42:22.936,80.85097,20.47181,576.2346,1,0,0
71,2019/11/22 15:42:22.963,80.88522,20.35236,576.2345,1,0,0
72,2019/11/22 15:42:22.980,80.85327,20.2021,575.9513,1,0,0
73,2019/11/22 15:42:22.997,80.85327,20.2021,575.9513,1,0,0
74,2019/11/22 15:42:23.23,80.78462,20.02585,575.8494,1,0,0
75,2019/11/22 15:42:23.40,80.78462,20.02585,575.8494,1,0,0
76,2019/11/22 15:42:23.63,80.76943,19.87192,575.8553,1,0,0
77,2019/11/22 15:42:23.82,80.79474,19.75607,575.7539,1,0,0
78,2019/11/22 15:42:23.99,80.79474,19.75607,575.7539,1,0,0
79,2019/11/22 15:42:23.116,80.9127,19.68923,575.8181,1,0,0
80,2019/11/22 15:42:23.132,80.9127,19.68923,575.8181,1,0,0
81,2019/11/22 15:42:23.150,80.9127,19.68923,575.8181,1,0,0
82,2019/11/22 15:42:23.176,81.03362,19.61436,575.5927,1,0,0
83,2019/11/22 15:42:23.194,81.12845,19.59177,575.4786,1,0,0
84,2019/11/22 15:42:23.211,81.12845,19.59177,575.4786,1,0,0
85,2019/11/22 15:42:23.228,81.23889,19.61524,575.4103,1,0,0
86,2019/11/22 15:42:23.244,81.23889,19.61524,575.4103,1,0,0
87,2019/11/22 15:42:23.266,81.31078,19.62223,575.3948,1,0,0
88,2019/11/22 15:42:23.284,81.24265,19.64918,575.2256,1,0,0
89,2019/11/22 15:42:23.300,81.24265,19.64918,575.2256,1,0,0
90,2019/11/22 15:42:23.315,81.12445,19.64312,574.9528,1,0,0
91,2019/11/22 15:42:23.333,81.12445,19.64312,574.9528,1,0,0
92,2019/11/22 15:42:23.360,80.99722,19.54588,574.6841,1,0,0
93,2019/11/22 15:42:23.377,80.99722,19.54588,574.6841,1,0,0
94,2019/11/22 15:42:23.395,80.84618,19.37845,574.3927,1,0,0
95,2019/11/22 15:42:23.412,80.69354,19.11219,574.0886,1,0,0
96,2019/11/22 15:42:23.430,80.69354,19.11219,574.0886,1,0,0
97,2019/11/22 15:42:23.455,80.56122,18.81779,573.895,1,0,0
98,2019/11/22 15:42:23.473,80.52197,18.5359,573.6875,1,0,0
99,2019/11/22 15:42:23.490,80.52197,18.5359,573.6875,1,0,0
100,2019/11/22 15:42:23.507,80.52197,18.5359,573.6875,1,0,0
101,2019/11/22 15:42:23.525,80.53465,18.29628,573.6875,1,0,0
102,2019/11/22 15:42:23.551,80.49548,18.15747,573.7062,1,0,0
103,2019/11/22 15:42:23.568,80.49548,18.15747,573.7062,1,0,0
104,2019/11/22 15:42:23.584,80.49548,18.15747,573.7062,1,0,0
105,2019/11/22 15:42:23.604,80.47797,18.03398,573.7228,1,0,0
106,2019/11/22 15:42:23.621,80.38445,17.86372,573.541,1,0,0
107,2019/11/22 15:42:23.638,80.38445,17.86372,573.541,1,0,0
108,2019/11/22 15:42:23.661,80.2839,17.68786,573.546,1,0,0
109,2019/11/22 15:42:23.678,80.2839,17.68786,573.546,1,0,0
110,2019/11/22 15:42:23.694,80.21126,17.52723,573.5579,1,0,0
111,2019/11/22 15:42:23.712,80.18451,17.32984,573.4162,1,0,0
112,2019/11/22 15:42:23.729,80.18451,17.32984,573.4162,1,0,0
113,2019/11/22 15:42:23.746,80.18451,17.32984,573.4162,1,0,0
114,2019/11/22 15:42:23.769,80.17434,17.05806,573.3082,1,0,0
115,2019/11/22 15:42:23.791,80.13025,16.76917,573.2234,1,0,0
116,2019/11/22 15:42:23.808,80.13025,16.76917,573.2234,1,0,0
117,2019/11/22 15:42:23.827,80.02399,16.42687,573.1211,1,0,0
118,2019/11/22 15:42:23.852,79.9058,15.99609,572.9955,1,0,0
119,2019/11/22 15:42:23.870,79.9058,15.99609,572.9955,1,0,0
120,2019/11/22 15:42:23.889,79.69744,15.48728,572.6929,1,0,0
121,2019/11/22 15:42:23.910,79.53425,15.08491,572.6425,1,0,0
122,2019/11/22 15:42:23.927,79.53425,15.08491,572.6425,1,0,0
123,2019/11/22 15:42:23.948,79.36533,14.77988,572.4995,1,0,0
124,2019/11/22 15:42:23.965,79.36533,14.77988,572.4995,1,0,0
125,2019/11/22 15:42:23.982,79.18094,14.60847,572.4241,1,0,0
126,2019/11/22 15:42:24.3,79.02712,14.56881,572.28,1,0,0
127,2019/11/22 15:42:24.20,79.02712,14.56881,572.28,1,0,0
128,2019/11/22 15:42:24.37,79.02712,14.56881,572.28,1,0,0
129,2019/11/22 15:42:24.61,78.91428,14.58014,572.2694,1,0,0
130,2019/11/22 15:42:24.78,78.91428,14.58014,572.2694,1,0,0
131,2019/11/22 15:42:24.96,78.71408,14.65842,572.0918,1,0,0
132,2019/11/22 15:42:24.112,78.54216,14.69338,571.9006,1,0,0
133,2019/11/22 15:42:24.128,78.54216,14.69338,571.9006,1,0,0
134,2019/11/22 15:42:24.145,78.54216,14.69338,571.9006,1,0,0
135,2019/11/22 15:42:24.168,78.30005,14.6124,571.611,1,0,0
136,2019/11/22 15:42:24.188,77.99237,14.42486,571.3519,1,0,0
137,2019/11/22 15:42:24.204,77.99237,14.42486,571.3519,1,0,0
138,2019/11/22 15:42:24.223,77.54056,14.19766,571.1088,1,0,0
139,2019/11/22 15:42:24.249,77.03593,13.84044,570.8353,1,0,0
140,2019/11/22 15:42:24.265,77.03593,13.84044,570.8353,1,0,0
141,2019/11/22 15:42:24.283,76.58295,13.20801,570.4028,1,0,0
142,2019/11/22 15:42:24.300,76.58295,13.20801,570.4028,1,0,0
143,2019/11/22 15:42:24.318,76.18288,12.44586,570.1616,1,0,0
144,2019/11/22 15:42:24.342,75.78223,11.66096,569.957,1,0,0
145,2019/11/22 15:42:24.359,75.78223,11.66096,569.957,1,0,0
146,2019/11/22 15:42:24.376,75.33261,11.18307,570.0524,1,0,0
147,2019/11/22 15:42:24.392,75.33261,11.18307,570.0524,1,0,0
148,2019/11/22 15:42:24.409,74.81802,10.92325,569.9658,1,0,0
149,2019/11/22 15:42:24.426,74.81802,10.92325,569.9658,1,0,0
150,2019/11/22 15:42:24.449,74.38997,10.61887,569.6344,1,0,0
151,2019/11/22 15:42:24.466,74.38997,10.61887,569.6344,1,0,0
152,2019/11/22 15:42:24.483,74.38997,10.61887,569.6344,1,0,0
153,2019/11/22 15:42:24.501,73.85561,10.15408,569.2792,1,0,0
154,2019/11/22 15:42:24.518,73.27536,9.561489,569.0452,1,0,0
155,2019/11/22 15:42:24.535,73.27536,9.561489,569.0452,1,0,0
156,2019/11/22 15:42:24.559,72.7093,8.855787,568.4051,1,0,0
157,2019/11/22 15:42:24.576,72.27383,8.072224,567.9701,1,0,0
158,2019/11/22 15:42:24.594,72.27383,8.072224,567.9701,1,0,0
159,2019/11/22 15:42:24.610,71.97988,7.313136,567.4669,1,0,0
160,2019/11/22 15:42:24.628,71.97988,7.313136,567.4669,1,0,0
161,2019/11/22 15:42:24.644,71.97988,7.313136,567.4669,1,0,0
162,2019/11/22 15:42:24.670,71.79147,6.681927,567.1066,1,0,0
163,2019/11/22 15:42:24.688,71.75555,6.236142,566.6179,1,0,0
164,2019/11/22 15:42:24.705,71.98036,5.886574,566.36,1,0,0
165,2019/11/22 15:42:24.722,71.98036,5.886574,566.36,1,0,0
166,2019/11/22 15:42:24.739,71.98036,5.886574,566.36,1,0,0
167,2019/11/22 15:42:24.763,72.35579,5.559146,566.148,1,0,0
168,2019/11/22 15:42:24.781,72.74849,5.205393,565.9521,1,0,0
169,2019/11/22 15:42:24.798,72.74849,5.205393,565.9521,1,0,0
170,2019/11/22 15:42:24.816,72.9551,4.884712,566.0928,1,0,0
171,2019/11/22 15:42:24.845,73.15455,4.631455,566.2256,1,0,0
172,2019/11/22 15:42:24.861,73.15455,4.631455,566.2256,1,0,0
173,2019/11/22 15:42:24.879,73.45092,4.48424,566.7897,1,0,0
174,2019/11/22 15:42:24.898,73.58469,4.606719,567.2678,1,0,0
175,2019/11/22 15:42:24.914,73.58469,4.606719,567.2678,1,0,0
176,2019/11/22 15:42:24.930,73.58469,4.606719,567.2678,1,0,0
177,2019/11/22 15:42:24.955,73.70216,4.981475,567.4581,1,0,0
178,2019/11/22 15:42:24.972,73.70216,4.981475,567.4581,1,0,0
179,2019/11/22 15:42:24.988,73.8798,5.503737,567.7211,1,0,0
180,2019/11/22 15:42:25.5,73.8798,5.503737,567.7211,1,0,0
181,2019/11/22 15:42:25.23,74.03561,6.040665,567.8518,1,0,0
182,2019/11/22 15:42:25.52,74.1671,6.54152,568.0962,1,0,0
183,2019/11/22 15:42:25.67,74.1671,6.54152,568.0962,1,0,0
184,2019/11/22 15:42:25.86,74.15527,6.964898,568.0254,1,0,0
185,2019/11/22 15:42:25.105,74.20016,7.2335,568.0409,1,0,0
186,2019/11/22 15:42:25.122,74.20016,7.2335,568.0409,1,0,0
187,2019/11/22 15:42:25.139,74.20016,7.2335,568.0409,1,0,0
188,2019/11/22 15:42:25.163,74.22935,7.388526,567.8244,1,0,0
189,2019/11/22 15:42:25.182,74.2095,7.403816,567.676,1,0,0
190,2019/11/22 15:42:25.209,74.2095,7.403816,567.676,1,0,0
191,2019/11/22 15:42:25.227,74.19313,7.232144,567.5166,1,0,0
192,2019/11/22 15:42:25.257,74.16898,6.928588,567.3937,1,0,0
193,2019/11/22 15:42:25.275,74.11354,6.547389,567.2328,1,0,0
194,2019/11/22 15:42:25.292,74.11354,6.547389,567.2328,1,0,0
195,2019/11/22 15:42:25.312,74.05453,6.225159,567.2401,1,0,0
196,2019/11/22 15:42:25.335,74.02895,5.897818,567.1366,1,0,0
197,2019/11/22 15:42:25.352,74.02895,5.897818,567.1366,1,0,0
198,2019/11/22 15:42:25.368,74.02895,5.897818,567.1366,1,0,0
199,2019/11/22 15:42:25.386,73.97202,5.599763,567.189,1,0,0
200,2019/11/22 15:42:25.404,73.97202,5.599763,567.189,1,0,0
201,2019/11/22 15:42:25.423,73.88972,5.44189,567.1963,1,0,0
202,2019/11/22 15:42:25.446,73.90296,5.340293,567.2982,1,0,0
203,2019/11/22 15:42:25.463,73.90296,5.340293,567.2982,1,0,0
204,2019/11/22 15:42:25.480,73.95535,5.328338,567.5479,1,0,0
205,2019/11/22 15:42:25.496,73.95535,5.328338,567.5479,1,0,0
206,2019/11/22 15:42:25.513,74.05279,5.374256,567.5446,1,0,0
207,2019/11/22 15:42:25.530,74.05279,5.374256,567.5446,1,0,0
208,2019/11/22 15:42:25.553,74.13811,5.380046,567.5497,1,0,0
209,2019/11/22 15:42:25.570,74.17202,5.387166,567.6478,1,0,0
210,2019/11/22 15:42:25.588,74.17202,5.387166,567.6478,1,0,0
211,2019/11/22 15:42:25.605,74.21583,5.34346,567.8223,1,0,0
212,2019/11/22 15:42:25.622,74.21583,5.34346,567.8223,1,0,0
213,2019/11/22 15:42:25.643,74.23605,5.277749,568.0065,1,0,0
214,2019/11/22 15:42:25.660,74.23605,5.277749,568.0065,1,0,0
215,2019/11/22 15:42:25.679,74.19056,5.227346,568.062,1,0,0
216,2019/11/22 15:42:25.697,74.19056,5.227346,568.062,1,0,0
217,2019/11/22 15:42:25.715,74.13358,5.092183,568.1624,1,0,0
218,2019/11/22 15:42:25.739,74.08012,4.827377,568.1816,1,0,0
219,2019/11/22 15:42:25.757,74.08012,4.827377,568.1816,1,0,0
220,2019/11/22 15:42:25.775,73.96211,4.446925,568.0192,1,0,0
221,2019/11/22 15:42:25.793,73.85759,3.94739,567.8791,1,0,0
222,2019/11/22 15:42:25.811,73.85759,3.94739,567.8791,1,0,0
223,2019/11/22 15:42:25.827,73.85759,3.94739,567.8791,1,0,0
224,2019/11/22 15:42:25.850,73.7567,3.426474,568.0071,1,0,0
225,2019/11/22 15:42:25.867,73.7567,3.426474,568.0071,1,0,0
226,2019/11/22 15:42:25.888,73.64605,3.001508,568.1356,1,0,-1
227,2019/11/22 15:42:25.905,73.64605,3.001508,568.1356,1,0,-1
228,2019/11/22 15:42:25.925,73.66042,2.620738,568.1505,1,0,-1
229,2019/11/22 15:42:25.949,73.64873,2.33954,568.3149,1,0,-1
230,2019/11/22 15:42:25.966,73.64873,2.33954,568.3149,1,0,-1
231,2019/11/22 15:42:25.988,73.62743,2.201004,568.4826,1,0,-1
232,2019/11/22 15:42:26.5,73.6414,2.154772,568.6559,1,0,-1
233,2019/11/22 15:42:26.22,73.6414,2.154772,568.6559,1,0,-1
234,2019/11/22 15:42:26.49,73.6916,2.283408,568.9073,1,0,-1
235,2019/11/22 15:42:26.66,73.78558,2.562501,569.067,1,0,-1
236,2019/11/22 15:42:26.83,73.78558,2.562501,569.067,1,0,-1
237,2019/11/22 15:42:26.104,73.94266,2.980469,569.1361,1,0,-1
238,2019/11/22 15:42:26.121,73.94266,2.980469,569.1361,1,0,-1
239,2019/11/22 15:42:26.145,74.14661,3.494213,569.178,1,0,0
240,2019/11/22 15:42:26.163,74.31358,3.901188,569.0983,1,0,0
241,2019/11/22 15:42:26.180,74.31358,3.901188,569.0983,1,0,0
242,2019/11/22 15:42:26.197,74.43908,4.163332,568.8686,1,0,0
243,2019/11/22 15:42:26.214,74.43908,4.163332,568.8686,1,0,0
244,2019/11/22 15:42:26.237,74.46229,4.24933,568.6573,1,0,0
245,2019/11/22 15:42:26.255,74.46229,4.24933,568.6573,1,0,0
246,2019/11/22 15:42:26.270,74.46229,4.24933,568.6573,1,0,0
247,2019/11/22 15:42:26.297,74.3595,4.142119,568.4261,1,0,0
248,2019/11/22 15:42:26.316,74.16332,3.864541,568.227,1,0,0
249,2019/11/22 15:42:26.334,74.16332,3.864541,568.227,1,0,0
250,2019/11/22 15:42:26.357,73.96375,3.44301,567.9904,1,0,0
251,2019/11/22 15:42:26.385,73.88201,2.899595,567.876,1,0,-1
252,2019/11/22 15:42:26.403,73.79691,2.413762,567.9777,1,0,-1
253,2019/11/22 15:42:26.420,73.79691,2.413762,567.9777,1,0,-1
254,2019/11/22 15:42:26.444,73.7291,2.062549,568.0547,1,0,-1
255,2019/11/22 15:42:26.462,73.7291,2.062549,568.0547,1,0,-1
256,2019/11/22 15:42:26.482,73.74901,1.794854,568.0032,1,0,-1
257,2019/11/22 15:42:26.503,73.76887,1.671241,568.1204,1,0,-1
258,2019/11/22 15:42:26.520,73.76887,1.671241,568.1204,1,0,-1
259,2019/11/22 15:42:26.545,73.80363,1.652228,568.0848,1,0,-1
260,2019/11/22 15:42:26.561,73.81867,1.701692,568.1345,1,0,-1
261,2019/11/22 15:42:26.578,73.81867,1.701692,568.1345,1,0,-1
262,2019/11/22 15:42:26.595,73.78017,1.777688,568.174,1,0,-1
263,2019/11/22 15:42:26.611,73.78017,1.777688,568.174,1,0,-1
264,2019/11/22 15:42:26.636,73.79813,1.743066,567.965,1,0,-1
265,2019/11/22 15:42:26.652,73.79813,1.743066,567.965,1,0,-1
266,2019/11/22 15:42:26.670,73.78128,1.594905,567.8665,1,0,-1
267,2019/11/22 15:42:26.687,73.68647,1.396764,567.7976,1,0,-1
268,2019/11/22 15:42:26.705,73.68647,1.396764,567.7976,1,0,-1
269,2019/11/22 15:42:26.721,73.68647,1.396764,567.7976,1,0,-1
270,2019/11/22 15:42:26.738,73.68647,1.396764,567.7976,1,0,-1
271,2019/11/22 15:42:26.763,73.64078,1.164014,567.7151,1,0,-1
272,2019/11/22 15:42:26.782,73.58698,0.9711302,567.7402,1,0,-1
273,2019/11/22 15:42:26.798,73.58698,0.9711302,567.7402,1,0,-1
274,2019/11/22 15:42:26.817,73.57034,0.8098567,567.8306,1,0,-1
275,2019/11/22 15:42:26.842,73.52686,0.6205878,567.8876,1,0,-1
276,2019/11/22 15:42:26.859,73.52686,0.6205878,567.8876,1,0,-1
277,2019/11/22 15:42:26.876,73.36604,0.4247162,567.821,1,0,-1
278,2019/11/22 15:42:26.894,73.36604,0.4247162,567.821,1,0,-1
279,2019/11/22 15:42:26.919,73.32713,0.1714915,567.7056,1,0,-1
280,2019/11/22 15:42:26.947,73.36253,-0.1210906,567.7682,1,0,-1
281,2019/11/22 15:42:26.970,73.35748,-0.1966756,567.8274,1,0,-1
282,2019/11/22 15:42:26.987,73.35748,-0.1966756,567.8274,1,0,-1
283,2019/11/22 15:42:27.7,73.4761,-0.1121933,567.8081,1,0,-1
284,2019/11/22 15:42:27.31,73.51981,0.05056347,567.7994,1,0,-1
285,2019/11/22 15:42:27.48,73.51981,0.05056347,567.7994,1,0,-1
286,2019/11/22 15:42:27.65,73.53064,0.2445795,567.6063,1,0,-1
287,2019/11/22 15:42:27.82,73.53064,0.2445795,567.6063,1,0,-1
288,2019/11/22 15:42:27.99,73.60136,0.3396576,567.2813,1,0,-1
289,2019/11/22 15:42:27.115,73.60136,0.3396576,567.2813,1,0,-1
290,2019/11/22 15:42:27.141,73.70172,0.2924796,567.0574,1,0,-1
291,2019/11/22 15:42:27.158,73.70172,0.2924796,567.0574,1,0,-1
292,2019/11/22 15:42:27.176,73.73004,0.1636537,567.0576,1,0,-1
293,2019/11/22 15:42:27.203,73.73004,0.1636537,567.0576,1,0,-1
294,2019/11/22 15:42:27.222,73.60743,0.0296042,566.9033,1,0,-1
295,2019/11/22 15:42:27.246,73.52338,-0.117279,566.956,1,0,-1
296,2019/11/22 15:42:27.262,73.48535,-0.2362842,566.9187,1,0,-1
297,2019/11/22 15:42:27.279,73.48535,-0.2362842,566.9187,1,0,-1
298,2019/11/22 15:42:27.296,73.48535,-0.2362842,566.9187,1,0,-1
299,2019/11/22 15:42:27.313,73.55695,-0.3748791,566.9149,1,0,-1
300,2019/11/22 15:42:27.352,73.62111,-0.431471,566.9105,1,0,-1
301,2019/11/22 15:42:27.381,73.77749,-0.3420291,566.9984,1,0,-1
302,2019/11/22 15:42:27.398,74.00467,-0.1666045,567.2344,1,0,-1
303,2019/11/22 15:42:27.415,74.00467,-0.1666045,567.2344,1,0,-1
304,2019/11/22 15:42:27.440,74.17609,0.1538236,567.3359,1,0,-1
305,2019/11/22 15:42:27.467,74.30975,0.5639285,567.3414,1,0,-1
306,2019/11/22 15:42:27.485,74.30975,0.5639285,567.3414,1,0,-1
307,2019/11/22 15:42:27.501,74.42443,0.9479915,567.2797,1,0,-1
308,2019/11/22 15:42:27.528,74.48098,1.289415,567.0629,1,0,-1
309,2019/11/22 15:42:27.544,74.48098,1.289415,567.0629,1,0,-1
310,2019/11/22 15:42:27.563,74.51006,1.596188,567.0148,1,0,-1
311,2019/11/22 15:42:27.580,74.51006,1.596188,567.0148,1,0,-1
312,2019/11/22 15:42:27.606,74.50565,1.882579,566.7944,1,0,-1
313,2019/11/22 15:42:27.627,74.50565,1.882579,566.7944,1,0,-1
314,2019/11/22 15:42:27.662,74.5396,2.118726,566.642,1,0,-1
315,2019/11/22 15:42:27.689,74.58157,2.231969,566.5529,1,0,-1
316,2019/11/22 15:42:27.706,74.58213,2.230372,566.5288,1,0,-1
317,2019/11/22 15:42:27.723,74.58213,2.230372,566.5288,1,0,-1
318,2019/11/22 15:42:27.746,74.51324,2.197149,566.4437,1,0,-1
319,2019/11/22 15:42:27.770,74.46572,2.111524,566.3844,1,0,-1
320,2019/11/22 15:42:27.786,74.46572,2.111524,566.3844,1,0,-1
321,2019/11/22 15:42:27.805,74.43119,2.018622,566.606,1,0,-1
322,2019/11/22 15:42:27.822,74.43119,2.018622,566.606,1,0,-1
323,2019/11/22 15:42:27.845,74.37991,2.054116,566.8926,1,0,-1
324,2019/11/22 15:42:27.861,74.41724,2.171875,566.9485,1,0,-1
325,2019/11/22 15:42:27.881,74.41724,2.171875,566.9485,1,0,-1
326,2019/11/22 15:42:27.907,74.5479,2.300395,567.0159,1,1,-1
327,2019/11/22 15:42:27.935,74.67754,2.391812,566.9771,1,1,-1
328,2019/11/22 15:42:27.949,74.67754,2.391812,566.9771,1,1,-1
329,2019/11/22 15:42:27.973,74.82068,2.382034,566.9346,1,1,-1
330,2019/11/22 15:42:27.990,74.92583,2.289806,566.9229,1,1,-1
331,2019/11/22 15:42:28.7,74.92583,2.289806,566.9229,1,1,-1
332,2019/11/22 15:42:28.32,74.93791,2.16508,566.8766,1,1,-1
333,2019/11/22 15:42:28.49,74.93791,2.16508,566.8766,1,1,-1
334,2019/11/22 15:42:28.66,74.93791,2.16508,566.8766,1,1,-1
335,2019/11/22 15:42:28.82,74.84211,1.959672,566.6592,1,1,-1
336,2019/11/22 15:42:28.99,74.70952,1.712147,566.5488,1,1,-1
337,2019/11/22 15:42:28.116,74.70952,1.712147,566.5488,1,1,-1
338,2019/11/22 15:42:28.138,74.60042,1.362239,566.1821,1,1,-1
339,2019/11/22 15:42:28.155,74.60042,1.362239,566.1821,1,1,-1
340,2019/11/22 15:42:28.175,74.5704,0.9773929,566.0499,1,1,-1
341,2019/11/22 15:42:28.192,74.5704,0.9773929,566.0499,1,1,-1
342,2019/11/22 15:42:28.214,74.48421,0.725698,565.9122,1,1,-1
343,2019/11/22 15:42:28.240,74.40041,0.6056088,565.8198,1,1,-1
344,2019/11/22 15:42:28.258,74.43732,0.5582268,565.6083,1,1,-1
345,2019/11/22 15:42:28.276,74.43732,0.5582268,565.6083,1,1,-1
346,2019/11/22 15:42:28.293,74.44854,0.511875,565.4495,1,1,-1
347,2019/11/22 15:42:28.310,74.44854,0.511875,565.4495,1,1,-1
348,2019/11/22 15:42:28.334,74.39127,0.3654658,565.2719,1,1,-1
349,2019/11/22 15:42:28.351,74.24741,0.09662448,565.4119,1,1,-1
350,2019/11/22 15:42:28.372,74.24741,0.09662448,565.4119,1,1,-1
351,2019/11/22 15:42:28.387,74.24741,0.09662448,565.4119,1,1,-1
352,2019/11/22 15:42:28.406,74.06955,-0.221874,565.4014,1,1,-1
353,2019/11/22 15:42:28.432,74.05014,-0.6265861,565.3706,1,1,-1
354,2019/11/22 15:42:28.448,74.01598,-1.058834,565.2015,1,1,-1
355,2019/11/22 15:42:28.465,74.01598,-1.058834,565.2015,1,1,-1
356,2019/11/22 15:42:28.481,74.01598,-1.058834,565.2015,1,1,-1
357,2019/11/22 15:42:28.499,74.03476,-1.537565,565.1071,1,1,-1
358,2019/11/22 15:42:28.515,74.03476,-1.537565,565.1071,1,1,-1
359,2019/11/22 15:42:28.544,74.03304,-1.89843,565.2347,1,1,-1
360,2019/11/22 15:42:28.560,74.03304,-1.89843,565.2347,1,1,-1
361,2019/11/22 15:42:28.585,74.11359,-1.796616,565.4194,1,1,-1
362,2019/11/22 15:42:28.606,74.37356,-1.097273,565.4493,1,1,-1
363,2019/11/22 15:42:28.633,74.37356,-1.097273,565.4493,1,1,-1
364,2019/11/22 15:42:28.659,74.58588,0.1666929,566.0334,1,1,-1
365,2019/11/22 15:42:28.681,74.51827,2.09865,566.7189,1,1,-1
366,2019/11/22 15:42:28.702,74.6754,4.871121,567.423,1,1,0
367,2019/11/22 15:42:28.718,74.6754,4.871121,567.423,1,1,0
368,2019/11/22 15:42:28.742,75.16072,7.725973,567.8372,1,1,0
369,2019/11/22 15:42:28.759,75.42507,10.58511,568.4328,1,1,0
370,2019/11/22 15:42:28.776,75.42507,10.58511,568.4328,1,1,0
371,2019/11/22 15:42:28.799,75.44864,13.42877,569.0659,1,1,0
372,2019/11/22 15:42:28.816,75.44864,13.42877,569.0659,1,1,0
373,2019/11/22 15:42:28.840,75.34193,16.09905,569.4741,1,1,0
374,2019/11/22 15:42:28.862,75.41417,18.30768,569.8773,1,1,0
375,2019/11/22 15:42:28.878,75.41417,18.30768,569.8773,1,1,0
376,2019/11/22 15:42:28.897,75.54752,20.09018,570.3295,1,1,0
377,2019/11/22 15:42:28.947,75.45956,21.49478,570.2867,1,1,0
378,2019/11/22 15:42:28.992,75.13229,22.59467,570.2872,1,1,0
379,2019/11/22 15:42:29.41,74.83392,23.45699,570.2878,1,1,0
380,2019/11/22 15:42:29.92,74.65141,24.09199,570.1823,1,1,0
381,2019/11/22 15:42:29.136,74.34674,24.50044,570.0279,1,1,0
382,2019/11/22 15:42:29.178,73.80841,23.71236,568.8608,1,1,0
383,2019/11/22 15:42:29.229,73.44923,21.06311,567.92,1,1,0
384,2019/11/22 15:42:29.280,73.29526,19.07889,567.2377,1,1,0
385,2019/11/22 15:42:29.326,73.1191,17.353,566.9001,1,1,0
386,2019/11/22 15:42:29.375,72.98551,14.66459,566.5903,1,1,0
387,2019/11/22 15:42:29.422,72.90733,12.12999,566.1914,1,1,0
388,2019/11/22 15:42:29.467,72.98936,10.86892,566.1391,1,1,0
389,2019/11/22 15:42:29.522,73.24911,10.19634,566.0089,1,1,0
390,2019/11/22 15:42:29.545,73.51624,9.894035,566.1711,1,1,0
391,2019/11/22 15:42:29.570,73.56207,9.818905,566.232,1,1,0
392,2019/11/22 15:42:29.595,73.4561,9.876513,566.212,1,1,0
393,2019/11/22 15:42:29.611,73.4561,9.876513,566.212,1,1,0
394,2019/11/22 15:42:29.629,73.4353,9.841575,566.1681,1,1,0
395,2019/11/22 15:42:29.646,73.43022,9.744759,566.0442,1,1,0
396,2019/11/22 15:42:29.663,73.43022,9.744759,566.0442,1,1,0
397,2019/11/22 15:42:29.679,73.43022,9.744759,566.0442,1,1,0
398,2019/11/22 15:42:29.708,73.49203,9.638405,565.8665,1,1,0
399,2019/11/22 15:42:29.731,73.60645,9.490696,565.8157,1,1,0
400,2019/11/22 15:42:29.751,73.6067,9.399748,565.8468,1,1,0
401,2019/11/22 15:42:29.767,73.6067,9.399748,565.8468,1,1,0
402,2019/11/22 15:42:29.795,73.59415,9.342207,565.5836,1,1,0
403,2019/11/22 15:42:29.811,73.73968,9.2845,565.3766,1,1,0
404,2019/11/22 15:42:29.829,73.73968,9.2845,565.3766,1,1,0
405,2019/11/22 15:42:29.845,73.73968,9.2845,565.3766,1,1,0
406,2019/11/22 15:42:29.863,73.78905,9.141165,565.1028,1,1,0
407,2019/11/22 15:42:29.880,73.78905,9.141165,565.1028,1,1,0
408,2019/11/22 15:42:29.914,73.5717,8.701584,564.6509,1,1,0
409,2019/11/22 15:42:29.930,73.19694,7.912734,564.4427,1,1,0
410,2019/11/22 15:42:29.948,73.19694,7.912734,564.4427,1,1,0
411,2019/11/22 15:42:29.966,72.83539,6.725575,563.9825,1,1,0
412,2019/11/22 15:42:29.989,72.48114,5.01078,563.1425,1,1,0
413,2019/11/22 15:42:30.6,72.48114,5.01078,563.1425,1,1,0
414,2019/11/22 15:42:30.24,71.8779,2.614388,562.3066,1,1,0
415,2019/11/22 15:42:30.41,71.8779,2.614388,562.3066,1,1,0
416,2019/11/22 15:42:30.59,70.72672,-1.114927,560.877,1,1,0
417,2019/11/22 15:42:30.76,70.72672,-1.114927,560.877,1,1,0
418,2019/11/22 15:42:30.99,69.10637,-5.239015,559.9056,1,1,0
419,2019/11/22 15:42:30.122,66.97717,-9.925183,558.7131,1,1,0
420,2019/11/22 15:42:30.139,66.97717,-9.925183,558.7131,1,1,0
421,2019/11/22 15:42:30.157,64.67966,-14.99726,557.6055,1,1,0
422,2019/11/22 15:42:30.181,61.91671,-20.87004,555.4686,1,1,0
423,2019/11/22 15:42:30.198,61.91671,-20.87004,555.4686,1,1,0
424,2019/11/22 15:42:30.220,59.58744,-26.50603,555.1742,1,1,0
425,2019/11/22 15:42:30.237,59.58744,-26.50603,555.1742,1,1,0
426,2019/11/22 15:42:30.257,57.41691,-32.72504,553.0005,1,1,0
427,2019/11/22 15:42:30.274,57.41691,-32.72504,553.0005,1,1,0
428,2019/11/22 15:42:30.299,55.5448,-39.62435,552.4408,1,1,0
429,2019/11/22 15:42:30.316,55.5448,-39.62435,552.4408,1,1,0
430,2019/11/22 15:42:30.339,53.16428,-46.93941,549.9388,1,1,0
431,2019/11/22 15:42:30.360,50.407,-57.06952,549.2468,1,1,0
432,2019/11/22 15:42:30.376,50.407,-57.06952,549.2468,1,1,0
433,2019/11/22 15:42:30.401,48.23127,-66.37384,552.0385,1,1,0
434,2019/11/22 15:42:30.417,46.33527,-72.48392,558.821,1,1,0
435,2019/11/22 15:42:30.435,46.33527,-72.48392,558.821,1,1,0
436,2019/11/22 15:42:30.451,43.78235,-74.32086,563.7385,1,1,0
437,2019/11/22 15:42:30.468,43.78235,-74.32086,563.7385,1,1,0
438,2019/11/22 15:42:30.493,41.62387,-74.42574,566.6818,1,1,0
439,2019/11/22 15:42:30.515,39.98019,-74.13255,569.3344,1,1,0
440,2019/11/22 15:42:30.535,39.98019,-74.13255,569.3344,1,1,0
441,2019/11/22 15:42:30.555,39.10258,-73.93537,571.9202,1,1,0
442,2019/11/22 15:42:30.572,39.10258,-73.93537,571.9202,1,1,0
443,2019/11/22 15:42:30.596,38.41266,-74.12761,573.6371,1,1,0
444,2019/11/22 15:42:30.613,37.22914,-74.61441,575.1641,1,1,0
445,2019/11/22 15:42:30.630,37.22914,-74.61441,575.1641,1,1,0
446,2019/11/22 15:42:30.649,35.55279,-75.13865,577.0052,1,1,0
447,2019/11/22 15:42:30.667,35.55279,-75.13865,577.0052,1,1,0
448,2019/11/22 15:42:30.694,34.52382,-75.69419,578.8244,1,1,0
449,2019/11/22 15:42:30.711,33.99881,-76.6954,579.5717,1,1,0
450,2019/11/22 15:42:30.729,33.99881,-76.6954,579.5717,1,1,0
451,2019/11/22 15:42:30.745,33.99881,-76.6954,579.5717,1,1,0
452,2019/11/22 15:42:30.763,33.9255,-77.03968,579.5005,1,1,0
453,2019/11/22 15:42:30.780,33.9255,-77.03968,579.5005,1,1,0
454,2019/11/22 15:42:30.806,34.17703,-76.87846,578.6893,1,1,0
455,2019/11/22 15:42:30.826,34.43559,-77.0783,576.7713,1,1,0
456,2019/11/22 15:42:30.844,34.43559,-77.0783,576.7713,1,1,0
457,2019/11/22 15:42:30.862,34.28588,-78.35169,574.3824,1,1,0
458,2019/11/22 15:42:30.886,33.52374,-80.66556,571.3377,1,1,0
459,2019/11/22 15:42:30.902,33.52374,-80.66556,571.3377,1,1,0
460,2019/11/22 15:42:30.919,32.30152,-83.54369,568.2863,1,1,0
461,2019/11/22 15:42:30.936,32.30152,-83.54369,568.2863,1,1,0
462,2019/11/22 15:42:30.959,31.05375,-86.34738,565.4595,1,1,0
463,2019/11/22 15:42:30.977,31.05375,-86.34738,565.4595,1,1,0
464,2019/11/22 15:42:31.6,30.07881,-88.5811,563.6954,1,1,0
465,2019/11/22 15:42:31.24,29.41462,-90.24927,562.9746,1,1,0
466,2019/11/22 15:42:31.44,28.87862,-91.53181,562.4114,1,1,0
467,2019/11/22 15:42:31.60,28.87862,-91.53181,562.4114,1,1,0
468,2019/11/22 15:42:31.82,28.4236,-92.57941,561.8021,1,1,0
469,2019/11/22 15:42:31.100,28.4236,-92.57941,561.8021,1,1,0
470,2019/11/22 15:42:31.119,28.17637,-93.57067,561.1723,1,1,0
471,2019/11/22 15:42:31.173,28.10987,-94.48846,560.3866,1,1,0
472,2019/11/22 15:42:31.206,28.15005,-95.52383,559.9123,1,1,0
473,2019/11/22 15:42:31.223,28.2201,-96.63306,559.2133,1,1,0
474,2019/11/22 15:42:31.240,28.2201,-96.63306,559.2133,1,1,0
475,2019/11/22 15:42:31.260,28.15032,-97.69386,558.1797,1,1,0
476,2019/11/22 15:42:31.277,28.15032,-97.69386,558.1797,1,1,0
477,2019/11/22 15:42:31.304,27.97082,-98.71612,557.2988,1,1,0
478,2019/11/22 15:42:31.326,27.82479,-99.64955,556.7297,1,1,0
479,2019/11/22 15:42:31.343,27.82479,-99.64955,556.7297,1,1,0
480,2019/11/22 15:42:31.361,27.65978,-100.4051,556.3307,1,1,0
481,2019/11/22 15:42:31.386,27.51113,-100.9411,556.2235,1,1,0
482,2019/11/22 15:42:31.404,27.51113,-100.9411,556.2235,1,1,0
483,2019/11/22 15:42:31.424,27.41413,-101.3861,556.1239,1,1,0
484,2019/11/22 15:42:31.445,27.35122,-101.7298,555.8253,1,1,0
485,2019/11/22 15:42:31.462,27.35122,-101.7298,555.8253,1,1,0
486,2019/11/22 15:42:31.486,27.34588,-102.0247,555.6916,1,1,0
487,2019/11/22 15:42:31.505,27.43101,-102.2867,555.4754,1,1,0
488,2019/11/22 15:42:31.522,27.43101,-102.2867,555.4754,1,1,0
489,2019/11/22 15:42:31.539,27.48182,-102.4973,554.955,1,1,0
490,2019/11/22 15:42:31.556,27.48182,-102.4973,554.955,1,1,0
491,2019/11/22 15:42:31.580,27.55188,-102.7533,554.9565,1,1,0
492,2019/11/22 15:42:31.597,27.55188,-102.7533,554.9565,1,1,0
493,2019/11/22 15:42:31.623,27.64511,-102.9372,555.0922,1,1,0
494,2019/11/22 15:42:31.640,27.64511,-102.9372,555.0922,1,1,0
495,2019/11/22 15:42:31.658,27.70999,-102.9945,555.118,1,1,0
496,2019/11/22 15:42:31.675,27.70999,-102.9945,555.118,1,1,0
497,2019/11/22 15:42:31.699,27.76787,-103.0417,555.2341,1,1,0
498,2019/11/22 15:42:31.715,27.76404,-103.1194,555.2364,1,1,0
499,2019/11/22 15:42:31.733,27.76404,-103.1194,555.2364,1,1,0
500,2019/11/22 15:42:31.750,27.67896,-103.1613,555.0814,1,1,0
501,2019/11/22 15:42:31.767,27.67896,-103.1613,555.0814,1,1,0
502,2019/11/22 15:42:31.793,27.59159,-103.1609,555.1747,1,1,0
503,2019/11/22 15:42:31.812,27.51403,-103.098,555.1591,1,1,0
504,2019/11/22 15:42:31.830,27.51403,-103.098,555.1591,1,1,0
505,2019/11/22 15:42:31.846,27.45589,-103.0738,555.204,1,1,0
506,2019/11/22 15:42:31.862,27.45589,-103.0738,555.204,1,1,0
507,2019/11/22 15:42:31.886,27.40252,-103.0984,555.3924,1,1,0
508,2019/11/22 15:42:31.904,27.36624,-103.1347,555.5945,1,1,0
509,2019/11/22 15:42:31.922,27.36624,-103.1347,555.5945,1,1,0
510,2019/11/22 15:42:31.938,27.36624,-103.1347,555.5945,1,1,0
511,2019/11/22 15:42:31.956,27.34106,-103.1718,555.5603,1,1,0
512,2019/11/22 15:42:31.982,27.28837,-103.2634,555.3455,1,1,0
513,2019/11/22 15:42:31.999,27.28837,-103.2634,555.3455,1,1,0
514,2019/11/22 15:42:32.25,27.20961,-103.4331,555.1018,1,1,0
515,2019/11/22 15:42:32.47,27.12577,-103.6205,554.8262,1,1,0
516,2019/11/22 15:42:32.64,27.12577,-103.6205,554.8262,1,1,0
517,2019/11/22 15:42:32.80,27.12577,-103.6205,554.8262,1,1,0
518,2019/11/22 15:42:32.108,27.04371,-103.8413,554.6812,1,1,0
519,2019/11/22 15:42:32.125,26.97464,-104.0448,554.4821,1,1,0
520,2019/11/22 15:42:32.142,26.92274,-104.2846,554.432,1,1,0
521,2019/11/22 15:42:32.159,26.92274,-104.2846,554.432,1,1,0
522,2019/11/22 15:42:32.175,26.92274,-104.2846,554.432,1,1,0
523,2019/11/22 15:42:32.201,26.8715,-104.5247,554.4203,1,1,0
524,2019/11/22 15:42:32.222,26.82158,-104.6966,554.3149,1,1,0
525,2019/11/22 15:42:32.242,26.82158,-104.6966,554.3149,1,1,0
526,2019/11/22 15:42:32.264,26.80022,-104.8125,554.35,1,1,0
527,2019/11/22 15:42:32.293,26.80838,-104.8512,554.4792,1,1,0
528,2019/11/22 15:42:32.312,26.83787,-104.7877,554.5319,1,1,0
529,2019/11/22 15:42:32.328,26.83787,-104.7877,554.5319,1,1,0
530,2019/11/22 15:42:32.348,26.89296,-104.7082,554.6053,1,1,0
531,2019/11/22 15:42:32.365,26.89296,-104.7082,554.6053,1,1,0
532,2019/11/22 15:42:32.390,26.96169,-104.6605,554.5679,1,1,0
533,2019/11/22 15:42:32.413,27.02366,-104.6701,554.6155,1,1,0
534,2019/11/22 15:42:32.429,27.02366,-104.6701,554.6155,1,1,0
535,2019/11/22 15:42:32.453,27.06431,-104.6563,554.5493,1,1,0
536,2019/11/22 15:42:32.481,27.0824,-104.6276,554.5328,1,1,0
537,2019/11/22 15:42:32.500,27.08479,-104.5686,554.5337,1,1,0
538,2019/11/22 15:42:32.517,27.08479,-104.5686,554.5337,1,1,0
539,2019/11/22 15:42:32.533,27.08479,-104.5686,554.5337,1,1,0
540,2019/11/22 15:42:32.553,27.08109,-104.4842,554.5292,1,1,0
541,2019/11/22 15:42:32.571,27.08109,-104.4842,554.5292,1,1,0
542,2019/11/22 15:42:32.599,27.09235,-104.3995,554.6202,1,1,0
543,2019/11/22 15:42:32.615,27.11944,-104.2945,554.7128,1,1,0
544,2019/11/22 15:42:32.632,27.11944,-104.2945,554.7128,1,1,0
545,2019/11/22 15:42:32.651,27.1762,-104.212,554.8848,1,1,0
546,2019/11/22 15:42:32.668,27.1762,-104.212,554.8848,1,1,0
547,2019/11/22 15:42:32.692,27.23632,-104.157,555.0118,1,1,0
548,2019/11/22 15:42:32.711,27.27645,-104.1404,555.046,1,1,0
549,2019/11/22 15:42:32.728,27.27645,-104.1404,555.046,1,1,0
550,2019/11/22 15:42:32.748,27.2846,-104.1463,554.9009,1,1,0
551,2019/11/22 15:42:32.765,27.2846,-104.1463,554.9009,1,1,0
552,2019/11/22 15:42:32.786,27.26469,-104.2405,554.6012,1,1,0
553,2019/11/22 15:42:32.805,27.17333,-104.5439,554.5011,1,1,0
554,2019/11/22 15:42:32.822,27.17333,-104.5439,554.5011,1,1,0
555,2019/11/22 15:42:32.839,26.99455,-104.7836,554.3337,1,1,0
556,2019/11/22 15:42:32.856,26.99455,-104.7836,554.3337,1,1,0
557,2019/11/22 15:42:32.886,26.81778,-104.9351,554.3541,1,1,0
558,2019/11/22 15:42:32.909,26.71894,-104.9703,554.4366,1,1,0
559,2019/11/22 15:42:32.925,26.71894,-104.9703,554.4366,1,1,0
560,2019/11/22 15:42:32.942,26.70644,-104.9261,554.4116,1,1,0
561,2019/11/22 15:42:32.960,26.70644,-104.9261,554.4116,1,1,0
562,2019/11/22 15:42:32.976,26.70644,-104.9261,554.4116,1,1,0
563,2019/11/22 15:42:33.2,26.74609,-104.9063,554.4919,1,1,0
564,2019/11/22 15:42:33.22,26.78514,-104.9097,554.3988,1,1,0
565,2019/11/22 15:42:33.40,26.78514,-104.9097,554.3988,1,1,0
566,2019/11/22 15:42:33.59,26.78893,-104.9822,554.3778,1,1,0
567,2019/11/22 15:42:33.92,26.73169,-105.0786,554.3582,1,1,0
568,2019/11/22 15:42:33.109,26.73169,-105.0786,554.3582,1,1,0
569,2019/11/22 15:42:33.127,26.64165,-105.1782,554.3593,1,1,0
570,2019/11/22 15:42:33.145,26.55891,-105.2474,554.2482,1,1,0
571,2019/11/22 15:42:33.161,26.55891,-105.2474,554.2482,1,1,0
572,2019/11/22 15:42:33.184,26.4937,-105.3761,554.3813,1,1,0
573,2019/11/22 15:42:33.203,26.44069,-105.4869,554.3483,1,1,0
574,2019/11/22 15:42:33.219,26.44069,-105.4869,554.3483,1,1,0
575,2019/11/22 15:42:33.239,26.38678,-105.5749,554.1542,1,1,0
576,2019/11/22 15:42:33.256,26.38678,-105.5749,554.1542,1,1,0
577,2019/11/22 15:42:33.279,26.35653,-105.6586,554.0352,1,1,0
578,2019/11/22 15:42:33.301,26.35017,-105.7202,554.0313,1,1,0
579,2019/11/22 15:42:33.317,26.35017,-105.7202,554.0313,1,1,0
580,2019/11/22 15:42:33.333,26.35366,-105.7727,554.1317,1,1,0
581,2019/11/22 15:42:33.350,26.35366,-105.7727,554.1317,1,1,0
582,2019/11/22 15:42:33.375,26.34605,-105.7726,554.0997,1,1,0
583,2019/11/22 15:42:33.396,26.33715,-105.7648,554.0527,1,1,0
584,2019/11/22 15:42:33.413,26.33715,-105.7648,554.0527,1,1,0
585,2019/11/22 15:42:33.429,26.33715,-105.7648,554.0527,1,1,0
586,2019/11/22 15:42:33.447,26.35048,-105.7624,554.0361,1,1,0
587,2019/11/22 15:42:33.464,26.35048,-105.7624,554.0361,1,1,0
588,2019/11/22 15:42:33.488,26.38038,-105.7419,553.9803,1,1,0
589,2019/11/22 15:42:33.511,26.41183,-105.7452,554.0652,1,1,0
590,2019/11/22 15:42:33.528,26.41183,-105.7452,554.0652,1,1,0
591,2019/11/22 15:42:33.545,26.43328,-105.7297,554.0677,1,1,0
592,2019/11/22 15:42:33.562,26.43328,-105.7297,554.0677,1,1,0
593,2019/11/22 15:42:33.588,26.45662,-105.7174,554.0912,1,1,0
594,2019/11/22 15:42:33.607,26.4617,-105.6859,554.0142,1,1,0
595,2019/11/22 15:42:33.624,26.4617,-105.6859,554.0142,1,1,0
596,2019/11/22 15:42:33.649,26.45656,-105.6649,553.9933,1,1,0
597,2019/11/22 15:42:33.674,26.43314,-105.6316,554.0241,1,1,0
598,2019/11/22 15:42:33.690,26.43314,-105.6316,554.0241,1,1,0
599,2019/11/22 15:42:33.708,26.39464,-105.497,554.3337,1,1,0
600,2019/11/22 15:42:33.731,26.39464,-105.497,554.3337,1,1,0
601,2019/11/22 15:42:33.753,26.42752,-104.7797,555.5838,1,1,0
602,2019/11/22 15:42:33.779,26.52942,-102.5148,558.1279,1,1,0
603,2019/11/22 15:42:33.797,26.71139,-98.88447,560.6447,1,1,0
604,2019/11/22 15:42:33.814,26.71139,-98.88447,560.6447,1,1,0
605,2019/11/22 15:42:33.831,27.42671,-94.6681,562.5128,1,1,0
606,2019/11/22 15:42:33.848,27.42671,-94.6681,562.5128,1,1,0
607,2019/11/22 15:42:33.865,27.42671,-94.6681,562.5128,1,1,0
608,2019/11/22 15:42:33.891,28.59659,-90.63097,564.6438,1,1,0
609,2019/11/22 15:42:33.912,29.89361,-86.24086,567.0962,1,1,0
610,2019/11/22 15:42:33.929,29.89361,-86.24086,567.0962,1,1,-1
611,2019/11/22 15:42:33.947,31.47878,-81.54386,569.9868,1,1,-1
612,2019/11/22 15:42:33.964,31.47878,-81.54386,569.9868,1,1,-1
613,2019/11/22 15:42:33.988,33.34611,-76.31729,572.0816,1,1,-1
614,2019/11/22 15:42:34.5,35.49599,-70.39771,574.0148,1,1,-1
615,2019/11/22 15:42:34.23,35.49599,-70.39771,574.0148,1,1,-1
616,2019/11/22 15:42:34.43,37.46742,-64.07027,575.0566,1,1,-1
617,2019/11/22 15:42:34.60,37.46742,-64.07027,575.0566,1,1,-1
618,2019/11/22 15:42:34.87,39.56629,-57.48024,577.7809,1,1,-1
619,2019/11/22 15:42:34.105,41.76841,-50.71387,579.4575,1,0,0
620,2019/11/22 15:42:34.137,41.76841,-50.71387,579.4575,1,0,0
621,2019/11/22 15:42:34.160,44.36403,-44.02016,581.1738,1,0,0
622,2019/11/22 15:42:34.187,47.17316,-37.38762,583.0827,1,0,0
623,2019/11/22 15:42:34.207,50.01437,-30.88502,584.2953,1,0,0
624,2019/11/22 15:42:34.224,50.01437,-30.88502,584.2953,1,0,0
625,2019/11/22 15:42:34.240,52.62557,-24.86967,585.056,1,0,0
626,2019/11/22 15:42:34.263,54.89553,-19.56818,585.781,1,0,0
627,2019/11/22 15:42:34.280,54.89553,-19.56818,585.781,1,0,0
628,2019/11/22 15:42:34.296,56.93344,-15.19111,586.8019,1,0,0
629,2019/11/22 15:42:34.314,56.93344,-15.19111,586.8019,1,0,0
630,2019/11/22 15:42:34.330,56.93344,-15.19111,586.8019,1,0,0
631,2019/11/22 15:42:34.348,59.23489,-10.86613,587.8488,1,0,0
632,2019/11/22 15:42:34.365,59.23489,-10.86613,587.8488,1,0,0
633,2019/11/22 15:42:34.389,61.8365,-6.681551,589.2845,1,0,0
634,2019/11/22 15:42:34.409,64.66429,-2.511467,590.0923,1,0,-1
635,2019/11/22 15:42:34.425,64.66429,-2.511467,590.0923,1,0,-1
636,2019/11/22 15:42:34.442,67.8707,1.881543,591.6813,1,0,-1
637,2019/11/22 15:42:34.459,67.8707,1.881543,591.6813,1,0,-1
638,2019/11/22 15:42:34.484,71.27821,6.643648,592.2401,1,0,0
639,2019/11/22 15:42:34.502,74.75682,11.52309,591.6665,1,0,0
640,2019/11/22 15:42:34.522,74.75682,11.52309,591.6665,1,0,0
641,2019/11/22 15:42:34.542,78.08728,16.41639,590.5499,1,0,0
642,2019/11/22 15:42:34.559,78.08728,16.41639,590.5499,1,0,0
643,2019/11/22 15:42:34.588,81.28758,21.21117,589.666,1,0,0
644,2019/11/22 15:42:34.608,85.01473,26.37617,588.2446,1,0,0
count,dateTime,waistX,waistY,waistZ,expStatus,LimitStatus,overStatus
