count,dateTime,waistX,waistY,waistZ,expStatus,LimitStatus
0,2019/11/19 17:44:24.152,87.77151,-109.6031,608.1296,1,0
1,2019/11/19 17:44:24.187,86.37297,-100.12,609.8854,1,0
2,2019/11/19 17:44:24.214,85.52335,-89.23389,612.1771,1,0
3,2019/11/19 17:44:24.243,85.2518,-78.97882,613.7665,1,0
4,2019/11/19 17:44:24.288,85.64584,-74.05419,614.3438,1,0
5,2019/11/19 17:44:24.323,86.44948,-69.68305,613.5042,1,0
6,2019/11/19 17:44:24.361,87.79572,-66.4918,612.8847,1,0
7,2019/11/19 17:44:24.412,89.57032,-63.90416,612.5589,1,0
8,2019/11/19 17:44:24.445,91.53675,-61.43976,612.0034,1,0
9,2019/11/19 17:44:24.483,95.85882,-55.71478,613.7297,1,0
10,2019/11/19 17:44:24.530,98.4295,-52.01138,615.1102,1,0
11,2019/11/19 17:44:24.564,100.4632,-48.15776,615.9022,1,0
12,2019/11/19 17:44:24.605,102.2215,-44.29508,616.4672,1,0
13,2019/11/19 17:44:24.629,102.2215,-44.29508,616.4672,1,0
14,2019/11/19 17:44:24.678,106.1403,-35.2016,620.6518,1,0
15,2019/11/19 17:44:24.709,106.7518,-29.67495,621.1812,1,0
16,2019/11/19 17:44:24.742,105.859,-18.63879,621.1075,1,0
17,2019/11/19 17:44:24.784,105.1086,-14.92664,620.0687,1,0
18,2019/11/19 17:44:24.825,105.1742,-11.67282,621.1706,1,0
19,2019/11/19 17:44:24.856,105.4105,-8.882688,621.2003,1,0
20,2019/11/19 17:44:24.902,105.3545,-6.952794,621.5546,1,0
21,2019/11/19 17:44:24.943,105.4018,-4.993213,622.1448,1,0
22,2019/11/19 17:44:24.975,105.6862,-3.467304,621.4326,1,0
23,2019/11/19 17:44:25.17,105.7799,-3.824412,621.2555,1,0
24,2019/11/19 17:44:25.57,106.1195,-4.830024,622.0192,1,0
25,2019/11/19 17:44:25.87,106.6411,-5.237811,622.4957,1,0
26,2019/11/19 17:44:25.130,106.8323,-6.045013,622.4386,1,0
27,2019/11/19 17:44:25.161,107.0489,-6.1176,623.4341,1,0
28,2019/11/19 17:44:25.193,106.7991,-6.171547,623.8954,1,0
29,2019/11/19 17:44:25.238,106.6961,-5.661665,624.2094,1,0
30,2019/11/19 17:44:25.277,106.6331,-5.596158,624.3607,1,0
31,2019/11/19 17:44:25.307,106.6958,-5.26392,625.2401,1,0
32,2019/11/19 17:44:25.352,106.3395,-4.93049,624.7336,1,0
33,2019/11/19 17:44:25.381,106.0707,-5.135149,625.1407,1,0
34,2019/11/19 17:44:25.413,105.9505,-5.204461,625.5452,1,0
35,2019/11/19 17:44:25.455,105.793,-5.629233,625.118,1,0
36,2019/11/19 17:44:25.496,105.7855,-6.049044,625.6196,1,0
37,2019/11/19 17:44:25.544,105.7619,-6.085471,626.0433,1,0
38,2019/11/19 17:44:25.588,105.682,-6.25377,626.2703,1,0
39,2019/11/19 17:44:25.619,105.7636,-6.510535,626.8425,1,0
40,2019/11/19 17:44:25.650,105.7843,-6.712712,627.0792,1,0
41,2019/11/19 17:44:25.680,105.7843,-6.712712,627.0792,1,0
42,2019/11/19 17:44:25.737,105.8049,-6.51071,627.3623,1,0
43,2019/11/19 17:44:25.772,105.702,-6.346719,627.4514,1,0
44,2019/11/19 17:44:25.802,105.6669,-5.973851,627.657,1,0
45,2019/11/19 17:44:25.847,105.5464,-5.866,627.705,1,0
46,2019/11/19 17:44:25.877,105.4364,-5.900747,627.5901,1,0
47,2019/11/19 17:44:25.909,105.418,-6.072675,628.0264,1,0
48,2019/11/19 17:44:25.965,105.4071,-5.585116,628.6965,1,0
49,2019/11/19 17:44:25.999,105.1584,-4.946602,629.0224,1,0
50,2019/11/19 17:44:26.29,104.4433,-3.004832,630.0701,1,0
51,2019/11/19 17:44:26.77,104.0066,-2.082333,630.164,1,0
52,2019/11/19 17:44:26.108,103.6114,-1.56827,630.436,1,0
53,2019/11/19 17:44:26.142,103.4298,-0.953677,630.5549,1,0
54,2019/11/19 17:44:26.191,103.2043,-0.6314498,630.7212,1,0
55,2019/11/19 17:44:26.227,102.6873,-0.3130693,630.7773,1,0
56,2019/11/19 17:44:26.262,102.2504,-0.06783982,630.4783,1,0
57,2019/11/19 17:44:26.308,101.9661,-0.0822206,630.1981,1,0
58,2019/11/19 17:44:26.340,101.8492,0.2795013,630.5129,1,0
59,2019/11/19 17:44:26.376,101.7142,0.5953884,630.8494,1,0
60,2019/11/19 17:44:26.426,101.7354,1.510836,631.2281,1,0
61,2019/11/19 17:44:26.462,101.6796,2.665914,631.9366,1,0
62,2019/11/19 17:44:26.494,101.1335,4.772923,632.778,1,0
63,2019/11/19 17:44:26.541,100.711,5.922328,633.4427,1,0
64,2019/11/19 17:44:26.575,100.1685,7.489362,634.1354,1,0
65,2019/11/19 17:44:26.612,99.46498,9.124868,634.331,1,0
66,2019/11/19 17:44:26.665,98.68006,10.95375,635.0297,1,0
67,2019/11/19 17:44:26.701,98.00829,13.06578,635.1132,1,0
68,2019/11/19 17:44:26.738,97.48764,14.59744,635.025,1,0
69,2019/11/19 17:44:26.791,96.73358,16.38116,634.8288,1,0
70,2019/11/19 17:44:26.827,96.71577,16.17547,634.0054,1,0
71,2019/11/19 17:44:26.869,97.03985,14.12462,633.5231,1,0
72,2019/11/19 17:44:26.920,97.43098,12.85804,633.7581,1,0
73,2019/11/19 17:44:26.961,97.47113,12.28433,634.0047,1,0
74,2019/11/19 17:44:26.995,96.51416,12.35358,635.1899,1,0
75,2019/11/19 17:44:27.42,95.92084,13.72639,635.9354,1,0
76,2019/11/19 17:44:27.85,95.27229,14.97201,636.3224,1,0
77,2019/11/19 17:44:27.122,94.71117,16.04281,636.4218,1,0
78,2019/11/19 17:44:27.168,94.63889,17.46623,637.1774,1,0
79,2019/11/19 17:44:27.205,94.39118,18.5113,637.2955,1,0
80,2019/11/19 17:44:27.242,93.7977,20.60837,637.3192,1,0
81,2019/11/19 17:44:27.293,93.53809,20.56994,636.3289,1,0
82,2019/11/19 17:44:27.333,93.73066,19.55155,635.6159,1,0
83,2019/11/19 17:44:27.373,94.51365,16.2163,634.7121,1,0
84,2019/11/19 17:44:27.418,94.38069,14.77728,634.8553,1,0
85,2019/11/19 17:44:27.452,93.84062,13.21649,634.3811,1,0
86,2019/11/19 17:44:27.478,93.84062,13.21649,634.3811,1,0
87,2019/11/19 17:44:27.513,92.47684,9.126623,632.9559,1,0
88,2019/11/19 17:44:27.566,91.95516,6.284535,632.1475,1,0
89,2019/11/19 17:44:36.924,109.9593,21.78578,638.2357,1,0
90,2019/11/19 17:44:36.951,109.9522,22.13254,637.6566,1,0
91,2019/11/19 17:44:37.3,110.041,22.42061,637.2097,1,0
92,2019/11/19 17:44:37.42,110.3031,22.68608,637.3403,1,0
93,2019/11/19 17:44:37.74,110.4356,23.00255,636.8752,1,0
94,2019/11/19 17:44:37.174,110.4655,22.99472,636.4443,1,0
95,2019/11/19 17:44:37.213,110.5266,22.53711,635.7938,1,0
96,2019/11/19 17:44:37.246,110.7769,21.92516,636.0197,1,0
97,2019/11/19 17:44:37.295,111.1311,20.93208,635.9539,1,0
98,2019/11/19 17:44:37.340,111.4929,20.33088,636.0384,1,0
99,2019/11/19 17:44:37.377,111.8016,19.89981,636.249,1,0
100,2019/11/19 17:44:37.421,111.9423,19.56327,636.907,1,0
101,2019/11/19 17:44:37.456,111.9325,19.5713,637.1017,1,0
102,2019/11/19 17:44:37.487,111.8326,19.35005,636.7766,1,0
103,2019/11/19 17:44:37.538,111.7994,19.24907,636.4193,1,0
104,2019/11/19 17:44:37.578,111.8532,19.14977,636.499,1,0
105,2019/11/19 17:44:37.613,111.7664,19.21702,636.4142,1,0
106,2019/11/19 17:44:37.658,111.6605,19.07648,636.3023,1,0
107,2019/11/19 17:44:37.695,111.7948,18.88679,636.8893,1,0
108,2019/11/19 17:44:37.727,111.9029,18.89035,636.9055,1,0
109,2019/11/19 17:44:37.775,111.8824,18.90414,636.9623,1,0
110,2019/11/19 17:44:37.814,111.7714,19.18656,636.7973,1,0
111,2019/11/19 17:44:37.849,111.7177,19.62111,636.9919,1,0
112,2019/11/19 17:44:37.893,111.5451,19.87997,636.8212,1,0
113,2019/11/19 17:44:37.928,111.5693,20.86375,637.1677,1,0
114,2019/11/19 17:44:37.964,111.4221,21.39432,637.1378,1,0
115,2019/11/19 17:44:38.19,111.3813,21.82042,637.5813,1,0
116,2019/11/19 17:44:38.64,111.3992,21.99481,637.8333,1,0
117,2019/11/19 17:44:38.98,111.4471,22.75527,638.2227,1,0
118,2019/11/19 17:44:38.151,111.3365,23.02906,638.1116,1,0
119,2019/11/19 17:44:38.193,111.3653,23.50326,638.0336,1,0
120,2019/11/19 17:44:38.226,111.3259,23.58788,637.9833,1,0
121,2019/11/19 17:44:38.291,111.2715,23.75913,637.9503,1,0
122,2019/11/19 17:44:38.338,111.2113,23.84572,637.563,1,0
123,2019/11/19 17:44:38.384,111.3122,22.81385,636.9163,1,0
124,2019/11/19 17:44:38.451,111.5534,22.31188,636.8262,1,0
125,2019/11/19 17:44:38.514,111.6621,22.83812,637.5103,1,0
126,2019/11/19 17:44:38.567,111.3375,23.69946,637.4775,1,0
127,2019/11/19 17:44:38.638,111.3515,24.11912,637.7027,1,0
128,2019/11/19 17:44:38.694,111.2107,25.41822,638.4092,1,0
129,2019/11/19 17:44:38.763,110.5947,26.87856,637.9478,1,0
130,2019/11/19 17:44:38.832,111.0712,26.43592,637.8795,1,0
131,2019/11/19 17:44:38.886,111.4633,26.01314,638.1868,1,0
132,2019/11/19 17:44:38.942,111.5063,25.62007,638.4744,1,0
133,2019/11/19 17:44:39.20,111.6068,25.16079,638.4938,1,0
134,2019/11/19 17:44:39.73,111.5045,25.21932,638.7409,1,0
135,2019/11/19 17:44:39.122,110.5842,25.98498,638.7213,1,0
136,2019/11/19 17:44:39.187,110.27,26.46269,638.5613,1,0
137,2019/11/19 17:44:39.257,109.8068,27.49406,638.5914,1,0
138,2019/11/19 17:44:39.310,109.5084,27.83729,638.3296,1,0
139,2019/11/19 17:44:39.372,109.505,27.75339,637.929,1,0
140,2019/11/19 17:44:39.420,109.6084,27.72346,637.5121,1,0
141,2019/11/19 17:44:39.478,110.1623,27.32881,637.4066,1,0
142,2019/11/19 17:44:39.546,110.637,27.35347,637.5216,1,0
143,2019/11/19 17:44:39.595,110.8288,28.03616,637.9028,1,0
144,2019/11/19 17:44:39.639,110.7741,28.45547,637.9677,1,0
145,2019/11/19 17:44:39.722,110.595,28.13748,637.9726,1,0
146,2019/11/19 17:44:39.779,110.4398,28.05292,638.9956,1,0
147,2019/11/19 17:44:39.831,110.2822,28.58389,639.5729,1,0
148,2019/11/19 17:44:39.903,109.8219,29.49322,639.3489,1,0
149,2019/11/19 17:44:39.965,109.6508,29.78837,639.5254,1,0
150,2019/11/19 17:44:40.17,109.4634,29.76225,638.5669,1,0
151,2019/11/19 17:44:40.92,109.5463,29.50754,637.9504,1,0
152,2019/11/19 17:44:40.144,109.7705,28.6347,637.597,1,0
153,2019/11/19 17:44:40.216,110.2735,27.74773,637.5132,1,0
154,2019/11/19 17:44:40.286,110.4045,27.41355,637.7372,1,0
155,2019/11/19 17:44:40.334,110.345,27.35044,637.6166,1,0
156,2019/11/19 17:44:40.378,110.1646,27.9094,638.0565,1,0
157,2019/11/19 17:44:40.454,110.19,28.59572,638.3623,1,0
158,2019/11/19 17:44:40.506,109.9202,28.73222,638.1853,1,0
159,2019/11/19 17:44:40.567,109.7334,29.07718,638.092,1,0
160,2019/11/19 17:44:40.638,109.516,29.06972,637.0977,1,0
161,2019/11/19 17:44:40.705,109.6111,28.75923,636.8536,1,0
162,2019/11/19 17:44:40.771,110.0955,27.70345,635.9985,1,0
163,2019/11/19 17:44:40.840,110.4524,27.09842,635.8011,1,0
164,2019/11/19 17:44:40.905,110.8236,26.03421,636.1959,1,0
165,2019/11/19 17:44:40.956,110.8127,25.57251,636.6816,1,0
166,2019/11/19 17:44:41.19,110.6469,25.78045,636.7087,1,0
167,2019/11/19 17:44:41.78,110.1085,26.06718,636.6188,1,0
168,2019/11/19 17:44:41.147,109.932,25.80551,636.728,1,0
169,2019/11/19 17:44:41.219,109.9247,25.53544,636.9367,1,0
170,2019/11/19 17:44:41.269,110.0619,24.51807,636.8692,1,0
171,2019/11/19 17:44:41.317,110.3804,24.07725,637.3993,1,0
172,2019/11/19 17:44:41.388,110.3519,24.35335,637.3481,1,0
173,2019/11/19 17:44:41.436,110.2368,24.27297,637.1323,1,0
174,2019/11/19 17:44:41.479,110.2585,24.37004,636.9622,1,0
175,2019/11/19 17:44:41.547,110.0051,24.14097,636.7976,1,0
176,2019/11/19 17:44:41.608,109.8592,24.04439,636.5825,1,0
177,2019/11/19 17:44:41.659,109.8073,24.42475,636.6718,1,0
178,2019/11/19 17:44:41.720,109.548,24.95534,636.2225,1,0
179,2019/11/19 17:44:41.767,109.7378,25.04387,636.1777,1,0
180,2019/11/19 17:44:41.810,109.7378,25.04387,636.1777,1,0
181,2019/11/19 17:44:41.859,110.2606,24.2023,636.2571,1,0
182,2019/11/19 17:44:41.918,110.3504,23.60879,635.4921,1,0
183,2019/11/19 17:44:41.966,111.1988,22.33099,636.0455,1,0
184,2019/11/19 17:44:42.9,111.5505,22.15177,636.6112,1,0
185,2019/11/19 17:44:42.90,111.1669,22.45824,636.0824,1,0
186,2019/11/19 17:44:42.145,111.324,22.27513,636.2566,1,0
187,2019/11/19 17:44:42.195,111.3068,21.98113,635.8627,1,0
188,2019/11/19 17:44:42.267,111.3546,22.56098,635.8918,1,0
189,2019/11/19 17:44:42.329,111.2287,22.77831,635.4245,1,0
190,2019/11/19 17:44:42.382,111.3144,22.72701,634.9471,1,0
191,2019/11/19 17:44:42.448,111.7109,22.64586,634.9764,1,0
192,2019/11/19 17:44:42.504,111.8239,22.71808,634.8719,1,0
193,2019/11/19 17:44:42.566,111.575,22.93818,634.3867,1,0
194,2019/11/19 17:44:42.648,111.5895,22.75738,634.1042,1,0
195,2019/11/19 17:44:42.706,111.3441,22.81644,633.996,1,0
196,2019/11/19 17:44:42.771,111.1757,22.72472,633.9202,1,0
197,2019/11/19 17:44:42.845,111.1283,22.80634,634.3685,1,0
198,2019/11/19 17:44:42.895,111.1441,22.9933,635.2758,1,0
199,2019/11/19 17:44:42.945,110.8549,24.11786,636.2968,1,0
200,2019/11/19 17:44:43.24,110.1373,25.64217,636.2128,1,0
201,2019/11/19 17:44:43.78,109.9108,26.03765,636.1964,1,0
202,2019/11/19 17:44:43.130,110.0313,26.16604,636.2292,1,0
203,2019/11/19 17:44:43.197,109.7139,26.84108,636.4953,1,0
204,2019/11/19 17:44:43.264,109.5254,27.19944,636.5818,1,0
205,2019/11/19 17:44:43.314,108.9609,28.44185,636.9081,1,0
206,2019/11/19 17:44:43.395,108.8976,28.9642,637.2665,1,0
207,2019/11/19 17:44:43.448,108.4634,28.87115,636.441,1,0
208,2019/11/19 17:44:43.514,108.7065,27.37545,636.0661,1,0
209,2019/11/19 17:44:43.589,108.6926,27.41556,635.7032,1,0
210,2019/11/19 17:44:43.650,108.8765,27.43455,635.5122,1,0
211,2019/11/19 17:44:43.715,109.2015,27.81784,635.2191,1,0
212,2019/11/19 17:44:43.786,109.041,27.3142,633.7773,1,0
213,2019/11/19 17:44:43.842,109.0581,26.0012,632.7505,1,0
214,2019/11/19 17:44:43.898,109.3714,25.55375,633.4037,1,0
215,2019/11/19 17:44:43.981,109.8902,25.62327,634.064,1,0
216,2019/11/19 17:44:44.31,109.9489,25.33786,633.5084,1,0
217,2019/11/19 17:44:44.82,110.3407,25.30443,633.5092,1,0
218,2019/11/19 17:44:44.161,109.9973,25.85175,633.2303,1,0
219,2019/11/19 17:44:44.232,109.8413,26.02831,633.0203,1,0
220,2019/11/19 17:44:44.285,109.8769,26.08386,633.1354,1,0
221,2019/11/19 17:44:44.360,110.041,25.84049,633.3318,1,0
222,2019/11/19 17:44:44.416,110.088,25.1268,633.4613,1,0
223,2019/11/19 17:44:44.478,109.7452,24.94039,633.5875,1,0
224,2019/11/19 17:44:44.543,109.4736,24.92604,633.302,1,0
225,2019/11/19 17:44:44.595,109.3193,24.93098,633.0475,1,0
226,2019/11/19 17:44:44.646,109.1885,24.93576,632.4666,1,0
227,2019/11/19 17:44:44.721,109.2579,24.92721,632.3558,1,0
228,2019/11/19 17:44:44.769,109.3421,24.74981,632.4175,1,0
229,2019/11/19 17:44:44.816,109.6315,24.2041,631.8571,1,0
230,2019/11/19 17:44:44.885,109.6435,24.06928,631.8867,1,0
231,2019/11/19 17:44:44.946,109.6978,23.67262,632.4838,1,0
232,2019/11/19 17:44:44.996,109.761,23.50718,632.6836,1,0
233,2019/11/19 17:44:45.61,109.6915,23.15317,632.49,1,0
234,2019/11/19 17:44:45.113,109.8167,22.92593,632.321,1,0
235,2019/11/19 17:44:45.182,109.938,23.11832,632.472,1,0
236,2019/11/19 17:44:45.258,109.9393,23.19174,632.3866,1,0
237,2019/11/19 17:44:45.316,110.1481,23.66262,633.0208,1,0
238,2019/11/19 17:44:45.386,110.1221,22.77526,633.6176,1,0
239,2019/11/19 17:44:45.463,109.9104,22.841,634.4564,1,0
240,2019/11/19 17:44:45.520,109.5646,23.24209,634.313,1,0
241,2019/11/19 17:44:45.584,109.7762,24.17281,633.8408,1,0
242,2019/11/19 17:44:45.664,109.6747,25.45825,633.5208,1,0
243,2019/11/19 17:44:45.732,109.3597,25.38287,632.6969,1,0
244,2019/11/19 17:44:45.820,109.1307,24.39337,631.8937,1,0
245,2019/11/19 17:44:45.882,109.1594,23.7755,632.448,1,0
246,2019/11/19 17:44:45.928,109.0034,23.76551,633.5649,1,0
247,2019/11/19 17:44:45.967,109.0173,24.03922,634.3513,1,0
248,2019/11/19 17:44:46.39,108.9137,24.36862,634.4747,1,0
249,2019/11/19 17:44:46.84,108.6363,24.42417,634.2975,1,0
250,2019/11/19 17:44:46.127,108.492,24.22511,633.9102,1,0
251,2019/11/19 17:44:46.189,108.6389,24.34046,633.9722,1,0
252,2019/11/19 17:44:46.246,108.628,24.37596,633.6756,1,0
253,2019/11/19 17:44:46.294,108.9001,24.27807,633.9429,1,0
254,2019/11/19 17:44:46.350,108.7507,24.14008,633.7595,1,0
255,2019/11/19 17:44:46.394,108.3199,23.90765,633.5746,1,0
256,2019/11/19 17:44:46.457,108.1565,23.72444,633.8638,1,0
257,2019/11/19 17:44:46.521,108.0476,23.65232,633.6509,1,0
258,2019/11/19 17:44:46.569,107.8986,23.21335,633.0701,1,0
259,2019/11/19 17:44:46.616,107.8771,22.70684,633.1292,1,0
260,2019/11/19 17:44:46.699,108.0004,22.82797,633.474,1,0
261,2019/11/19 17:44:46.749,108.0341,23.43348,633.6467,1,0
262,2019/11/19 17:44:46.797,108.5238,23.96287,633.5634,1,0
263,2019/11/19 17:44:46.861,108.7518,24.18068,633.4819,1,0
264,2019/11/19 17:44:46.918,108.8384,24.05507,632.7128,1,0
265,2019/11/19 17:44:46.969,109.2228,24.34399,632.912,1,0
266,2019/11/19 17:44:47.43,109.6767,24.72673,633.3273,1,0
267,2019/11/19 17:44:47.94,109.921,25.37276,633.5049,1,0
268,2019/11/19 17:44:47.163,109.9165,25.99491,633.421,1,0
269,2019/11/19 17:44:47.242,109.9327,26.83801,634.1664,1,0
270,2019/11/19 17:44:47.296,109.7079,28.11426,634.8148,1,0
271,2019/11/19 17:44:47.364,108.6118,28.24768,634.0157,1,0
272,2019/11/19 17:44:47.441,108.98,27.82002,634.0865,1,0
273,2019/11/19 17:44:47.497,108.7772,27.86601,634.1445,1,0
274,2019/11/19 17:44:47.557,109.2292,28.38344,634.7816,1,0
275,2019/11/19 17:44:47.622,108.7859,29.03671,634.7007,1,0
276,2019/11/19 17:44:47.682,108.8628,29.03243,634.4736,1,0
277,2019/11/19 17:44:47.733,108.6671,29.5329,634.2343,1,0
278,2019/11/19 17:44:47.808,108.3981,28.95595,633.1807,1,0
279,2019/11/19 17:44:47.860,108.8592,28.42791,633.5565,1,0
280,2019/11/19 17:44:47.912,109.1797,28.33797,633.862,1,0
281,2019/11/19 17:44:47.991,109.1543,28.14635,634.2914,1,0
282,2019/11/19 17:44:48.56,109.3463,27.8919,634.6494,1,0
283,2019/11/19 17:44:48.109,109.5204,28.67121,636.0524,1,0
284,2019/11/19 17:44:48.186,108.9966,28.86603,635.5958,1,0
285,2019/11/19 17:44:48.243,108.4264,29.59659,635.3497,1,0
286,2019/11/19 17:44:48.314,107.5541,29.49046,634.6685,1,0
287,2019/11/19 17:44:48.397,107.3048,28.82781,634.5914,1,0
288,2019/11/19 17:44:48.451,107.2076,28.28325,634.5838,1,0
289,2019/11/19 17:44:48.520,107.5662,27.84328,634.2817,1,0
290,2019/11/19 17:44:48.591,108.0632,27.21218,634.6714,1,0
291,2019/11/19 17:44:48.653,108.0063,27.1793,634.4863,1,0
292,2019/11/19 17:44:48.737,107.715,26.79561,633.5696,1,0
293,2019/11/19 17:44:48.815,107.9642,25.77865,633.235,1,0
294,2019/11/19 17:44:48.869,108.2412,25.19251,633.7165,1,0
295,2019/11/19 17:44:48.934,108.3202,25.27656,634.3158,1,0
296,2019/11/19 17:44:49.11,108.252,25.99214,634.9629,1,0
297,2019/11/19 17:44:49.58,108.1166,26.44511,635.1877,1,0
298,2019/11/19 17:44:49.106,107.749,26.98936,635.6185,1,0
299,2019/11/19 17:44:49.191,107.4054,27.26683,634.9519,1,0
300,2019/11/19 17:44:49.247,107.733,28.01512,635.4332,1,0
301,2019/11/19 17:44:49.297,107.834,28.82487,635.6901,1,0
302,2019/11/19 17:44:49.368,107.7654,28.50852,635.4091,1,0
303,2019/11/19 17:44:49.438,107.7942,28.08314,635.3447,1,0
304,2019/11/19 17:44:49.492,107.6714,27.49517,635.0763,1,0
305,2019/11/19 17:44:49.565,107.8362,26.99118,635.3481,1,0
306,2019/11/19 17:44:49.617,107.6944,26.98446,635.4866,1,0
307,2019/11/19 17:44:49.689,107.7852,26.5427,634.744,1,0
308,2019/11/19 17:44:49.768,108.1527,26.40002,634.5919,1,0
309,2019/11/19 17:44:49.822,108.5648,26.36102,635.2545,1,0
310,2019/11/19 17:44:49.887,108.7604,25.37077,634.8692,1,0
311,2019/11/19 17:44:49.959,108.8963,25.09221,634.8067,1,0
312,2019/11/19 17:44:50.11,109.327,25.04835,635.3247,1,0
313,2019/11/19 17:44:50.60,109.5443,24.92314,635.3108,1,0
314,2019/11/19 17:44:50.136,109.8448,24.67867,634.9847,1,0
315,2019/11/19 17:44:50.185,110.2185,24.62209,635.7417,1,0
316,2019/11/19 17:44:50.242,110.0596,24.47009,635.8459,1,0
317,2019/11/19 17:44:50.311,109.9818,24.6884,635.8869,1,0
318,2019/11/19 17:44:50.371,109.7241,24.94996,635.9032,1,0
319,2019/11/19 17:44:50.425,109.444,25.29735,635.3314,1,0
320,2019/11/19 17:44:50.498,109.4396,25.42007,635.0078,1,0
321,2019/11/19 17:44:50.555,109.2726,25.55864,634.0043,1,0
322,2019/11/19 17:44:50.619,109.9193,24.45887,633.5861,1,0
323,2019/11/19 17:44:50.694,110.4253,24.11408,633.978,1,0
324,2019/11/19 17:44:50.750,110.6408,23.64424,633.3132,1,0
325,2019/11/19 17:44:50.811,111.074,23.38824,633.417,1,0
326,2019/11/19 17:44:50.899,111.1864,23.40545,634.0375,1,0
327,2019/11/19 17:44:50.955,110.6388,23.02132,634.056,1,0
328,2019/11/19 17:44:51.11,110.4767,22.4429,634.431,1,0
329,2019/11/19 17:44:51.99,110.4689,22.24979,634.8127,1,0
330,2019/11/19 17:44:51.176,110.4999,22.33727,635.1586,1,0
331,2019/11/19 17:44:51.255,110.9231,23.08531,635.3949,1,0
332,2019/11/19 17:44:51.302,111.0156,23.59079,634.722,1,0
333,2019/11/19 17:44:51.328,110.8122,24.25361,633.9661,1,0
334,2019/11/19 17:44:51.360,110.3936,26.52743,633.6361,1,0
335,2019/11/19 17:44:51.406,109.76,27.08588,632.4337,1,0
336,2019/11/19 17:44:51.463,109.6749,27.26533,632.2584,1,0
337,2019/11/19 17:44:51.533,109.637,27.04521,631.824,1,0
338,2019/11/19 17:44:51.609,109.9203,26.3456,632.0003,1,0
339,2019/11/19 17:44:51.661,110.172,25.6682,632.4348,1,0
340,2019/11/19 17:44:51.722,110.307,25.57018,632.7969,1,0
341,2019/11/19 17:44:51.817,109.9121,25.50037,632.808,1,0
342,2019/11/19 17:44:51.872,109.7034,25.24423,632.8093,1,0
343,2019/11/19 17:44:51.925,109.6497,24.16917,632.5271,1,0
344,2019/11/19 17:44:52.8,110.0675,23.98419,632.9136,1,0
345,2019/11/19 17:44:52.60,110.1096,24.13252,632.9053,1,0
346,2019/11/19 17:44:52.110,110.0116,24.91794,633.2177,1,0
347,2019/11/19 17:44:52.178,109.606,25.53835,632.7997,1,0
348,2019/11/19 17:44:52.244,109.0975,26.05408,632.9287,1,0
349,2019/11/19 17:44:52.297,108.799,25.88784,632.6378,1,0
350,2019/11/19 17:44:52.381,108.9691,25.04316,632.692,1,0
351,2019/11/19 17:44:52.444,109.5942,23.73476,632.8622,1,0
352,2019/11/19 17:44:52.502,110.1083,23.1245,633.1553,1,0
353,2019/11/19 17:44:52.577,110.5358,22.50025,633.3231,1,0
354,2019/11/19 17:44:52.632,110.5025,22.37628,633.5382,1,0
355,2019/11/19 17:44:52.698,110.138,21.96661,633.0021,1,0
356,2019/11/19 17:44:52.767,110.1378,21.56622,633.1304,1,0
357,2019/11/19 17:44:52.820,110.1682,21.38479,632.9869,1,0
358,2019/11/19 17:44:52.871,110.4596,21.20849,632.4916,1,0
359,2019/11/19 17:44:52.953,110.8189,21.55528,632.6024,1,0
360,2019/11/19 17:44:53.13,110.9308,21.92758,632.6487,1,0
361,2019/11/19 17:44:53.65,110.8658,22.54281,632.3607,1,0
362,2019/11/19 17:44:53.142,110.9261,23.10854,632.6312,1,0
363,2019/11/19 17:44:53.211,110.7973,23.12619,632.5111,1,0
364,2019/11/19 17:44:53.268,110.8615,22.55942,632.6892,1,0
365,2019/11/19 17:44:53.347,111.0246,22.40899,632.9686,1,0
366,2019/11/19 17:44:53.427,111.0821,21.96429,632.8535,1,0
367,2019/11/19 17:44:53.485,111.0976,21.57136,632.9603,1,0
368,2019/11/19 17:44:53.558,111.0936,21.42127,633.1095,1,0
369,2019/11/19 17:44:53.634,111.0378,21.92665,633.332,1,0
370,2019/11/19 17:44:53.687,111.537,21.6891,633.3605,1,0
371,2019/11/19 17:44:53.761,111.7298,20.90497,633.5111,1,0
372,2019/11/19 17:44:53.840,111.9596,20.15902,633.9686,1,0
373,2019/11/19 17:44:53.896,111.7121,20.35091,633.5916,1,0
374,2019/11/19 17:44:53.971,111.76,21.18341,633.7532,1,0
375,2019/11/19 17:44:54.46,111.3611,21.36979,633.1493,1,0
376,2019/11/19 17:44:54.104,111.1824,20.87633,632.7598,1,0
377,2019/11/19 17:44:54.178,111.1687,21.06988,633.0982,1,0
378,2019/11/19 17:44:54.246,110.8556,22.45751,632.4426,1,0
379,2019/11/19 17:44:54.304,110.8532,24.22935,632.0757,1,0
380,2019/11/19 17:44:54.386,110.4097,25.02511,631.287,1,0
381,2019/11/19 17:44:54.461,110.2625,25.23791,631.7645,1,0
382,2019/11/19 17:44:54.514,109.6421,26.088,631.3525,1,0
383,2019/11/19 17:44:54.584,109.1977,24.48519,631.0897,1,0
384,2019/11/19 17:44:54.645,110.3341,22.06155,631.2195,1,0
385,2019/11/19 17:44:54.698,111.5649,21.10668,632.1487,1,0
386,2019/11/19 17:44:54.764,111.5486,20.99322,632.2322,1,0
387,2019/11/19 17:44:54.817,111.7704,20.9638,632.5101,1,0
388,2019/11/19 17:44:54.885,111.452,20.96233,632.3273,1,0
389,2019/11/19 17:44:54.961,111.5498,20.14763,632.5676,1,0
390,2019/11/19 17:44:55.25,111.7984,19.99951,632.3776,1,0
391,2019/11/19 17:44:55.85,111.7868,19.60444,632.3111,1,0
392,2019/11/19 17:44:55.160,112.28,19.41625,632.6487,1,0
393,2019/11/19 17:44:55.214,112.035,19.03781,632.1507,1,0
394,2019/11/19 17:44:55.268,112.4339,18.60828,632.5959,1,0
395,2019/11/19 17:44:55.364,112.4574,18.60159,633.0297,1,0
396,2019/11/19 17:44:55.417,112.2434,18.90881,632.9065,1,0
397,2019/11/19 17:44:55.473,111.9709,19.41376,632.6467,1,0
398,2019/11/19 17:44:55.563,112.0855,19.06268,632.4112,1,0
399,2019/11/19 17:44:55.619,112.4849,18.76093,632.7734,1,0
400,2019/11/19 17:44:55.675,112.6658,18.62994,632.7024,1,0
401,2019/11/19 17:44:55.765,112.6319,18.98954,632.5116,1,0
402,2019/11/19 17:44:55.822,112.3548,18.79445,632.2966,1,0
403,2019/11/19 17:44:55.885,112.3878,18.72359,632.033,1,0
404,2019/11/19 17:44:55.972,112.4371,18.33188,631.9198,1,0
405,2019/11/19 17:44:56.28,112.5874,17.70987,630.9321,1,0
406,2019/11/19 17:44:56.81,113.1597,16.81867,631.3032,1,0
407,2019/11/19 17:44:56.152,113.4238,16.27996,631.9083,1,0
408,2019/11/19 17:44:56.212,113.0647,16.60037,631.7471,1,0
409,2019/11/19 17:44:56.262,112.5859,16.93711,631.4827,1,0
410,2019/11/19 17:44:56.331,112.5354,16.93756,631.5721,1,0
411,2019/11/19 17:44:56.389,112.6224,17.01243,631.8999,1,0
412,2019/11/19 17:44:56.454,112.5516,17.66885,631.3404,1,0
413,2019/11/19 17:44:56.522,113.073,18.48854,632.3427,1,0
414,2019/11/19 17:44:56.574,112.1198,19.75349,632.0961,1,0
415,2019/11/19 17:44:56.628,111.3127,20.21718,630.8773,1,0
416,2019/11/19 17:44:56.719,111.1413,20.2541,631.2133,1,0
417,2019/11/19 17:44:56.775,111.0499,19.86581,630.9827,1,0
418,2019/11/19 17:44:56.831,111.9133,18.38293,631.3682,1,0
419,2019/11/19 17:44:56.919,112.357,17.76632,631.6026,1,0
420,2019/11/19 17:44:56.978,112.7423,17.34704,632.4676,1,0
421,2019/11/19 17:44:57.35,112.4864,18.03352,633.7411,1,0
422,2019/11/19 17:44:57.119,112.2362,18.2503,634.062,1,0
423,2019/11/19 17:44:57.171,111.7837,18.31355,634.0312,1,0
424,2019/11/19 17:44:57.227,111.8411,18.40184,633.948,1,0
425,2019/11/19 17:44:57.301,112.1741,17.97596,633.5974,1,0
426,2019/11/19 17:44:57.370,112.6695,17.51204,633.6822,1,0
427,2019/11/19 17:44:57.426,113.1147,16.09952,633.0226,1,0
428,2019/11/19 17:44:57.502,113.1834,15.28629,632.4014,1,0
429,2019/11/19 17:44:57.575,113.2698,14.45107,631.9717,1,0
430,2019/11/19 17:44:57.635,113.2958,13.5991,631.1438,1,0
431,2019/11/19 17:44:57.710,113.393,13.51096,630.832,1,0
432,2019/11/19 17:44:57.774,113.0967,15.47536,631.4681,1,0
433,2019/11/19 17:44:57.829,112.4748,17.3516,631.6184,1,0
434,2019/11/19 17:44:57.906,112.1243,18.70679,631.5734,1,0
435,2019/11/19 17:44:57.966,111.6347,19.21315,630.933,1,0
436,2019/11/19 17:44:58.30,111.5982,19.23205,631.1026,1,0
437,2019/11/19 17:44:58.105,111.5636,18.99269,631.827,1,0
438,2019/11/19 17:44:58.162,111.61,19.10744,632.2047,1,0
439,2019/11/19 17:44:58.217,111.3603,19.8045,631.9701,1,0
440,2019/11/19 17:44:58.301,111.0058,19.68147,631.4063,1,0
441,2019/11/19 17:44:58.351,110.9703,19.38074,631.0428,1,0
442,2019/11/19 17:44:58.406,111.2831,18.87687,631.3024,1,0
443,2019/11/19 17:44:58.475,111.6768,18.0646,630.9985,1,0
444,2019/11/19 17:44:58.534,112.0167,17.64136,630.8077,1,0
445,2019/11/19 17:44:58.589,111.9837,17.23016,630.6312,1,0
446,2019/11/19 17:44:58.665,112.1199,16.85151,630.6161,1,0
447,2019/11/19 17:44:58.722,111.9885,17.17699,630.2976,1,0
448,2019/11/19 17:44:58.788,111.474,18.14388,630.2457,1,0
449,2019/11/19 17:44:58.865,111.3724,18.17229,629.98,1,0
450,2019/11/19 17:44:58.919,111.3891,18.19832,629.9017,1,0
451,2019/11/19 17:44:58.969,111.5657,18.13714,629.7522,1,0
452,2019/11/19 17:44:59.54,111.5207,18.01469,629.5712,1,0
453,2019/11/19 17:44:59.106,111.531,17.80931,629.3315,1,0
454,2019/11/19 17:44:59.159,111.6439,16.80346,628.9246,1,0
455,2019/11/19 17:44:59.235,111.7085,16.96671,629.6547,1,0
456,2019/11/19 17:44:59.300,111.5453,18.1164,630.3708,1,0
457,2019/11/19 17:44:59.348,111.3807,19.19717,630.727,1,0
458,2019/11/19 17:44:59.412,111.0028,19.38387,630.4567,1,0
459,2019/11/19 17:44:59.464,110.9905,18.73287,629.9968,1,0
460,2019/11/19 17:44:59.530,111.3511,18.11343,630.1597,1,0
461,2019/11/19 17:44:59.602,111.5763,17.49492,629.908,1,0
462,2019/11/19 17:44:59.657,111.9343,17.36244,630.178,1,0
463,2019/11/19 17:44:59.712,111.4085,16.73612,629.22,1,0
464,2019/11/19 17:44:59.795,111.2801,16.30487,628.8919,1,0
465,2019/11/19 17:44:59.850,110.9678,15.90558,628.0684,1,0
466,2019/11/19 17:44:59.911,110.7266,15.7372,627.2273,1,0
467,2019/11/19 17:44:59.992,111.0135,15.61193,626.5119,1,0
468,2019/11/19 17:45:00.64,111.3045,15.51984,626.3699,1,0
469,2019/11/19 17:45:00.118,110.9756,15.72714,625.953,1,0
470,2019/11/19 17:45:00.190,110.7659,15.35206,625.1888,1,0
471,2019/11/19 17:45:00.241,110.8355,14.82798,624.8091,1,0
472,2019/11/19 17:45:00.307,111.2223,13.31029,624.818,1,0
473,2019/11/19 17:45:00.380,111.332,12.71523,624.9777,1,0
474,2019/11/19 17:45:00.441,111.0461,12.03925,624.9646,1,0
475,2019/11/19 17:45:00.494,110.5576,11.64781,624.8926,1,0
476,2019/11/19 17:45:00.575,110.6896,11.48644,625.0627,1,0
477,2019/11/19 17:45:00.631,111.3521,11.08589,624.6913,1,0
478,2019/11/19 17:45:00.693,112.3131,10.42725,624.9392,1,0
479,2019/11/19 17:45:00.768,113.0336,9.682942,625.5825,1,0
480,2019/11/19 17:45:00.836,113.0677,9.268392,625.4185,1,0
481,2019/11/19 17:45:00.888,112.9545,8.898954,625.6057,1,0
482,2019/11/19 17:45:00.957,112.809,8.910185,625.4098,1,0
483,2019/11/19 17:45:01.17,113.0584,10.09042,625.2511,1,0
484,2019/11/19 17:45:01.83,113.3204,13.936,623.9937,1,0
485,2019/11/19 17:45:01.159,113.5514,14.07051,623.4487,1,0
486,2019/11/19 17:45:01.219,113.6145,14.32542,621.6711,1,0
487,2019/11/19 17:45:01.289,113.8125,14.25374,621.4233,1,0
488,2019/11/19 17:45:01.367,113.1749,13.48645,619.9198,1,0
489,2019/11/19 17:45:01.422,112.6893,12.62428,620.0857,1,0
490,2019/11/19 17:45:01.489,113.2852,11.22877,620.0077,1,0
491,2019/11/19 17:45:01.566,113.7731,9.74259,619.8945,1,0
492,2019/11/19 17:45:01.619,113.8109,9.581273,619.9802,1,0
493,2019/11/19 17:45:01.675,113.5251,9.681627,619.6169,1,0
494,2019/11/19 17:45:01.769,113.0954,9.271808,619.692,1,0
495,2019/11/19 17:45:01.828,112.9578,9.34524,619.7225,1,0
496,2019/11/19 17:45:01.888,112.8127,9.388816,620.4147,1,0
497,2019/11/19 17:45:01.986,112.59,9.544321,620.8237,1,0
498,2019/11/19 17:45:02.46,112.1436,9.677649,621.2195,1,0
499,2019/11/19 17:45:02.105,111.6461,10.18174,621.653,1,0
500,2019/11/19 17:45:02.191,111.339,10.62384,620.8499,1,0
501,2019/11/19 17:45:02.249,111.4906,10.74323,620.927,1,0
502,2019/11/19 17:45:02.307,111.6805,12.00463,621.5866,1,0
503,2019/11/19 17:45:02.398,111.9318,12.32395,621.8506,1,0
504,2019/11/19 17:45:02.451,112.1559,12.08028,621.2718,1,0
505,2019/11/19 17:45:02.520,112.3802,11.48792,621.2073,1,0
506,2019/11/19 17:45:02.614,112.4692,10.79032,621.2875,1,0
507,2019/11/19 17:45:02.670,112.1417,10.92048,621.1827,1,0
508,2019/11/19 17:45:02.734,111.7575,11.47526,621.662,1,0
509,2019/11/19 17:45:02.821,111.4158,11.37807,622.1205,1,0
510,2019/11/19 17:45:02.876,111.4483,11.43903,622.2872,1,0
511,2019/11/19 17:45:02.935,111.2683,11.24549,621.9365,1,0
512,2019/11/19 17:45:03.31,111.0358,10.89833,621.1671,1,0
513,2019/11/19 17:45:03.88,110.7439,11.18234,621.8088,1,0
514,2019/11/19 17:45:03.151,110.1376,11.96138,621.8547,1,0
515,2019/11/19 17:45:03.243,109.9153,12.73497,621.9394,1,0
516,2019/11/19 17:45:03.314,110.0995,13.12761,622.1047,1,0
517,2019/11/19 17:45:03.385,110.0506,13.04825,622.1556,1,0
518,2019/11/19 17:45:03.489,109.9829,12.8477,622.4802,1,0
519,2019/11/19 17:45:03.551,109.7544,12.74583,622.618,1,0
520,2019/11/19 17:45:03.609,109.655,13.55308,622.7389,1,0
521,2019/11/19 17:45:03.694,110.5869,13.19655,623.2536,1,0
522,2019/11/19 17:45:03.751,111.4496,13.32111,624.3745,1,0
523,2019/11/19 17:45:03.803,111.5284,13.57213,623.8137,1,0
524,2019/11/19 17:45:03.883,111.4629,13.69859,623.7386,1,0
525,2019/11/19 17:45:03.956,111.3575,13.90348,623.7708,1,0
526,2019/11/19 17:45:04.31,111.5506,14.04563,623.6926,1,0
527,2019/11/19 17:45:04.111,111.8943,14.14962,623.8544,1,0
528,2019/11/19 17:45:04.179,112.0823,14.13911,623.8978,1,0
529,2019/11/19 17:45:04.237,111.9433,13.86719,623.2019,1,0
530,2019/11/19 17:45:04.313,111.7989,13.31405,622.8061,1,0
531,2019/11/19 17:45:04.384,111.9834,12.73479,622.4929,1,0
532,2019/11/19 17:45:04.439,112.274,12.32646,622.6272,1,0
533,2019/11/19 17:45:04.524,112.4264,11.9585,622.6331,1,0
534,2019/11/19 17:45:04.600,112.4224,11.24068,622.9813,1,0
535,2019/11/19 17:45:04.659,112.1908,11.0441,623.2502,1,0
536,2019/11/19 17:45:04.735,111.9739,11.20461,623.5776,1,0
537,2019/11/19 17:45:04.807,111.7804,11.39052,623.6473,1,0
538,2019/11/19 17:45:04.868,111.7911,11.22102,623.5209,1,0
539,2019/11/19 17:45:04.942,111.8944,11.2779,623.469,1,0
540,2019/11/19 17:45:05.9,111.7982,11.22887,622.665,1,0
541,2019/11/19 17:45:05.66,111.7591,11.16745,622.0819,1,0
542,2019/11/19 17:45:05.143,111.6868,11.10692,621.5898,1,0
543,2019/11/19 17:45:05.202,111.7577,10.71023,620.8098,1,0
544,2019/11/19 17:45:05.269,111.8725,10.32098,620.7299,1,0
545,2019/11/19 17:45:05.343,111.9752,9.482409,621.3917,1,0
546,2019/11/19 17:45:05.400,112.0035,9.012606,622.0891,1,0
547,2019/11/19 17:45:05.454,111.4561,9.531947,622.8821,1,0
548,2019/11/19 17:45:05.541,110.5872,9.778417,622.8544,1,0
549,2019/11/19 17:45:05.593,110.5419,9.785589,622.9324,1,0
550,2019/11/19 17:45:05.651,110.4982,9.363637,623.581,1,0
551,2019/11/19 17:45:05.723,110.4578,8.828356,623.5983,1,0
552,2019/11/19 17:45:05.798,110.6241,8.882154,623.4539,1,0
553,2019/11/19 17:45:05.867,110.7315,8.50515,622.839,1,0
554,2019/11/19 17:45:05.945,110.8678,7.572504,621.6945,1,0
555,2019/11/19 17:45:06.20,111.8544,5.432294,621.0291,1,0
556,2019/11/19 17:45:06.78,112.7805,4.273141,620.8168,1,0
557,2019/11/19 17:45:06.151,113.4376,3.799893,620.8152,1,0
558,2019/11/19 17:45:06.219,113.6564,3.624292,620.5212,1,0
559,2019/11/19 17:45:06.278,113.7617,3.204157,619.7494,1,0
560,2019/11/19 17:45:06.356,114.0318,2.580961,620.0881,1,0
561,2019/11/19 17:45:06.425,114.2115,2.242759,619.4037,1,0
562,2019/11/19 17:45:06.478,114.781,2.395269,619.8913,1,0
563,2019/11/19 17:45:06.552,115.117,3.357072,620.247,1,0
564,2019/11/19 17:45:06.602,115.3324,4.27265,619.8894,1,0
565,2019/11/19 17:45:06.665,115.0401,5.560273,619.7838,1,0
566,2019/11/19 17:45:06.741,114.9988,6.390794,619.5958,1,0
567,2019/11/19 17:45:06.801,114.7642,7.511328,619.5477,1,0
568,2019/11/19 17:45:06.859,114.6495,8.34406,619.766,1,0
569,2019/11/19 17:45:06.941,114.3814,9.503012,620.3577,1,0
570,2019/11/19 17:45:06.998,114.2194,9.912751,620.3752,1,0
571,2019/11/19 17:45:07.59,114.7674,9.318805,619.7365,1,0
572,2019/11/19 17:45:07.137,115.4098,7.257755,619.2753,1,0
573,2019/11/19 17:45:07.293,115.812,5.989081,619.2475,1,0
574,2019/11/19 17:45:07.349,117.329,3.961406,619.2756,1,0
575,2019/11/19 17:45:07.435,117.6258,4.799235,619.151,1,0
576,2019/11/19 17:45:07.493,117.5871,5.646162,618.1973,1,0
577,2019/11/19 17:45:07.557,117.6757,5.481534,617.7306,1,0
578,2019/11/19 17:45:07.655,118.0695,4.934538,617.8129,1,0
579,2019/11/19 17:45:07.716,118.7021,4.268408,617.8516,1,0
580,2019/11/19 17:45:07.773,119.0943,4.134255,617.9261,1,0
581,2019/11/19 17:45:07.866,119.4722,3.93842,617.5616,1,0
582,2019/11/19 17:45:07.926,119.838,3.653457,617.9963,1,0
583,2019/11/19 17:45:07.986,119.954,3.349017,618.2266,1,0
584,2019/11/19 17:45:08.77,120.2272,3.30534,619.1113,1,0
585,2019/11/19 17:45:08.146,120.0327,5.358747,619.6026,1,0
586,2019/11/19 17:45:08.244,119.5967,6.746114,619.2667,1,0
587,2019/11/19 17:45:08.369,119.3733,8.159969,619.6343,1,0
588,2019/11/19 17:45:08.465,118.6794,10.76415,619.3926,1,0
589,2019/11/19 17:45:08.529,118.3949,13.95258,620.5122,1,0
590,2019/11/19 17:45:08.602,118.0049,15.93976,620.8209,1,0
591,2019/11/19 17:45:08.662,117.7407,16.18224,620.1432,1,0
592,2019/11/19 17:45:08.723,117.8674,14.72845,619.2012,1,0
593,2019/11/19 17:45:08.816,118.4813,13.24951,619.4866,1,0
594,2019/11/19 17:45:08.881,118.8355,13.10185,620.7247,1,0
595,2019/11/19 17:45:08.942,118.5263,14.34842,621.4494,1,0
596,2019/11/19 17:45:09.36,117.2232,15.71489,621.5106,1,0
597,2019/11/19 17:45:09.96,116.3313,15.81663,621.2642,1,0
598,2019/11/19 17:45:09.161,115.7631,14.38875,620.6309,1,0
599,2019/11/19 17:45:09.253,115.3001,12.54553,620.2299,1,0
600,2019/11/19 17:45:09.313,114.7737,11.312,619.6378,1,0
601,2019/11/19 17:45:09.375,114.1397,10.73727,619.3937,1,0
602,2019/11/19 17:45:09.468,113.7415,9.972165,618.2853,1,0
603,2019/11/19 17:45:09.527,114.2346,9.12961,617.6844,1,0
604,2019/11/19 17:45:09.591,114.948,7.574536,616.7577,1,0
605,2019/11/19 17:45:09.694,116.4365,6.289155,617.6176,1,0
606,2019/11/19 17:45:09.759,117.2967,6.039464,618.9218,1,0
607,2019/11/19 17:45:09.825,117.3452,6.576769,619.5577,1,0
608,2019/11/19 17:45:09.922,116.7757,6.680899,619.9888,1,0
609,2019/11/19 17:45:10.11,116.5142,6.533551,620.4456,1,0
610,2019/11/19 17:45:10.96,116.3732,6.41762,619.8737,1,0
611,2019/11/19 17:45:10.209,116.9607,6.094768,618.7677,1,0
612,2019/11/19 17:45:10.295,117.7766,4.866198,618.1526,1,0
613,2019/11/19 17:45:10.380,117.7505,4.664662,617.4388,1,0
614,2019/11/19 17:45:10.497,117.2154,5.427339,616.3929,1,0
615,2019/11/19 17:45:10.549,117.3999,5.737291,616.0496,1,0
616,2019/11/19 17:45:10.602,118.3543,4.740334,616.0403,1,0
617,2019/11/19 17:45:10.688,118.6078,4.20595,616.4139,1,0
618,2019/11/19 17:45:10.745,118.5345,4.146072,616.3234,1,0
619,2019/11/19 17:45:10.808,118.2188,4.086047,616.084,1,0
620,2019/11/19 17:45:10.902,118.0003,4.139534,615.8807,1,0
621,2019/11/19 17:45:10.961,118.1932,4.362455,616.2004,1,0
622,2019/11/19 17:45:11.20,118.4904,3.718695,616.0076,1,0
623,2019/11/19 17:45:11.112,119.0437,3.317452,616.826,1,0
624,2019/11/19 17:45:11.172,118.9038,3.497051,617.2983,1,0
625,2019/11/19 17:45:11.235,118.584,3.699559,617.4424,1,0
626,2019/11/19 17:45:11.325,118.1065,4.477581,617.5231,1,0
627,2019/11/19 17:45:11.379,118.3855,4.393288,617.4651,1,0
628,2019/11/19 17:45:11.441,118.6394,4.231845,617.4467,1,0
629,2019/11/19 17:45:11.530,118.8595,4.47241,617.9206,1,0
630,2019/11/19 17:45:11.587,118.2998,5.933805,617.9417,1,0
631,2019/11/19 17:45:11.644,117.6817,7.41748,618.0555,1,0
632,2019/11/19 17:45:11.740,117.0527,8.637376,618.5402,1,0
633,2019/11/19 17:45:11.801,116.7,9.017952,618.3081,1,0
634,2019/11/19 17:45:11.860,116.6603,9.454696,618.4069,1,0
635,2019/11/19 17:45:11.954,116.5565,9.674358,617.5519,1,0
636,2019/11/19 17:45:12.17,116.7749,9.769251,616.9946,1,0
637,2019/11/19 17:45:12.78,116.448,8.59989,615.843,1,0
638,2019/11/19 17:45:12.172,116.8152,7.637713,615.8637,1,0
639,2019/11/19 17:45:12.240,116.881,6.748321,615.442,1,0
640,2019/11/19 17:45:12.304,117.0265,6.195199,615.3901,1,0
641,2019/11/19 17:45:12.396,116.8863,6.678352,615.9365,1,0
642,2019/11/19 17:45:12.460,116.6365,6.845751,616.3175,1,0
643,2019/11/19 17:45:12.521,116.6618,6.475352,617.6765,1,0
644,2019/11/19 17:45:12.614,116.5681,5.409849,617.7344,1,0
645,2019/11/19 17:45:12.673,116.6875,4.078703,617.3005,1,0
646,2019/11/19 17:45:12.736,117.2588,3.405081,617.6262,1,0
647,2019/11/19 17:45:12.825,117.7457,4.458298,618.2638,1,0
648,2019/11/19 17:45:12.884,117.9043,5.210612,618.2791,1,0
649,2019/11/19 17:45:12.944,118.0035,6.125057,618.7023,1,0
650,2019/11/19 17:45:13.38,118.1263,6.938923,618.7163,1,0
651,2019/11/19 17:45:13.96,118.327,7.207283,619.4175,1,0
652,2019/11/19 17:45:13.158,118.3121,7.403695,619.7184,1,0
653,2019/11/19 17:45:13.278,117.7598,6.639122,619.1462,1,0
654,2019/11/19 17:45:13.342,117.4132,6.14104,619.6893,1,0
655,2019/11/19 17:45:13.414,117.3816,8.052388,620.7526,1,0
656,2019/11/19 17:45:13.476,117.0811,11.00075,621.3392,1,0
657,2019/11/19 17:45:13.505,116.7603,12.53369,621.504,1,0
658,2019/11/19 17:45:13.532,117.0475,13.29239,622.7227,1,0
659,2019/11/19 17:45:13.621,116.9158,13.6538,622.7552,1,0
660,2019/11/19 17:45:13.695,117.1852,14.02697,623.8226,1,0
661,2019/11/19 17:45:13.761,117.4499,14.68697,624.9763,1,0
662,2019/11/19 17:45:13.838,116.8786,17.72026,625.6876,1,0
663,2019/11/19 17:45:13.909,116.1454,18.93286,624.2823,1,0
664,2019/11/19 17:45:13.970,115.2031,17.33434,621.3463,1,0
665,2019/11/19 17:45:14.47,115.2003,14.87811,620.1229,1,0
666,2019/11/19 17:45:14.117,115.7666,13.24874,620.1216,1,0
667,2019/11/19 17:45:14.176,116.4061,11.70887,619.7806,1,0
668,2019/11/19 17:45:14.258,116.8001,10.78841,620.4443,1,0
669,2019/11/19 17:45:14.332,116.6151,10.28516,621.2673,1,0
670,2019/11/19 17:45:14.393,116.0641,10.0931,621.256,1,0
671,2019/11/19 17:45:14.476,115.7566,10.12711,621.0104,1,0
672,2019/11/19 17:45:14.554,115.9189,10.12982,621.277,1,0
673,2019/11/19 17:45:14.610,116.4205,10.01317,620.9998,1,0
674,2019/11/19 17:45:14.690,116.7045,9.720241,620.7651,1,0
675,2019/11/19 17:45:14.776,116.761,9.552655,620.3829,1,0
676,2019/11/19 17:45:14.837,116.763,9.19559,619.7411,1,0
677,2019/11/19 17:45:14.920,117.0649,8.807023,619.7004,1,0
678,2019/11/19 17:45:14.999,117.2353,8.729486,620.015,1,0
679,2019/11/19 17:45:15.67,117.2049,8.899087,619.9446,1,0
680,2019/11/19 17:45:15.160,117.1809,8.401574,619.8707,1,0
681,2019/11/19 17:45:15.237,117.3881,6.920099,619.7642,1,0
682,2019/11/19 17:45:15.308,117.9287,5.195829,620.2972,1,0
683,2019/11/19 17:45:15.393,118.1983,4.275175,620.5615,1,0
684,2019/11/19 17:45:15.456,118.2121,4.151807,621.0372,1,0
685,2019/11/19 17:45:15.508,117.5729,5.072306,620.5508,1,0
686,2019/11/19 17:45:15.580,117.3483,5.456687,620.4116,1,0
687,2019/11/19 17:45:15.634,117.4092,5.902909,620.3558,1,0
688,2019/11/19 17:45:15.700,117.4545,6.096458,619.8634,1,0
689,2019/11/19 17:45:15.783,117.9982,5.982391,620.1066,1,0
690,2019/11/19 17:45:15.838,118.3841,5.773132,620.3425,1,0
691,2019/11/19 17:45:15.903,118.353,5.818781,620.5463,1,0
692,2019/11/19 17:45:15.974,117.8963,6.15781,620.3529,1,0
693,2019/11/19 17:45:16.40,117.4582,6.348243,620.2814,1,0
694,2019/11/19 17:45:16.111,117.3595,6.029524,619.8611,1,0
695,2019/11/19 17:45:16.192,117.619,5.614496,619.7233,1,0
696,2019/11/19 17:45:16.254,117.9929,5.544663,619.9309,1,0
697,2019/11/19 17:45:16.335,118.1788,6.532204,620.1631,1,0
698,2019/11/19 17:45:16.418,117.9607,7.394296,620.3361,1,0
699,2019/11/19 17:45:16.479,117.5284,8.258753,620.131,1,0
700,2019/11/19 17:45:16.552,117.3657,9.260942,619.569,1,0
701,2019/11/19 17:45:16.637,117.2472,9.182803,618.8266,1,0
702,2019/11/19 17:45:16.702,117.1528,8.831658,618.3846,1,0
703,2019/11/19 17:45:16.779,117.0665,7.285739,616.5031,1,0
704,2019/11/19 17:45:16.861,117.416,6.545733,616.0235,1,0
705,2019/11/19 17:45:16.926,117.5627,5.974459,615.0331,1,0
706,2019/11/19 17:45:17.1,117.3693,6.943904,615.0064,1,0
707,2019/11/19 17:45:17.104,117.0409,6.931738,614.5865,1,0
708,2019/11/19 17:45:17.183,116.4912,6.91841,614.3323,1,0
709,2019/11/19 17:45:17.276,115.7298,7.115057,613.384,1,0
710,2019/11/19 17:45:17.421,115.6336,7.007743,612.8738,1,0
711,2019/11/19 17:45:17.487,115.5606,6.330606,612.2841,1,0
712,2019/11/19 17:45:17.546,116.1696,3.969477,612.3969,1,0
713,2019/11/19 17:45:17.615,116.2746,4.014952,612.2367,1,0
714,2019/11/19 17:45:17.676,116.3284,4.18212,612.2,1,0
715,2019/11/19 17:45:17.746,115.6706,4.757152,612.1843,1,0
716,2019/11/19 17:45:17.829,115.1307,4.579002,611.5484,1,0
717,2019/11/19 17:45:17.894,114.7952,4.290343,611.8229,1,0
718,2019/11/19 17:45:17.967,114.8521,3.223598,612.1714,1,0
719,2019/11/19 17:45:18.53,115.0846,3.314636,612.9267,1,0
720,2019/11/19 17:45:18.130,114.9487,3.983403,612.7848,1,0
721,2019/11/19 17:45:18.217,114.1812,4.695956,613.1243,1,0
722,2019/11/19 17:45:18.312,113.6455,4.166901,612.9437,1,0
723,2019/11/19 17:45:18.391,113.1488,3.578875,612.9761,1,0
724,2019/11/19 17:45:18.480,112.5296,3.633721,613.0982,1,0
725,2019/11/19 17:45:18.586,112.1597,3.276076,613.1383,1,0
726,2019/11/19 17:45:18.664,111.8967,1.221315,612.4934,1,0
727,2019/11/19 17:45:18.761,113.0087,-1.12037,612.1665,1,0
728,2019/11/19 17:45:18.863,114.0233,-0.8013412,611.5242,1,0
729,2019/11/19 17:45:18.939,114.8805,-0.9550595,610.303,1,0
730,2019/11/19 17:45:19.28,115.2367,-1.877816,610.3323,1,0
731,2019/11/19 17:45:19.127,114.5412,-1.338933,610.239,1,0
732,2019/11/19 17:45:19.206,113.8513,0.2947308,610.6219,1,0
733,2019/11/19 17:45:19.298,113.5905,0.9344379,611.0255,1,0
734,2019/11/19 17:45:19.400,113.3348,0.5706666,611.1538,1,0
735,2019/11/19 17:45:19.460,113.4793,0.52347,611.267,1,0
736,2019/11/19 17:45:19.533,114.2722,-0.5127106,612.0547,1,0
737,2019/11/19 17:45:19.614,114.9445,-0.644288,613.269,1,0
738,2019/11/19 17:45:19.671,115.165,1.924795,613.8849,1,0
739,2019/11/19 17:45:19.744,114.7107,4.427262,612.7491,1,0
740,2019/11/19 17:45:19.825,114.4734,5.032041,613.1053,1,0
741,2019/11/19 17:45:19.946,114.2085,5.108371,612.855,1,0
742,2019/11/19 17:45:20.77,113.6683,4.889262,613.2735,1,0
743,2019/11/19 17:45:20.213,113.4735,1.171933,613.9597,1,0
744,2019/11/19 17:45:20.340,114.0099,-0.3473461,613.4814,1,0
745,2019/11/19 17:45:20.459,115.4375,-3.698258,612.943,1,0
746,2019/11/19 17:45:20.604,115.7319,-5.86886,612.7394,1,0
747,2019/11/19 17:45:20.709,115.8564,-7.57501,613.3706,1,0
748,2019/11/19 17:45:20.801,116.272,-5.5745,615.5658,1,0
749,2019/11/19 17:45:20.895,116.6185,-5.991401,616.267,1,0
750,2019/11/19 17:45:20.975,117.0737,-7.036258,616.6438,1,0
751,2019/11/19 17:45:21.60,117.4333,-6.929148,616.8207,1,0
752,2019/11/19 17:45:21.110,117.4647,-7.172365,616.6915,1,0
753,2019/11/19 17:45:21.146,117.5473,-8.526352,615.8195,1,0
754,2019/11/19 17:45:21.183,117.6553,-8.707669,615.9113,1,0
755,2019/11/19 17:45:21.236,117.7085,-8.531206,615.8743,1,0
756,2019/11/19 17:45:21.276,117.6638,-8.520134,615.4949,1,0
757,2019/11/19 17:45:21.314,118.0121,-8.789445,615.2046,1,0
758,2019/11/19 17:45:21.364,118.2542,-8.771629,615.2595,1,0
759,2019/11/19 17:45:21.403,118.1798,-8.751072,615.6006,1,0
760,2019/11/19 17:45:21.445,118.133,-9.073175,616.1863,1,0
761,2019/11/19 17:45:21.492,118.0376,-9.125848,616.6021,1,0
762,2019/11/19 17:45:21.527,117.7526,-9.035235,616.8347,1,0
763,2019/11/19 17:45:21.565,117.5525,-9.003097,616.9107,1,0
764,2019/11/19 17:45:21.616,117.3731,-8.744891,616.8656,1,0
765,2019/11/19 17:45:21.671,117.222,-8.52749,616.7114,1,0
766,2019/11/19 17:45:21.713,117.0642,-8.303555,616.6603,1,0
767,2019/11/19 17:45:21.757,117.181,-7.946873,616.3584,1,0
768,2019/11/19 17:45:21.792,117.3949,-7.579746,616.5215,1,0
769,2019/11/19 17:45:21.842,117.9625,-6.589612,616.5613,1,0
770,2019/11/19 17:45:21.933,118.343,-6.073073,616.2897,1,0
771,2019/11/19 17:45:21.988,118.706,-5.738066,616.1616,1,0
772,2019/11/19 17:45:22.45,118.9153,-4.272628,615.5736,1,0
773,2019/11/19 17:45:22.134,118.1945,-2.483548,614.8503,1,0
774,2019/11/19 17:45:22.192,117.3451,-2.436099,614.8947,1,0
775,2019/11/19 17:45:22.250,116.8913,-2.119221,615.4674,1,0
776,2019/11/19 17:45:22.346,116.5857,-2.328344,615.5782,1,0
777,2019/11/19 17:45:22.421,116.6266,-2.646521,615.621,1,0
778,2019/11/19 17:45:22.460,117.4702,-3.281666,616.5253,1,0
779,2019/11/19 17:45:22.515,117.8902,-3.786985,617.2114,1,0
780,2019/11/19 17:45:22.555,117.8243,-4.009819,617.5582,1,0
781,2019/11/19 17:45:22.590,117.6529,-3.872156,617.6041,1,0
782,2019/11/19 17:45:22.645,117.4276,-3.547011,617.9204,1,0
783,2019/11/19 17:45:22.694,117.2596,-3.478541,617.2831,1,0
784,2019/11/19 17:45:22.756,117.2822,-3.611521,616.774,1,0
785,2019/11/19 17:45:22.831,117.4523,-4.3117,615.7433,1,0
786,2019/11/19 17:45:22.887,117.7037,-5.069729,615.3883,1,0
787,2019/11/19 17:45:22.944,118.1651,-6.790285,614.7661,1,0
788,2019/11/19 17:45:23.28,118.4137,-7.238035,615.0042,1,0
789,2019/11/19 17:45:23.84,118.4064,-7.112596,614.7638,1,0
790,2019/11/19 17:45:23.138,118.3291,-6.779901,614.4518,1,0
791,2019/11/19 17:45:23.210,118.3824,-7.119918,614.3069,1,0
792,2019/11/19 17:45:23.273,118.6823,-8.257095,614.2504,1,0
793,2019/11/19 17:45:23.326,119.2377,-9.307514,614.5191,1,0
794,2019/11/19 17:45:23.398,119.3658,-9.730206,614.6185,1,0
795,2019/11/19 17:45:23.455,119.2446,-10.13145,614.8391,1,0
796,2019/11/19 17:45:23.529,119.0127,-10.48458,614.9648,1,0
797,2019/11/19 17:45:23.609,118.8319,-10.59166,615.0859,1,0
798,2019/11/19 17:45:23.658,118.7727,-10.70497,614.7692,1,0
799,2019/11/19 17:45:23.724,119.0683,-10.83631,613.8755,1,0
800,2019/11/19 17:45:23.801,119.0333,-11.21128,613.0563,1,0
801,2019/11/19 17:45:23.853,119.029,-11.53507,612.4954,1,0
802,2019/11/19 17:45:23.910,119.2716,-12.33505,612.0587,1,0
803,2019/11/19 17:45:24.2,119.6481,-13.01937,611.9761,1,0
804,2019/11/19 17:45:24.52,119.7877,-13.23335,612.2283,1,0
805,2019/11/19 17:45:24.106,119.7412,-13.45845,611.9487,1,0
806,2019/11/19 17:45:24.174,119.4696,-14.47083,611.6371,1,0
807,2019/11/19 17:45:24.240,119.5549,-14.99448,611.7191,1,0
808,2019/11/19 17:45:24.294,119.8045,-17.45533,611.5396,1,0
809,2019/11/19 17:45:24.363,119.9308,-18.25382,611.1924,1,0
810,2019/11/19 17:45:24.418,120.2119,-18.96383,611.1318,1,0
811,2019/11/19 17:45:24.490,120.0574,-18.49784,610.9656,1,0
812,2019/11/19 17:45:24.562,119.5632,-18.16042,610.4462,1,0
813,2019/11/19 17:45:24.618,119.2897,-18.07712,610.1388,1,0
814,2019/11/19 17:45:24.685,119.4473,-17.9346,610.4051,1,0
815,2019/11/19 17:45:24.754,119.4911,-17.5691,610.8915,1,0
816,2019/11/19 17:45:24.807,119.7374,-17.49048,611.0868,1,0
817,2019/11/19 17:45:24.859,119.9884,-16.53267,611.9447,1,0
818,2019/11/19 17:45:24.942,119.9039,-16.07932,611.9336,1,0
819,2019/11/19 17:45:24.997,119.6466,-15.13726,611.8445,1,0
820,2019/11/19 17:45:25.54,119.3896,-14.07546,611.4729,1,0
821,2019/11/19 17:45:25.125,118.9793,-14.01529,610.4492,1,0
822,2019/11/19 17:45:25.189,119.9317,-15.64317,610.7708,1,0
823,2019/11/19 17:45:25.246,120.6592,-16.22321,611.8123,1,0
824,2019/11/19 17:45:25.317,120.7513,-15.70694,612.158,1,0
825,2019/11/19 17:45:25.370,120.4887,-14.63255,612.7194,1,0
826,2019/11/19 17:45:25.438,120.0642,-12.29547,613.4139,1,0
827,2019/11/19 17:45:25.508,119.9047,-12.18038,613.4313,1,0
828,2019/11/19 17:45:25.566,120.3584,-12.45914,614.238,1,0
829,2019/11/19 17:45:25.623,120.4061,-12.05166,614.2152,1,0
830,2019/11/19 17:45:25.705,120.0947,-11.50825,614.5856,1,0
831,2019/11/19 17:45:25.758,118.891,-11.01081,613.5301,1,0
832,2019/11/19 17:45:25.812,117.6662,-10.61058,613.0533,1,0
833,2019/11/19 17:45:25.880,116.978,-11.86966,611.6097,1,0
834,2019/11/19 17:45:25.944,116.8982,-13.43043,610.5475,1,0
835,2019/11/19 17:45:25.999,116.9535,-14.53868,609.7311,1,0
836,2019/11/19 17:45:26.82,117.0535,-15.18089,609.4941,1,0
837,2019/11/19 17:45:26.148,117.2548,-15.60455,609.6691,1,0
838,2019/11/19 17:45:26.202,117.7436,-17.83479,609.3148,1,0
839,2019/11/19 17:45:26.277,118.237,-18.6691,609.5363,1,0
840,2019/11/19 17:45:26.328,119.1234,-19.31278,610.9325,1,0
841,2019/11/19 17:45:26.394,119.4055,-19.15331,613.0088,1,0
842,2019/11/19 17:45:26.465,119.2253,-18.69488,613.4305,1,0
843,2019/11/19 17:45:26.520,118.5407,-18.6494,613.5896,1,0
844,2019/11/19 17:45:26.579,118.3796,-19.84257,613.4451,1,0
845,2019/11/19 17:45:26.661,119.101,-21.03282,613.6978,1,0
846,2019/11/19 17:45:26.713,119.9556,-20.89064,613.3914,1,0
847,2019/11/19 17:45:26.766,120.3945,-20.3497,612.9998,1,0
848,2019/11/19 17:45:26.836,120.3992,-19.84306,612.9535,1,0
849,2019/11/19 17:45:26.901,120.3856,-19.74239,613.3267,1,0
850,2019/11/19 17:45:26.952,120.0261,-18.9862,613.2469,1,0
851,2019/11/19 17:45:27.16,119.8497,-18.58402,613.0607,1,0
852,2019/11/19 17:45:27.74,119.8915,-18.20734,612.4158,1,0
853,2019/11/19 17:45:27.139,120.2038,-17.93056,611.9498,1,0
854,2019/11/19 17:45:27.209,120.3855,-17.91044,612.1854,1,0
855,2019/11/19 17:45:27.259,120.4384,-17.85513,611.9655,1,0
856,2019/11/19 17:45:27.319,119.9731,-17.40149,612.3488,1,0
857,2019/11/19 17:45:27.401,119.6805,-17.03289,612.5789,1,0
858,2019/11/19 17:45:27.452,119.2376,-16.81786,612.2853,1,0
859,2019/11/19 17:45:27.508,119.3043,-17.06123,612.0779,1,0
860,2019/11/19 17:45:27.581,119.3755,-17.74167,611.7073,1,0
861,2019/11/19 17:45:27.645,119.657,-19.80951,611.0197,1,0
862,2019/11/19 17:45:27.699,120.1398,-22.27045,610.5981,1,0
863,2019/11/19 17:45:27.771,121.0144,-23.94784,610.0503,1,0
864,2019/11/19 17:45:27.830,121.041,-24.61008,608.8557,1,0
865,2019/11/19 17:45:27.895,121.1436,-24.83713,608.1645,1,0
866,2019/11/19 17:45:27.969,121.1386,-24.90249,607.9839,1,0
867,2019/11/19 17:45:28.27,120.9152,-24.77982,608.303,1,0
868,2019/11/19 17:45:28.86,120.693,-24.75938,608.5673,1,0
869,2019/11/19 17:45:28.169,120.7894,-24.73252,608.8885,1,0
870,2019/11/19 17:45:28.221,120.7061,-25.06773,608.6534,1,0
871,2019/11/19 17:45:28.273,120.8918,-25.54301,608.9385,1,0
872,2019/11/19 17:45:28.345,121.114,-25.80946,610.0236,1,0
873,2019/11/19 17:45:28.410,120.9771,-25.92347,610.5924,1,0
874,2019/11/19 17:45:28.461,120.7438,-25.66176,610.7881,1,0
875,2019/11/19 17:45:28.533,120.7713,-25.50505,610.7723,1,0
876,2019/11/19 17:45:28.582,121.0298,-25.14488,610.3883,1,0
877,2019/11/19 17:45:28.644,121.388,-24.98397,610.1829,1,0
878,2019/11/19 17:45:28.707,121.3557,-24.77803,609.842,1,0
879,2019/11/19 17:45:28.757,121.1741,-24.52433,609.1482,1,0
880,2019/11/19 17:45:28.813,121.1434,-24.54241,608.4004,1,0
881,2019/11/19 17:45:28.891,121.2967,-24.85037,608.3744,1,0
882,2019/11/19 17:45:28.936,121.6782,-25.31656,608.2832,1,0
883,2019/11/19 17:45:28.980,121.972,-25.46033,608.7751,1,0
884,2019/11/19 17:45:29.44,121.9482,-24.80237,608.8915,1,0
885,2019/11/19 17:45:29.113,121.8277,-24.4871,608.9071,1,0
886,2019/11/19 17:45:29.168,121.6661,-24.16338,609.2906,1,0
887,2019/11/19 17:45:29.241,121.5747,-23.62747,610.1766,1,0
888,2019/11/19 17:45:29.295,121.7929,-24.05991,610.7402,1,0
889,2019/11/19 17:45:29.370,121.9068,-24.1233,611.7965,1,0
890,2019/11/19 17:45:29.442,122.194,-24.22594,612.5566,1,0
891,2019/11/19 17:45:29.493,122.5158,-24.37959,612.9998,1,0
892,2019/11/19 17:45:29.551,122.7852,-24.25837,613.9403,1,0
893,2019/11/19 17:45:29.641,122.7558,-23.74928,614.5303,1,0
894,2019/11/19 17:45:29.698,122.8944,-23.44086,615.1057,1,0
895,2019/11/19 17:45:29.758,123.2677,-22.9239,615.5222,1,0
896,2019/11/19 17:45:29.847,123.9644,-22.35838,615.4636,1,0
897,2019/11/19 17:45:29.902,124.0632,-22.38853,614.6813,1,0
898,2019/11/19 17:45:29.952,124.5855,-23.60156,613.5121,1,0
899,2019/11/19 17:45:30.15,124.9833,-24.45719,612.8643,1,0
900,2019/11/19 17:45:30.74,125.2304,-24.28841,613.1541,1,0
901,2019/11/19 17:45:30.129,125.1265,-23.64163,613.2355,1,0
902,2019/11/19 17:45:30.195,124.9047,-22.03478,613.28,1,0
903,2019/11/19 17:45:30.246,124.726,-20.45178,613.0157,1,0
904,2019/11/19 17:45:30.319,124.6419,-19.59224,612.2104,1,0
905,2019/11/19 17:45:30.394,124.7222,-19.62954,611.8575,1,0
906,2019/11/19 17:45:30.451,124.8685,-19.61216,611.9664,1,0
907,2019/11/19 17:45:30.516,124.5943,-19.32816,611.7941,1,0
908,2019/11/19 17:45:30.581,124.4069,-18.82175,611.9299,1,0
909,2019/11/19 17:45:30.635,124.1286,-17.86646,611.6923,1,0
910,2019/11/19 17:45:30.692,124.1733,-17.68301,611.2296,1,0
911,2019/11/19 17:45:30.774,124.3527,-17.88509,611.4049,1,0
912,2019/11/19 17:45:30.859,123.8264,-18.00689,611.5529,1,0
913,2019/11/19 17:45:30.908,122.9468,-17.84985,611.6935,1,0
914,2019/11/19 17:45:30.991,121.7976,-17.78121,611.0252,1,0
915,2019/11/19 17:45:31.41,121.3109,-17.24544,610.7053,1,0
916,2019/11/19 17:45:31.92,119.4888,-15.1907,609.8334,1,0
917,2019/11/19 17:45:31.215,117.7707,-12.71967,608.5541,1,0
918,2019/11/19 17:45:31.279,116.2137,-10.70981,607.7401,1,0
919,2019/11/19 17:45:31.334,115.5009,-10.75399,607.3069,1,0
920,2019/11/19 17:45:31.420,115.4055,-10.51625,607.3016,1,0
921,2019/11/19 17:45:31.656,115.0494,-10.2985,607.3943,1,0
922,2019/11/19 17:45:31.690,114.2935,-10.60926,607.5967,1,0
923,2019/11/19 17:45:31.728,110.9806,-20.10842,606.5367,1,0
924,2019/11/19 17:45:31.768,110.8702,-21.26811,606.6417,1,0
925,2019/11/19 17:45:31.799,111.0415,-22.68429,607.2733,1,0
926,2019/11/19 17:45:31.825,111.0415,-22.68429,607.2733,1,0
927,2019/11/19 17:45:31.872,111.273,-23.16918,608.2589,1,0
928,2019/11/19 17:45:31.916,111.387,-23.39747,608.497,1,0
929,2019/11/19 17:45:31.948,111.5319,-23.48965,608.5469,1,0
930,2019/11/19 17:45:31.997,111.9933,-23.54181,607.9374,1,0
931,2019/11/19 17:45:32.28,112.513,-23.92449,607.5751,1,0
932,2019/11/19 17:45:32.76,112.9772,-24.48607,607.3236,1,0
933,2019/11/19 17:45:32.140,113.4965,-24.84915,607.5833,1,0
934,2019/11/19 17:45:32.179,113.6864,-24.07074,607.8223,1,0
935,2019/11/19 17:45:32.212,113.4443,-22.47573,607.9682,1,0
936,2019/11/19 17:45:32.262,113.1138,-21.52152,607.8975,1,0
937,2019/11/19 17:45:32.295,112.7671,-20.64281,607.991,1,0
938,2019/11/19 17:45:32.338,112.3927,-20.11678,607.5619,1,0
939,2019/11/19 17:45:32.383,112.4236,-19.9754,607.9108,1,0
940,2019/11/19 17:45:32.420,112.6118,-20.14903,607.8,1,0
941,2019/11/19 17:45:32.451,113.7207,-20.68532,608.3619,1,0
942,2019/11/19 17:45:32.497,114.5072,-20.84997,608.5188,1,0
943,2019/11/19 17:45:32.539,114.9528,-20.95945,608.3202,1,0
944,2019/11/19 17:45:32.578,115.4055,-21.03769,608.7338,1,0
945,2019/11/19 17:45:32.631,115.8462,-20.76478,608.8593,1,0
946,2019/11/19 17:45:32.672,116.6548,-19.23811,609.2941,1,0
947,2019/11/19 17:45:32.711,117.3472,-18.08692,608.8613,1,0
948,2019/11/19 17:45:32.769,117.6344,-17.98144,608.7714,1,0
949,2019/11/19 17:45:32.813,117.892,-17.87677,608.8766,1,0
950,2019/11/19 17:45:32.850,118.239,-17.77877,609.0706,1,0
951,2019/11/19 17:45:32.897,118.5388,-18.04455,608.498,1,0
952,2019/11/19 17:45:32.927,118.709,-18.57874,608.6048,1,0
953,2019/11/19 17:45:32.970,118.5993,-19.1776,607.7653,1,0
954,2019/11/19 17:45:33.13,118.6441,-19.89208,607.7808,1,0
955,2019/11/19 17:45:33.46,118.7767,-20.56182,608.144,1,0
956,2019/11/19 17:45:33.75,118.7217,-21.28783,608.2667,1,0
957,2019/11/19 17:45:33.121,118.9489,-21.26874,608.4811,1,0
958,2019/11/19 17:45:33.150,119.0221,-21.12098,608.6091,1,0
959,2019/11/19 17:45:33.195,119.1825,-21.1706,608.92,1,0
960,2019/11/19 17:45:33.237,119.5233,-21.32527,609.4889,1,0
961,2019/11/19 17:45:33.271,119.8474,-21.48978,610.0607,1,0
962,2019/11/19 17:45:33.300,120.399,-21.41003,610.8633,1,0
963,2019/11/19 17:45:33.343,120.6436,-21.14094,611.1786,1,0
964,2019/11/19 17:45:33.375,120.8048,-20.94585,611.3662,1,0
965,2019/11/19 17:45:33.420,120.7472,-20.95052,611.2842,1,0
966,2019/11/19 17:45:33.461,120.6449,-21.33695,611.1389,1,0
967,2019/11/19 17:45:33.493,120.6759,-21.90671,611.1046,1,0
968,2019/11/19 17:45:33.512,120.6759,-21.90671,611.1046,1,0
969,2019/11/19 17:45:33.547,120.7423,-22.91473,611.2797,1,0
970,2019/11/19 17:45:33.590,121.1942,-23.12375,612.25,1,0
971,2019/11/19 17:45:33.634,121.3529,-22.35364,613.0035,1,0
972,2019/11/19 17:45:33.663,121.1292,-21.27923,613.0797,1,0
973,2019/11/19 17:45:33.710,120.573,-20.2811,613.4003,1,0
974,2019/11/19 17:45:33.741,119.9575,-19.26962,613.3969,1,0
975,2019/11/19 17:45:33.775,118.7288,-17.36171,613.3598,1,0
976,2019/11/19 17:45:33.821,118.2175,-16.549,613.2698,1,0
977,2019/11/19 17:45:33.862,118.0752,-16.14008,613.248,1,0
978,2019/11/19 17:45:33.891,118.0904,-15.85273,612.8539,1,0
979,2019/11/19 17:45:33.937,118.2928,-15.89533,612.4605,1,0
980,2019/11/19 17:45:33.967,118.9156,-16.06909,613.0636,1,0
981,2019/11/19 17:45:33.998,119.1499,-16.00457,612.9741,1,0
982,2019/11/19 17:45:34.40,119.2219,-15.87493,612.9727,1,0
983,2019/11/19 17:45:34.79,119.4134,-15.51346,613.593,1,0
984,2019/11/19 17:45:34.108,119.3978,-15.29225,613.4529,1,0
985,2019/11/19 17:45:34.155,119.272,-15.15992,613.1328,1,0
986,2019/11/19 17:45:34.186,119.1683,-15.4789,612.9825,1,0
987,2019/11/19 17:45:34.219,119.2338,-16.2977,612.9615,1,0
988,2019/11/19 17:45:34.260,119.4364,-17.04845,612.9101,1,0
989,2019/11/19 17:45:34.303,119.7029,-17.64444,613.1232,1,0
990,2019/11/19 17:45:34.331,120.1023,-17.77367,613.6628,1,0
991,2019/11/19 17:45:34.377,120.4829,-17.68001,613.9797,1,0
992,2019/11/19 17:45:34.410,120.8306,-17.42205,614.5062,1,0
993,2019/11/19 17:45:34.445,121.0152,-17.09221,614.7706,1,0
994,2019/11/19 17:45:34.486,121.0405,-16.80492,614.6358,1,0
995,2019/11/19 17:45:34.526,121.0192,-16.71803,614.3805,1,0
996,2019/11/19 17:45:34.559,121.0999,-16.87125,614.3885,1,0
997,2019/11/19 17:45:34.604,121.3292,-17.08723,614.569,1,0
998,2019/11/19 17:45:34.636,121.5555,-17.19247,614.2299,1,0
999,2019/11/19 17:45:34.672,122.1134,-17.23711,614.4193,1,0
1000,2019/11/19 17:45:34.716,122.3168,-17.24176,614.582,1,0
1001,2019/11/19 17:45:34.757,122.4309,-17.20743,614.9169,1,0
1002,2019/11/19 17:45:34.786,122.5117,-16.84632,615.3409,1,0
1003,2019/11/19 17:45:34.833,122.4939,-16.2021,615.845,1,0
1004,2019/11/19 17:45:34.861,122.1869,-14.78322,615.911,1,0
1005,2019/11/19 17:45:34.895,121.9365,-13.97368,616.3596,1,0
1006,2019/11/19 17:45:34.937,121.6832,-13.35546,616.4012,1,0
1007,2019/11/19 17:45:34.986,121.3568,-12.6574,616.3905,1,0
1008,2019/11/19 17:45:35.15,121.1648,-11.91862,616.8522,1,0
1009,2019/11/19 17:45:35.60,120.9269,-11.44058,616.8519,1,0
1010,2019/11/19 17:45:35.91,120.6405,-11.26463,617.0687,1,0
1011,2019/11/19 17:45:35.121,120.5319,-11.0339,617.5233,1,0
1012,2019/11/19 17:45:35.141,120.5319,-11.0339,617.5233,1,0
1013,2019/11/19 17:45:35.196,120.2302,-9.911567,618.3633,1,0
1014,2019/11/19 17:45:35.230,120.039,-8.882411,619.0143,1,0
1015,2019/11/19 17:45:35.263,119.7461,-7.839179,619.1392,1,0
1016,2019/11/19 17:45:35.310,119.0598,-6.299638,619.1475,1,0
1017,2019/11/19 17:45:35.340,118.6178,-5.560714,618.6178,1,0
1018,2019/11/19 17:45:35.374,118.4171,-5.276844,618.0844,1,0
1019,2019/11/19 17:45:35.427,118.4884,-5.332757,617.6469,1,0
1020,2019/11/19 17:45:35.462,118.6637,-5.392089,617.2825,1,0
1021,2019/11/19 17:45:35.494,118.9253,-5.297827,616.9145,1,0
1022,2019/11/19 17:45:35.539,119.4884,-5.093972,617.098,1,0
1023,2019/11/19 17:45:35.568,119.7244,-4.709389,617.1063,1,0
1024,2019/11/19 17:45:35.600,119.8242,-4.260084,617.5118,1,0
1025,2019/11/19 17:45:35.650,119.8404,-3.896109,617.9373,1,0
1026,2019/11/19 17:45:35.684,119.9156,-3.651285,618.1151,1,0
1027,2019/11/19 17:45:35.716,120.0408,-3.516267,618.5298,1,0
1028,2019/11/19 17:45:35.763,120.16,-3.317821,619.1486,1,0
1029,2019/11/19 17:45:35.795,120.2668,-2.603832,619.4659,1,0
1030,2019/11/19 17:45:35.827,120.3605,-2.276938,619.3494,1,0
1031,2019/11/19 17:45:35.855,120.3605,-2.276938,619.3494,1,0
1032,2019/11/19 17:45:35.902,120.354,-2.262694,619.0322,1,0
1033,2019/11/19 17:45:35.933,120.4907,-2.242077,618.8386,1,0
1034,2019/11/19 17:45:35.964,120.4641,-2.458395,617.9833,1,0
1035,2019/11/19 17:45:36.7,120.4866,-2.644819,617.7666,1,0
1036,2019/11/19 17:45:36.40,120.4525,-2.864278,617.4955,1,0
1037,2019/11/19 17:45:36.79,120.4597,-3.360656,616.9088,1,0
1038,2019/11/19 17:45:36.124,120.5443,-3.941643,616.8408,1,0
1039,2019/11/19 17:45:36.155,120.4912,-4.436864,616.4045,1,0
1040,2019/11/19 17:45:36.189,120.7826,-5.770495,616.2401,1,0
1041,2019/11/19 17:45:36.231,120.989,-6.528395,615.9507,1,0
1042,2019/11/19 17:45:36.264,121.2747,-7.184858,616.0952,1,0
1043,2019/11/19 17:45:36.305,121.6013,-7.524766,616.8077,1,0
1044,2019/11/19 17:45:36.350,121.6825,-7.671326,616.996,1,0
1045,2019/11/19 17:45:36.380,121.5975,-7.863525,617.0164,1,0
1046,2019/11/19 17:45:36.412,121.6156,-7.861547,617.2097,1,0
1047,2019/11/19 17:45:36.457,121.6417,-7.72447,617.3113,1,0
1048,2019/11/19 17:45:36.494,121.7245,-7.584536,617.3036,1,0
1049,2019/11/19 17:45:36.532,122.0777,-7.427247,617.6741,1,0
1050,2019/11/19 17:45:36.576,122.2342,-7.43469,618.0237,1,0
1051,2019/11/19 17:45:36.610,122.3263,-7.652189,618.4418,1,0
1052,2019/11/19 17:45:36.654,122.4526,-7.603603,619.0533,1,0
1053,2019/11/19 17:45:36.696,122.154,-6.189285,620.4725,1,0
1054,2019/11/19 17:45:36.739,121.7191,-5.348577,620.9655,1,0
1055,2019/11/19 17:45:36.768,121.1618,-4.707851,620.7379,1,0
1056,2019/11/19 17:45:36.815,120.9068,-4.167226,620.9552,1,0
1057,2019/11/19 17:45:36.847,120.6261,-3.748652,620.9338,1,0
1058,2019/11/19 17:45:36.881,120.4637,-3.407588,621.4225,1,0
1059,2019/11/19 17:45:36.925,120.2783,-3.125882,621.2151,1,0
1060,2019/11/19 17:45:36.970,120.1889,-3.078309,620.848,1,0
1061,2019/11/19 17:45:37.1,120.9463,-3.727629,620.6107,1,0
1062,2019/11/19 17:45:37.49,121.6256,-3.979734,620.5801,1,0
1063,2019/11/19 17:45:37.82,122.2602,-4.120689,620.6252,1,0
1064,2019/11/19 17:45:37.118,123.59,-4.135217,620.1881,1,0
1065,2019/11/19 17:45:37.161,124.3536,-4.354621,620.7315,1,0
1066,2019/11/19 17:45:37.207,124.5691,-4.669916,620.1411,1,0
1067,2019/11/19 17:45:37.243,124.7905,-5.090435,620.0599,1,0
1068,2019/11/19 17:45:37.300,125.1757,-5.492879,620.6062,1,0
1069,2019/11/19 17:45:37.376,125.2365,-5.675746,620.9297,1,0
1070,2019/11/19 17:45:37.422,125.2981,-6.680328,621.0929,1,0
1071,2019/11/19 17:45:37.468,126.2758,-8.151249,621.019,1,0
1072,2019/11/19 17:45:37.515,126.9636,-8.732309,620.957,1,0
1073,2019/11/19 17:45:37.564,127.3286,-9.064169,619.9608,1,0
1074,2019/11/19 17:45:37.643,127.534,-9.619801,619.253,1,0
1075,2019/11/19 17:45:37.702,128.2643,-10.86166,618.7229,1,0
1076,2019/11/19 17:45:37.754,128.934,-12.07694,618.8917,1,0
1077,2019/11/19 17:45:37.830,129.5244,-12.29869,620.0447,1,0
1078,2019/11/19 17:45:37.889,129.4798,-12.03454,620.0474,1,0
1079,2019/11/19 17:45:37.960,128.856,-11.22802,619.0363,1,0
1080,2019/11/19 17:45:38.37,128.535,-11.17323,618.7194,1,0
1081,2019/11/19 17:45:38.92,128.2379,-11.35085,618.849,1,0
1082,2019/11/19 17:45:38.160,128.7277,-12.24858,618.9756,1,0
1083,2019/11/19 17:45:38.236,129.0061,-12.95063,618.8439,1,0
1084,2019/11/19 17:45:38.289,129.8655,-13.88669,618.8363,1,0
1085,2019/11/19 17:45:38.341,130.5416,-14.24992,618.2793,1,0
1086,2019/11/19 17:45:38.424,130.5234,-14.4023,616.9799,1,0
1087,2019/11/19 17:45:38.475,130.5155,-14.88141,616.6925,1,0
1088,2019/11/19 17:45:38.528,130.5327,-15.65209,616.6179,1,0
1089,2019/11/19 17:45:38.596,130.8401,-15.99023,616.6729,1,0
1090,2019/11/19 17:45:38.663,131.1151,-16.92774,616.9363,1,0
1091,2019/11/19 17:45:38.713,131.6264,-18.04043,617.0927,1,0
1092,2019/11/19 17:45:38.780,131.9373,-18.43731,617.2762,1,0
1093,2019/11/19 17:45:38.827,132.5481,-18.63205,617.4042,1,0
1094,2019/11/19 17:45:38.882,132.8812,-17.93607,616.9805,1,0
1095,2019/11/19 17:45:38.949,133.0467,-17.48185,616.1435,1,0
1096,2019/11/19 17:45:38.994,133.4146,-16.8736,615.8656,1,0
1097,2019/11/19 17:45:39.35,133.3467,-16.73773,615.9415,1,0
1098,2019/11/19 17:45:39.111,133.0799,-16.97628,615.2923,1,0
1099,2019/11/19 17:45:39.158,133.102,-17.40767,614.7488,1,0
1100,2019/11/19 17:45:39.200,133.5811,-18.20053,614.7661,1,0
1101,2019/11/19 17:45:39.269,134.7463,-18.54857,614.6334,1,0
1102,2019/11/19 17:45:39.330,135.55,-18.80731,614.7455,1,0
1103,2019/11/19 17:45:39.380,137.0001,-18.85313,615.1752,1,0
1104,2019/11/19 17:45:39.447,137.5489,-18.31209,615.1349,1,0
1105,2019/11/19 17:45:39.498,137.3951,-17.70122,614.8278,1,0
1106,2019/11/19 17:45:39.563,137.1991,-17.62274,614.5385,1,0
1107,2019/11/19 17:45:39.635,136.8908,-18.16974,614.0203,1,0
1108,2019/11/19 17:45:39.687,137.4507,-19.70478,613.9042,1,0
1109,2019/11/19 17:45:39.739,138.3124,-21.3283,613.9786,1,0
1110,2019/11/19 17:45:39.821,138.5631,-22.05635,613.7627,1,0
1111,2019/11/19 17:45:39.880,138.4939,-22.4541,613.457,1,0
1112,2019/11/19 17:45:39.935,138.7948,-24.56202,613.2916,1,0
1113,2019/11/19 17:45:40.5,138.7892,-25.58512,613.2482,1,0
1114,2019/11/19 17:45:40.69,138.5909,-27.46321,613.1316,1,0
1115,2019/11/19 17:45:40.122,138.3116,-29.3159,612.3617,1,0
1116,2019/11/19 17:45:40.194,137.7802,-29.99362,611.7893,1,0
1117,2019/11/19 17:45:40.245,137.0914,-30.27373,611.3435,1,0
1118,2019/11/19 17:45:40.311,136.9106,-30.80305,612.5024,1,0
1119,2019/11/19 17:45:40.385,136.6094,-31.58459,613.3865,1,0
1120,2019/11/19 17:45:40.437,136.4562,-32.00692,613.8751,1,0
1121,2019/11/19 17:45:40.490,136.8877,-33.6218,613.5806,1,0
1122,2019/11/19 17:45:40.576,137.2496,-34.48516,613.5584,1,0
1123,2019/11/19 17:45:40.627,138.0275,-34.90429,613.8182,1,0
1124,2019/11/19 17:45:40.681,138.4984,-33.72289,614.1847,1,0
1125,2019/11/19 17:45:40.751,138.2319,-32.00673,614.532,1,0
1126,2019/11/19 17:45:40.817,138.0886,-29.74714,614.5046,1,0
1127,2019/11/19 17:45:40.875,137.9083,-28.33283,614.5621,1,0
1128,2019/11/19 17:45:40.948,137.6194,-28.09349,614.1924,1,0
1129,2019/11/19 17:45:41.1,137.2221,-27.51156,614.5506,1,0
1130,2019/11/19 17:45:41.63,137.038,-27.53006,614.6271,1,0
1131,2019/11/19 17:45:41.132,136.826,-27.18394,614.4644,1,0
1132,2019/11/19 17:45:41.184,135.881,-25.56454,614.2438,1,0
1133,2019/11/19 17:45:41.236,134.563,-24.06627,614.198,1,0
1134,2019/11/19 17:45:41.322,133.8117,-22.65146,614.2726,1,0
1135,2019/11/19 17:45:41.380,133.5505,-21.66483,614.5315,1,0
1136,2019/11/19 17:45:41.436,133.7894,-20.3478,614.877,1,0
1137,2019/11/19 17:45:41.519,134.6341,-20.64065,615.2573,1,0
1138,2019/11/19 17:45:41.575,135.0376,-20.95849,615.5272,1,0
1139,2019/11/19 17:45:41.628,135.8778,-21.92119,615.5829,1,0
1140,2019/11/19 17:45:41.698,136.4414,-22.65082,616.191,1,0
1141,2019/11/19 17:45:41.756,136.5488,-22.6219,616.2469,1,0
1142,2019/11/19 17:45:41.804,136.4247,-21.95798,616.5236,1,0
1143,2019/11/19 17:45:41.866,136.5343,-21.419,617.4189,1,0
1144,2019/11/19 17:45:41.914,135.9718,-20.13824,618.1312,1,0
1145,2019/11/19 17:45:41.969,135.3177,-18.87806,618.2811,1,0
1146,2019/11/19 17:45:42.35,135.1163,-18.40595,618.7078,1,0
1147,2019/11/19 17:45:42.81,134.8369,-18.00383,618.601,1,0
1148,2019/11/19 17:45:42.131,134.158,-18.35567,617.4883,1,0
1149,2019/11/19 17:45:42.209,133.8685,-18.97716,616.8757,1,0
1150,2019/11/19 17:45:42.269,133.5882,-19.53479,616.9554,1,0
1151,2019/11/19 17:45:42.317,132.0331,-19.77135,615.8822,1,0
1152,2019/11/19 17:45:42.386,127.819,-19.71922,614.2743,1,0
1153,2019/11/19 17:45:42.453,125.982,-20.02312,613.8135,1,0
1154,2019/11/19 17:45:42.503,123.6625,-20.66565,613.558,1,0
1155,2019/11/19 17:45:42.572,121.7894,-21.26523,612.6896,1,0
1156,2019/11/19 17:45:42.625,120.1268,-21.62548,611.4698,1,0
1157,2019/11/19 17:45:42.693,119.0513,-21.64782,610.9519,1,0
1158,2019/11/19 17:45:42.767,115.9652,-21.37877,609.3973,1,0
1159,2019/11/19 17:45:42.819,114.1386,-21.43299,608.623,1,0
1160,2019/11/19 17:45:42.879,114.2049,-22.35115,608.1794,1,0
1161,2019/11/19 17:45:42.966,114.7942,-23.19457,608.2708,1,0
1162,2019/11/19 17:45:43.19,115.7431,-24.77117,608.0901,1,0
1163,2019/11/19 17:45:43.65,116.3639,-25.1042,608.015,1,0
1164,2019/11/19 17:45:43.127,116.1874,-25.20343,607.3751,1,0
1165,2019/11/19 17:45:43.195,116.3908,-25.28669,607.3,1,0
1166,2019/11/19 17:45:43.242,116.7007,-25.80553,607.8566,1,0
1167,2019/11/19 17:45:43.301,116.9916,-25.76004,608.6448,1,0
1168,2019/11/19 17:45:43.349,117.2507,-25.15753,608.4365,1,0
1169,2019/11/19 17:45:43.406,117.8106,-25.85172,607.6698,1,0
1170,2019/11/19 17:45:43.474,118.3767,-26.30438,607.351,1,0
1171,2019/11/19 17:45:43.523,118.9823,-26.40851,607.7206,1,0
1172,2019/11/19 17:45:43.578,118.9054,-25.57255,608.3028,1,0
1173,2019/11/19 17:45:43.656,118.7003,-25.36252,608.4338,1,0
1174,2019/11/19 17:45:43.705,118.4188,-24.71557,609.511,1,0
1175,2019/11/19 17:45:43.755,118.7578,-23.60326,611.0549,1,0
1176,2019/11/19 17:45:43.821,118.9261,-22.5997,611.6323,1,0
1177,2019/11/19 17:45:43.878,119.057,-22.36527,612.0762,1,0
1178,2019/11/19 17:45:43.912,119.057,-22.36527,612.0762,1,0
1179,2019/11/19 17:45:43.954,119.0384,-22.57352,613.2469,1,0
1180,2019/11/19 17:45:44.18,118.8989,-21.80852,614.3331,1,0
1181,2019/11/19 17:45:44.70,118.6096,-20.83508,614.6636,1,0
1182,2019/11/19 17:45:44.132,117.5175,-18.68298,615.2198,1,0
1183,2019/11/19 17:45:44.202,116.5442,-18.37827,614.7711,1,0
1184,2019/11/19 17:45:44.252,116.5018,-18.84141,614.645,1,0
1185,2019/11/19 17:45:44.300,117.2702,-20.07372,614.7154,1,0
1186,2019/11/19 17:45:44.376,117.8312,-20.43684,614.661,1,0
1187,2019/11/19 17:45:44.428,118.2527,-20.78157,614.6079,1,0
1188,2019/11/19 17:45:44.478,118.5507,-20.99133,615.0831,1,0
1189,2019/11/19 17:45:44.543,118.4868,-21.65906,614.0035,1,0
1190,2019/11/19 17:45:44.609,118.7503,-23.41132,613.5629,1,0
1191,2019/11/19 17:45:44.661,119.091,-24.98372,613.2041,1,0
1192,2019/11/19 17:45:44.739,119.683,-25.97002,612.3768,1,0
1193,2019/11/19 17:45:44.796,120.3163,-26.84758,611.5722,1,0
1194,2019/11/19 17:45:44.860,121.0647,-27.89549,611.4431,1,0
1195,2019/11/19 17:45:44.948,121.3538,-28.17422,611.5025,1,0
1196,2019/11/19 17:45:45.6,121.7592,-29.05406,611.4382,1,0
1197,2019/11/19 17:45:45.68,121.814,-30.78314,611.4476,1,0
1198,2019/11/19 17:45:45.140,121.5539,-30.66169,611.5804,1,0
1199,2019/11/19 17:45:45.190,121.2171,-29.97044,610.6978,1,0
1200,2019/11/19 17:45:45.239,120.9137,-29.24924,610.7288,1,0
1201,2019/11/19 17:45:45.319,120.7661,-29.25319,610.6329,1,0
1202,2019/11/19 17:45:45.369,120.8904,-29.3761,610.5789,1,0
1203,2019/11/19 17:45:45.420,121.1209,-30.00826,610.5482,1,0
1204,2019/11/19 17:45:45.486,121.6906,-30.92853,611.2593,1,0
1205,2019/11/19 17:45:45.544,121.7722,-30.89321,611.4902,1,0
1206,2019/11/19 17:45:45.591,121.1298,-31.37526,612.099,1,0
1207,2019/11/19 17:45:45.652,121.0443,-31.81599,612.3826,1,0
1208,2019/11/19 17:45:45.699,121.1336,-32.48673,613.3975,1,0
1209,2019/11/19 17:45:45.753,121.0739,-32.65826,613.9354,1,0
1210,2019/11/19 17:45:45.824,120.8164,-32.88528,614.5397,1,0
1211,2019/11/19 17:45:45.875,120.8623,-32.94994,614.3186,1,0
1212,2019/11/19 17:45:45.925,121.0485,-32.86359,614.4102,1,0
1213,2019/11/19 17:45:45.999,121.2432,-32.88742,613.4478,1,0
1214,2019/11/19 17:45:46.49,121.5664,-32.83871,613.3098,1,0
1215,2019/11/19 17:45:46.99,121.8871,-32.02094,612.7711,1,0
1216,2019/11/19 17:45:46.166,122.2914,-32.0069,612.5453,1,0
1217,2019/11/19 17:45:46.233,122.758,-32.36806,612.4079,1,0
1218,2019/11/19 17:45:46.284,123.5831,-33.19662,612.4899,1,0
1219,2019/11/19 17:45:46.356,123.7366,-33.22623,612.5883,1,0
1220,2019/11/19 17:45:46.409,123.5838,-33.02573,612.0869,1,0
1221,2019/11/19 17:45:46.477,123.6484,-32.55418,611.6009,1,0
1222,2019/11/19 17:45:46.552,123.4943,-32.21921,611.4553,1,0
1223,2019/11/19 17:45:46.603,124.025,-32.46334,610.8273,1,0
1224,2019/11/19 17:45:46.661,124.757,-33.13284,611.0931,1,0
1225,2019/11/19 17:45:46.748,124.9813,-33.00982,611.3747,1,0
1226,2019/11/19 17:45:46.799,125.0989,-32.04875,611.4994,1,0
1227,2019/11/19 17:45:46.853,125.1745,-30.59472,611.4734,1,0
1228,2019/11/19 17:45:46.922,125.4509,-29.62256,611.1866,1,0
1229,2019/11/19 17:45:46.992,126.0593,-29.48627,610.7355,1,0
1230,2019/11/19 17:45:47.47,126.6227,-29.56841,610.6285,1,0
1231,2019/11/19 17:45:47.119,126.8116,-29.89965,610.502,1,0
1232,2019/11/19 17:45:47.171,126.8634,-30.83235,610.6219,1,0
1233,2019/11/19 17:45:47.234,126.8791,-31.35618,610.915,1,0
1234,2019/11/19 17:45:47.303,126.7123,-31.2391,611.2874,1,0
1235,2019/11/19 17:45:47.351,126.8081,-31.53445,611.2153,1,0
1236,2019/11/19 17:45:47.393,127.2334,-31.76403,611.3188,1,0
1237,2019/11/19 17:45:47.485,127.2886,-30.62436,612.1724,1,0
1238,2019/11/19 17:45:47.546,127.0865,-29.59304,612.4878,1,0
1239,2019/11/19 17:45:47.598,126.6662,-28.23402,612.5637,1,0
1240,2019/11/19 17:45:47.683,126.6337,-27.39856,612.5856,1,0
1241,2019/11/19 17:45:47.737,127.2365,-26.78921,613.2595,1,0
1242,2019/11/19 17:45:47.791,126.6212,-26.54807,613.1423,1,0
1243,2019/11/19 17:45:47.860,125.9209,-26.11826,613.1807,1,0
1244,2019/11/19 17:45:47.926,124.9086,-25.72615,612.8467,1,0
1245,2019/11/19 17:45:47.979,124.5652,-26.34266,612.259,1,0
1246,2019/11/19 17:45:48.54,124.7346,-27.02379,612.3328,1,0
1247,2019/11/19 17:45:48.112,125.1321,-28.33353,613.1627,1,0
1248,2019/11/19 17:45:48.176,126.1637,-29.04206,613.9147,1,0
1249,2019/11/19 17:45:48.249,126.2427,-28.59637,613.2695,1,0
1250,2019/11/19 17:45:48.303,126.3521,-28.66401,612.7735,1,0
1251,2019/11/19 17:45:48.349,127.0664,-30.10144,611.9662,1,0
1252,2019/11/19 17:45:48.420,128.1155,-31.33662,611.6008,1,0
1253,2019/11/19 17:45:48.469,128.6561,-32.05534,611.4589,1,0
1254,2019/11/19 17:45:48.523,129.2112,-32.58315,611.6602,1,0
1255,2019/11/19 17:45:48.590,129.3486,-32.52142,611.669,1,0
1256,2019/11/19 17:45:48.649,129.055,-32.7755,610.8662,1,0
1257,2019/11/19 17:45:48.701,128.5163,-33.83606,610.3308,1,0
1258,2019/11/19 17:45:48.774,127.9152,-34.56474,609.929,1,0
1259,2019/11/19 17:45:48.821,127.2313,-35.52613,609.4058,1,0
1260,2019/11/19 17:45:48.874,127.2392,-35.53917,609.7739,1,0
1261,2019/11/19 17:45:48.941,127.7036,-34.1831,610.5804,1,0
1262,2019/11/19 17:45:48.995,127.8984,-33.71597,610.4594,1,0
1263,2019/11/19 17:45:49.43,128.1722,-32.67468,612.2365,1,0
1264,2019/11/19 17:45:49.118,127.8287,-32.12125,612.3008,1,0
1265,2019/11/19 17:45:49.171,127.3514,-31.99128,611.834,1,0
1266,2019/11/19 17:45:49.225,127.7761,-32.84676,611.5414,1,0
1267,2019/11/19 17:45:49.312,128.0523,-33.90687,611.5817,1,0
1268,2019/11/19 17:45:49.385,128.029,-34.49065,611.8525,1,0
1269,2019/11/19 17:45:49.445,128.2711,-36.11204,612.5841,1,0
1270,2019/11/19 17:45:49.530,128.4212,-37.03051,612.8152,1,0
1271,2019/11/19 17:45:49.604,129.6568,-39.49364,611.6597,1,0
1272,2019/11/19 17:45:49.660,130.8801,-41.50146,610.6807,1,0
1273,2019/11/19 17:45:49.741,131.0102,-42.54297,609.3812,1,0
1274,2019/11/19 17:45:49.821,131.1313,-43.77371,608.7925,1,0
1275,2019/11/19 17:45:49.872,131.3412,-44.41415,609.5305,1,0
1276,2019/11/19 17:45:49.958,131.8232,-44.70941,610.584,1,0
1277,2019/11/19 17:45:50.33,131.5146,-43.03429,610.7731,1,0
1278,2019/11/19 17:45:50.88,131.0663,-42.53131,609.6366,1,0
1279,2019/11/19 17:45:50.170,130.8632,-43.42422,608.9456,1,0
1280,2019/11/19 17:45:50.236,131.3803,-44.84221,608.8494,1,0
1281,2019/11/19 17:45:50.293,132.0633,-45.76129,608.953,1,0
1282,2019/11/19 17:45:50.370,132.6529,-45.31818,608.9207,1,0
1283,2019/11/19 17:45:50.442,132.7942,-44.0679,609.4722,1,0
1284,2019/11/19 17:45:50.500,132.6511,-43.44622,608.4153,1,0
1285,2019/11/19 17:45:50.589,133.3722,-43.38716,607.892,1,0
1286,2019/11/19 17:45:50.663,134.5053,-46.40026,605.9006,1,0
1287,2019/11/19 17:45:50.717,137.3787,-50.43532,606.322,1,0
1288,2019/11/19 17:45:50.791,140.4598,-52.48837,607.2945,1,0
1289,2019/11/19 17:45:50.861,141.6419,-51.49305,607.5532,1,0
1290,2019/11/19 17:45:50.916,142.566,-50.80886,607.8461,1,0
1291,2019/11/19 17:45:50.992,142.854,-50.35723,608.6296,1,0
1292,2019/11/19 17:45:51.71,142.8421,-49.52547,609.1049,1,0
1293,2019/11/19 17:45:51.126,142.6717,-49.09344,609.0763,1,0
1294,2019/11/19 17:45:51.223,142.3273,-48.69971,609.7321,1,0
1295,2019/11/19 17:45:51.259,141.4118,-48.26061,609.4482,1,0
1296,2019/11/19 17:45:51.284,141.4963,-49.30021,610.2019,1,0
1297,2019/11/19 17:45:51.323,141.4658,-49.29955,610.5043,1,0
1298,2019/11/19 17:45:51.349,141.6936,-48.60855,610.8233,1,0
1299,2019/11/19 17:45:51.381,141.6718,-47.75892,610.6367,1,0
1300,2019/11/19 17:45:51.417,141.7721,-46.90846,610.5751,1,0
1301,2019/11/19 17:45:51.444,141.9206,-45.83102,610.576,1,0
1302,2019/11/19 17:45:51.464,141.9206,-45.83102,610.576,1,0
1303,2019/11/19 17:45:51.496,141.5667,-44.69698,610.3207,1,0
1304,2019/11/19 17:45:51.545,141.3237,-43.52158,610.2406,1,0
1305,2019/11/19 17:45:51.577,140.6633,-42.65918,609.9578,1,0
1306,2019/11/19 17:45:51.609,140.0981,-42.35882,609.7312,1,0
1307,2019/11/19 17:45:51.650,139.9444,-42.41496,609.9777,1,0
1308,2019/11/19 17:45:51.699,139.6886,-42.6038,610.408,1,0
1309,2019/11/19 17:45:51.729,139.6886,-42.6038,610.408,1,0
1310,2019/11/19 17:45:51.780,138.9726,-42.86146,610.3137,1,0
1311,2019/11/19 17:45:51.856,137.5704,-41.81657,609.941,1,0
1312,2019/11/19 17:45:51.918,135.9056,-41.07982,609.3438,1,0
1313,2019/11/19 17:45:51.968,132.8142,-40.41491,607.9574,1,0
1314,2019/11/19 17:45:52.31,129.9003,-40.65007,607.0201,1,0
1315,2019/11/19 17:45:52.82,127.1297,-41.12793,606.2792,1,0
1316,2019/11/19 17:45:52.139,124.5208,-42.30501,605.1488,1,0
1317,2019/11/19 17:45:52.203,123.6874,-43.62591,604.7849,1,0
1318,2019/11/19 17:45:52.249,122.845,-46.19212,604.7924,1,0
1319,2019/11/19 17:45:52.292,122.6813,-47.47345,605.5145,1,0
1320,2019/11/19 17:45:52.370,122.7117,-48.02858,605.6294,1,0
1321,2019/11/19 17:45:52.414,123.1488,-49.12332,606.0311,1,0
1322,2019/11/19 17:45:52.462,123.669,-49.59943,606.4728,1,0
1323,2019/11/19 17:45:52.527,124.854,-50.73421,606.5484,1,0
1324,2019/11/19 17:45:52.594,126.064,-51.83881,606.4826,1,0
1325,2019/11/19 17:45:52.647,127.4267,-53.08312,606.7684,1,0
1326,2019/11/19 17:45:52.718,128.0863,-53.39037,607.1564,1,0
1327,2019/11/19 17:45:52.766,128.0816,-53.33315,607.8085,1,0
1328,2019/11/19 17:45:52.833,127.9158,-51.48752,608.9522,1,0
1329,2019/11/19 17:45:52.911,127.9921,-48.42403,609.1035,1,0
1330,2019/11/19 17:45:52.960,128.3712,-47.06393,609.0959,1,0
1331,2019/11/19 17:45:53.13,129.414,-45.50423,609.6176,1,0
1332,2019/11/19 17:45:53.101,129.3575,-45.17467,609.767,1,0
1333,2019/11/19 17:45:53.154,129.4731,-45.23748,609.8284,1,0
1334,2019/11/19 17:45:53.207,129.7422,-44.89522,609.5117,1,0
1335,2019/11/19 17:45:53.278,130.5574,-44.45601,609.5327,1,0
1336,2019/11/19 17:45:53.342,130.7676,-44.68468,609.8377,1,0
1337,2019/11/19 17:45:53.393,130.4521,-44.99814,609.8359,1,0
1338,2019/11/19 17:45:53.462,129.8143,-45.37318,609.4893,1,0
1339,2019/11/19 17:45:53.516,129.1874,-46.78205,607.9968,1,0
1340,2019/11/19 17:45:53.585,129.2457,-49.57009,607.1516,1,0
1341,2019/11/19 17:45:53.658,129.6415,-50.61372,607.1484,1,0
1342,2019/11/19 17:45:53.711,130.0736,-51.48922,607.4332,1,0
1343,2019/11/19 17:45:53.761,130.1356,-51.62457,607.4512,1,0
1344,2019/11/19 17:45:53.845,130.0205,-51.74546,607.3099,1,0
1345,2019/11/19 17:45:53.896,129.9173,-52.08407,607.0737,1,0
1346,2019/11/19 17:45:53.950,130.0251,-52.41909,606.9352,1,0
1347,2019/11/19 17:45:54.17,130.3837,-52.71575,606.9934,1,0
1348,2019/11/19 17:45:54.81,130.6381,-52.81081,607.7288,1,0
1349,2019/11/19 17:45:54.139,130.4524,-52.44556,608.4332,1,0
1350,2019/11/19 17:45:54.211,129.9449,-52.29725,608.4141,1,0
1351,2019/11/19 17:45:54.262,128.7916,-52.44209,607.9762,1,0
1352,2019/11/19 17:45:54.326,128.5341,-53.8353,606.6507,1,0
1353,2019/11/19 17:45:54.395,129.4895,-55.65788,606.1635,1,0
1354,2019/11/19 17:45:54.442,129.9381,-56.34637,606.1741,1,0
1355,2019/11/19 17:45:54.483,130.856,-54.42776,607.7783,1,0
1356,2019/11/19 17:45:54.560,130.8042,-52.71091,607.4906,1,0
1357,2019/11/19 17:45:54.611,130.7913,-50.19105,606.8317,1,0
1358,2019/11/19 17:45:54.658,130.8585,-50.58297,606.5552,1,0
1359,2019/11/19 17:45:54.718,131.2617,-51.29402,606.7032,1,0
1360,2019/11/19 17:45:54.777,131.5728,-52.20215,606.7665,1,0
1361,2019/11/19 17:45:54.827,131.2433,-52.85637,606.0445,1,0
1362,2019/11/19 17:45:54.904,131.1901,-53.20013,605.8445,1,0
1363,2019/11/19 17:45:54.956,131.2088,-52.74402,605.3302,1,0
1364,2019/11/19 17:45:55.17,131.5391,-51.6052,605.1271,1,0
1365,2019/11/19 17:45:55.88,132.0608,-52.06742,604.9774,1,0
1366,2019/11/19 17:45:55.145,132.5381,-53.47192,605.7267,1,0
1367,2019/11/19 17:45:55.196,132.5544,-54.41348,605.9828,1,0
1368,2019/11/19 17:45:55.279,132.497,-54.46706,606.2062,1,0
1369,2019/11/19 17:45:55.331,132.3702,-52.91952,605.9458,1,0
1370,2019/11/19 17:45:55.381,131.8888,-50.45635,605.9014,1,0
1371,2019/11/19 17:45:55.446,131.7918,-48.94228,606.1954,1,0
1372,2019/11/19 17:45:55.509,131.6392,-47.69699,606.6735,1,0
1373,2019/11/19 17:45:55.564,131.8812,-47.16014,607.4678,1,0
1374,2019/11/19 17:45:55.635,132.039,-46.7458,607.8172,1,0
1375,2019/11/19 17:45:55.688,132.4319,-45.42959,608.5303,1,0
1376,2019/11/19 17:45:55.753,132.3972,-43.39249,609.1107,1,0
1377,2019/11/19 17:45:55.822,132.3291,-42.69944,609.2006,1,0
1378,2019/11/19 17:45:55.876,132.3669,-42.84396,609.1487,1,0
1379,2019/11/19 17:45:55.922,132.28,-45.22264,608.1743,1,0
1380,2019/11/19 17:45:55.998,132.3217,-46.97221,607.9464,1,0
1381,2019/11/19 17:45:56.50,132.1614,-47.72416,607.8881,1,0
1382,2019/11/19 17:45:56.106,132.0899,-48.09101,608.723,1,0
1383,2019/11/19 17:45:56.185,131.9128,-47.7085,609.0909,1,0
1384,2019/11/19 17:45:56.252,131.7433,-47.25517,608.9844,1,0
1385,2019/11/19 17:45:56.302,131.3291,-46.66003,608.6331,1,0
1386,2019/11/19 17:45:56.376,131.2384,-46.60945,608.6245,1,0
1387,2019/11/19 17:45:56.420,131.2745,-45.31435,609.8521,1,0
1388,2019/11/19 17:45:56.477,131.0834,-43.94354,610.49,1,0
1389,2019/11/19 17:45:56.543,131.0275,-40.98801,611.5295,1,0
1390,2019/11/19 17:45:56.592,130.9321,-39.38802,611.5999,1,0
1391,2019/11/19 17:45:56.633,130.8586,-37.90295,611.9507,1,0
1392,2019/11/19 17:45:56.711,130.7198,-38.04433,611.1945,1,0
1393,2019/11/19 17:45:56.764,131.1075,-39.97441,610.8062,1,0
1394,2019/11/19 17:45:56.814,131.3543,-40.83803,610.7423,1,0
1395,2019/11/19 17:45:56.882,131.6115,-42.57694,610.2803,1,0
1396,2019/11/19 17:45:56.940,132.0239,-43.07693,610.5252,1,0
1397,2019/11/19 17:45:56.992,131.9893,-42.60103,610.4838,1,0
1398,2019/11/19 17:45:57.58,131.851,-42.24871,610.1395,1,0
1399,2019/11/19 17:45:57.111,132.504,-41.74361,609.9053,1,0
1400,2019/11/19 17:45:57.178,133.6548,-39.9678,610.8228,1,0
1401,2019/11/19 17:45:57.250,134.5004,-38.05955,610.2809,1,0
1402,2019/11/19 17:45:57.302,135.2119,-37.40146,610.3386,1,0
1403,2019/11/19 17:45:57.353,136.2939,-35.8587,610.6304,1,0
1404,2019/11/19 17:45:57.429,136.9045,-35.38239,611.0436,1,0
1405,2019/11/19 17:45:57.481,136.7779,-35.23222,611.2647,1,0
1406,2019/11/19 17:45:57.533,136.0097,-35.72389,611.9306,1,0
1407,2019/11/19 17:45:57.604,135.3095,-36.27989,612.1435,1,0
1408,2019/11/19 17:45:57.666,135.1062,-36.60014,612.1493,1,0
1409,2019/11/19 17:45:57.730,135.719,-36.42853,612.3,1,0
1410,2019/11/19 17:45:57.801,135.9708,-36.584,611.9802,1,0
1411,2019/11/19 17:45:57.851,136.2892,-37.64402,611.5713,1,0
1412,2019/11/19 17:45:57.915,136.6966,-38.6055,611.5891,1,0
1413,2019/11/19 17:45:57.985,136.7949,-38.46481,611.377,1,0
1414,2019/11/19 17:45:58.34,137.0002,-38.26805,611.7612,1,0
1415,2019/11/19 17:45:58.86,136.8899,-37.57613,613.7802,1,0
1416,2019/11/19 17:45:58.171,136.1149,-35.70759,615.309,1,0
1417,2019/11/19 17:45:58.227,135.5752,-34.8452,615.3002,1,0
1418,2019/11/19 17:45:58.279,134.6527,-33.81411,615.6285,1,0
1419,2019/11/19 17:45:58.349,134.3258,-33.9151,615.595,1,0
1420,2019/11/19 17:45:58.412,134.2671,-34.51512,614.8389,1,0
1421,2019/11/19 17:45:58.465,133.9161,-34.71577,614.4066,1,0
1422,2019/11/19 17:45:58.535,133.4679,-35.68482,613.1339,1,0
1423,2019/11/19 17:45:58.584,133.5924,-35.84829,613.0179,1,0
1424,2019/11/19 17:45:58.652,134.0379,-35.14338,613.229,1,0
1425,2019/11/19 17:45:58.730,134.1465,-34.82668,613.0764,1,0
1426,2019/11/19 17:45:58.781,134.3508,-34.86818,612.6283,1,0
1427,2019/11/19 17:45:58.834,134.7789,-36.75872,612.3348,1,0
1428,2019/11/19 17:45:58.917,135.3784,-38.98874,612.3871,1,0
1429,2019/11/19 17:45:58.973,135.8094,-40.80334,612.715,1,0
1430,2019/11/19 17:45:59.25,135.7491,-41.64084,613.1161,1,0
1431,2019/11/19 17:45:59.95,135.2642,-41.31678,613.6551,1,0
1432,2019/11/19 17:45:59.156,134.5436,-40.76131,612.6349,1,0
1433,2019/11/19 17:45:59.205,134.6526,-41.03562,613.0016,1,0
1434,2019/11/19 17:45:59.277,134.7223,-41.3657,613.5591,1,0
1435,2019/11/19 17:45:59.330,134.7154,-41.72796,613.8104,1,0
1436,2019/11/19 17:45:59.394,135.2515,-41.05771,614.8302,1,0
1437,2019/11/19 17:45:59.464,135.1564,-39.86699,614.6132,1,0
1438,2019/11/19 17:45:59.516,135.1813,-39.8233,614.3621,1,0
1439,2019/11/19 17:45:59.566,135.1275,-42.04186,613.397,1,0
1440,2019/11/19 17:45:59.649,135.3495,-43.03451,613.4579,1,0
1441,2019/11/19 17:45:59.701,135.6434,-43.75773,613.4944,1,0
1442,2019/11/19 17:45:59.754,135.9286,-43.66748,613.368,1,0
1443,2019/11/19 17:45:59.825,136.1704,-43.98214,613.1969,1,0
1444,2019/11/19 17:45:59.886,136.2042,-44.11852,613.296,1,0
1445,2019/11/19 17:45:59.936,135.972,-44.93614,613.3802,1,0
1446,2019/11/19 17:46:00.8,135.8693,-45.26339,613.3625,1,0
1447,2019/11/19 17:46:00.64,135.4264,-46.14073,612.7567,1,0
1448,2019/11/19 17:46:00.127,135.3524,-47.49106,612.6008,1,0
1449,2019/11/19 17:46:00.200,135.6922,-48.09317,612.6153,1,0
1450,2019/11/19 17:46:00.257,135.6368,-48.00424,612.9823,1,0
1451,2019/11/19 17:46:00.313,134.9763,-46.9045,614.0262,1,0
1452,2019/11/19 17:46:00.395,134.6336,-46.30584,614.2832,1,0
1453,2019/11/19 17:46:00.445,134.3315,-45.82184,614.5592,1,0
1454,2019/11/19 17:46:00.496,134.2293,-46.19928,614.3121,1,0
1455,2019/11/19 17:46:00.561,134.9931,-48.24027,614.5121,1,0
1456,2019/11/19 17:46:00.617,135.8105,-49.45268,615.1497,1,0
1457,2019/11/19 17:46:00.667,136.3523,-48.814,615.7313,1,0
1458,2019/11/19 17:46:00.724,136.4053,-48.74786,616.1127,1,0
1459,2019/11/19 17:46:00.774,135.7713,-47.93531,617.3706,1,0
1460,2019/11/19 17:46:00.827,134.6224,-46.37661,617.3068,1,0
1461,2019/11/19 17:46:00.891,134.5921,-45.95377,617.2985,1,0
1462,2019/11/19 17:46:00.937,134.6262,-46.00648,616.2028,1,0
1463,2019/11/19 17:46:00.982,134.599,-46.30284,615.4979,1,0
1464,2019/11/19 17:46:01.69,134.9409,-47.51366,614.2126,1,0
1465,2019/11/19 17:46:01.113,135.038,-48.2939,613.3049,1,0
1466,2019/11/19 17:46:01.156,135.6922,-51.3184,611.7964,1,0
1467,2019/11/19 17:46:01.223,135.9658,-52.10432,611.5843,1,0
1468,2019/11/19 17:46:01.290,136.401,-52.46169,611.7324,1,0
1469,2019/11/19 17:46:01.341,136.0035,-51.79711,611.084,1,0
1470,2019/11/19 17:46:01.411,135.7579,-51.51531,611.0129,1,0
1471,2019/11/19 17:46:01.462,135.6173,-51.82903,610.1338,1,0
1472,2019/11/19 17:46:01.524,135.6807,-52.81157,610.1716,1,0
1473,2019/11/19 17:46:01.597,135.3871,-54.55365,609.3602,1,0
1474,2019/11/19 17:46:01.650,135.6044,-55.21693,609.2467,1,0
1475,2019/11/19 17:46:01.703,136.0027,-55.3269,609.3199,1,0
1476,2019/11/19 17:46:01.793,135.9566,-54.93528,608.8445,1,0
1477,2019/11/19 17:46:01.846,135.9285,-54.69025,608.7271,1,0
1478,2019/11/19 17:46:01.898,135.9574,-54.38398,608.7155,1,0
1479,2019/11/19 17:46:01.965,136.047,-54.27489,608.0574,1,0
1480,2019/11/19 17:46:02.31,136.5186,-54.81647,607.6271,1,0
1481,2019/11/19 17:46:02.81,137.0455,-56.05635,607.3931,1,0
1482,2019/11/19 17:46:02.148,137.5335,-57.70424,607.5407,1,0
1483,2019/11/19 17:46:02.201,138.2157,-59.1628,607.5699,1,0
1484,2019/11/19 17:46:02.269,138.667,-60.13078,607.9984,1,0
1485,2019/11/19 17:46:02.345,138.8186,-60.1519,607.8361,1,0
1486,2019/11/19 17:46:02.397,138.9303,-60.05355,607.4068,1,0
1487,2019/11/19 17:46:02.447,139.5709,-60.49481,606.6191,1,0
1488,2019/11/19 17:46:02.530,140.0201,-60.96338,606.6766,1,0
1489,2019/11/19 17:46:02.579,140.0794,-61.393,606.9898,1,0
1490,2019/11/19 17:46:02.631,140.3574,-61.75626,607.7373,1,0
1491,2019/11/19 17:46:02.700,140.4132,-60.89231,608.0247,1,0
1492,2019/11/19 17:46:02.763,140.595,-60.29358,608.1997,1,0
1493,2019/11/19 17:46:02.819,140.5851,-59.05321,607.8767,1,0
1494,2019/11/19 17:46:02.885,140.3929,-58.32614,607.5768,1,0
1495,2019/11/19 17:46:02.935,140.3165,-58.29733,607.3018,1,0
1496,2019/11/19 17:46:02.998,140.1483,-59.32723,606.8665,1,0
1497,2019/11/19 17:46:03.83,140.0135,-59.68291,606.5729,1,0
1498,2019/11/19 17:46:03.134,140.4004,-59.90672,606.4421,1,0
1499,2019/11/19 17:46:03.184,140.7397,-59.74142,606.4728,1,0
1500,2019/11/19 17:46:03.266,140.6028,-59.8102,606.6098,1,0
1501,2019/11/19 17:46:03.328,140.5835,-60.07312,606.9434,1,0
1502,2019/11/19 17:46:03.380,140.5899,-59.77321,607.6576,1,0
1503,2019/11/19 17:46:03.450,140.5466,-59.20243,608.2858,1,0
1504,2019/11/19 17:46:03.522,140.3848,-58.57132,608.8876,1,0
1505,2019/11/19 17:46:03.571,140.3281,-57.27252,609.5253,1,0
1506,2019/11/19 17:46:03.636,140.0742,-55.58321,609.1995,1,0
1507,2019/11/19 17:46:03.684,139.7911,-54.87566,609.2034,1,0
1508,2019/11/19 17:46:03.749,139.4744,-53.85433,608.821,1,0
1509,2019/11/19 17:46:03.822,139.4785,-52.45743,608.1379,1,0
1510,2019/11/19 17:46:03.875,139.2071,-51.50983,607.855,1,0
1511,2019/11/19 17:46:03.928,138.2432,-50.07032,606.1188,1,0
1512,2019/11/19 17:46:04.8,138.221,-50.83285,605.0167,1,0
1513,2019/11/19 17:46:04.57,138.5408,-51.53611,604.3956,1,0
1514,2019/11/19 17:46:04.109,138.9675,-53.34784,603.9364,1,0
1515,2019/11/19 17:46:04.179,139.8389,-55.06059,603.8518,1,0
1516,2019/11/19 17:46:04.243,140.2375,-55.71273,603.8135,1,0
1517,2019/11/19 17:46:04.293,140.2796,-56.53522,603.4662,1,0
1518,2019/11/19 17:46:04.365,140.1459,-57.24178,603.3987,1,0
1519,2019/11/19 17:46:04.417,140.0203,-58.78905,603.3779,1,0
1520,2019/11/19 17:46:04.482,140.0682,-60.88197,603.1844,1,0
1521,2019/11/19 17:46:04.553,140.7009,-63.21907,603.1866,1,0
1522,2019/11/19 17:46:04.604,141.0963,-64.50869,603.2123,1,0
1523,2019/11/19 17:46:04.655,141.6424,-66.41802,604.0535,1,0
1524,2019/11/19 17:46:04.737,141.545,-66.66752,604.845,1,0
1525,2019/11/19 17:46:04.795,141.1255,-65.85349,605.911,1,0
1526,2019/11/19 17:46:04.842,140.9093,-64.01044,606.9811,1,0
1527,2019/11/19 17:46:04.902,141.0334,-61.44035,607.2633,1,0
1528,2019/11/19 17:46:04.962,141.546,-60.09741,607.5665,1,0
1529,2019/11/19 17:46:05.7,141.9105,-59.8847,607.4965,1,0
1530,2019/11/19 17:46:05.70,142.1675,-60.84957,607.0878,1,0
1531,2019/11/19 17:46:05.128,141.5643,-62.08554,606.3058,1,0
1532,2019/11/19 17:46:05.189,140.0227,-62.95719,605.5762,1,0
1533,2019/11/19 17:46:05.254,139.323,-63.16733,604.6536,1,0
1534,2019/11/19 17:46:05.300,139.071,-63.15357,603.092,1,0
1535,2019/11/19 17:46:05.344,139.8259,-63.97557,601.2542,1,0
1536,2019/11/19 17:46:05.421,140.6504,-65.18295,600.7803,1,0
1537,2019/11/19 17:46:05.468,142.1711,-68.25382,600.6475,1,0
1538,2019/11/19 17:46:05.508,142.7655,-71.1052,600.6418,1,0
1539,2019/11/19 17:46:05.576,142.8061,-72.09246,600.9705,1,0
1540,2019/11/19 17:46:05.639,142.742,-73.49208,602.4206,1,0
1541,2019/11/19 17:46:05.688,142.2408,-75.22934,603.097,1,0
1542,2019/11/19 17:46:05.752,142.0902,-76.17296,603.4913,1,0
1543,2019/11/19 17:46:05.823,142.0959,-77.66778,604.3583,1,0
1544,2019/11/19 17:46:05.913,142.5627,-79.495,605.1918,1,0
1545,2019/11/19 17:46:05.983,143.2231,-81.5456,605.3448,1,0
1546,2019/11/19 17:46:06.33,144.1168,-82.75507,605.3811,1,0
1547,2019/11/19 17:46:06.98,145.8967,-86.75982,605.3306,1,0
1548,2019/11/19 17:46:06.166,145.8687,-89.47339,604.1486,1,0
1549,2019/11/19 17:46:06.218,145.9236,-91.54855,603.7466,1,0
1550,2019/11/19 17:46:06.271,147.7756,-98.0629,602.7442,1,0
1551,2019/11/19 17:46:06.355,148.6191,-100.8447,601.7244,1,0
1552,2019/11/19 17:46:06.411,151.6302,-108.1305,599.4723,1,0
1553,2019/11/19 17:46:06.464,154.8125,-116.5875,594.7001,1,0
1554,2019/11/19 17:46:06.533,158.6168,-123.6122,593.4263,1,0
1555,2019/11/19 17:46:06.599,161.2105,-125.6847,594.3017,1,0
1556,2019/11/19 17:46:06.651,159.2819,-124.0198,594.9724,1,0
1557,2019/11/19 17:46:06.719,158.7436,-123.7423,594.5875,1,0
1558,2019/11/19 17:46:06.769,159.7153,-124.4957,594.2479,1,0
1559,2019/11/19 17:46:06.832,160.0213,-124.5067,594.7138,1,0
1560,2019/11/19 17:46:06.906,158.1986,-122.5881,593.283,1,0
1561,2019/11/19 17:46:06.958,158.2322,-122.536,592.2892,1,0
1562,2019/11/19 17:46:07.11,160.0628,-124.2158,590.6772,1,0
1563,2019/11/19 17:46:07.96,160.6451,-124.4192,590.291,1,0
1564,2019/11/19 17:46:07.150,161.3494,-124.8247,590.2585,1,0
